insurer,lob,vehicle_type,policy_type,policy_term,coverage_level,coverage_name,claim_category,claim_trigger,frequency_band,severity_band,avg_claim_amount_inr,max_claim_amount_inr,deductible_applicable,depreciation_applicable,ncb_impact,renewal_impact,fraud_risk_level,loss_ratio_risk,mandatory_documents,common_denial_reasons,profitability_tag,claim_frequency,loss_ratio,pure_premium,risk_loading_factor,volatility_index,risk_zone,state,city,flood_risk_score,theft_risk_score,accident_density_score,avg_settlement_days,fast_track_eligible,cashless_ratio,document_deficiency_rate,repudiation_rate
ACKO,Motor,Private Car,Package,Annual,Base,Own Damage,Accident / Liability,Policy Defined Event,Medium,Medium,35000,300000,Yes,Yes,Yes,Medium,Low,Medium,Claim Form|FIR|Photos,Policy Breach,Balanced,0.15,0.9,5250.0,1.08,0.51,Urban,Gujarat,Ahmedabad,0.53,0.54,0.57,13,False,0.75,0.25,0.03
ACKO,Motor,Private Car,Package,Annual,Base,Third Party,Accident / Liability,Policy Defined Event,Medium,Medium,35000,300000,Yes,Yes,Yes,Medium,Low,Medium,Claim Form|FIR|Photos,Policy Breach,Balanced,0.15,0.9,5250.0,1.08,0.36,Urban,Gujarat,Mumbai,0.82,0.68,0.71,13,False,0.58,0.25,0.03
ACKO,Motor,Private Car,Package,Annual,Base,Personal Accident,Accident / Liability,Policy Defined Event,Medium,Medium,35000,300000,Yes,Yes,Yes,Medium,Low,Medium,Claim Form|FIR|Photos,Policy Breach,Balanced,0.15,0.9,5250.0,1.08,0.64,Rural,Maharashtra,Mumbai,0.38,0.47,0.82,9,False,0.69,0.25,0.03
ACKO,Motor,Private Car,Package,Annual,Addon,Zero Depreciation,Addon Claim,Addon Trigger,Low,High,60000,800000,Yes,No,Yes,Medium,Medium,High,Invoice|Survey Report,Addon Conditions Not Met,Loss Heavy,0.05,0.9,3000.0,1.08,0.62,Urban,Gujarat,Bangalore,0.84,0.61,0.57,9,False,0.72,0.25,0.08
ACKO,Motor,Private Car,Package,Annual,Addon,Engine Protect,Addon Claim,Addon Trigger,Low,High,60000,800000,Yes,No,Yes,Medium,Medium,High,Invoice|Survey Report,Addon Conditions Not Met,Loss Heavy,0.05,0.9,3000.0,1.08,0.25,Rural,Tamil Nadu,Mumbai,0.61,0.66,0.37,14,False,0.55,0.25,0.08
ACKO,Motor,Private Car,Package,Annual,Addon,Gearbox Protect,Addon Claim,Addon Trigger,Low,High,60000,800000,Yes,No,Yes,Medium,Medium,High,Invoice|Survey Report,Addon Conditions Not Met,Loss Heavy,0.05,0.9,3000.0,1.08,0.4,Urban,Karnataka,Ahmedabad,0.5,0.26,0.84,7,False,0.74,0.25,0.08
ACKO,Motor,Private Car,Package,Annual,Addon,Consumables,Addon Claim,Addon Trigger,Low,High,60000,800000,Yes,No,Yes,Medium,Medium,High,Invoice|Survey Report,Addon Conditions Not Met,Loss Heavy,0.05,0.9,3000.0,1.08,0.68,Urban,Delhi,Bangalore,0.63,0.47,0.51,8,False,0.65,0.25,0.08
ACKO,Motor,Private Car,Package,Annual,Addon,Tyre Protect,Addon Claim,Addon Trigger,Low,High,60000,800000,Yes,No,Yes,Medium,Medium,High,Invoice|Survey Report,Addon Conditions Not Met,Loss Heavy,0.05,0.9,3000.0,1.08,0.52,Rural,Gujarat,Ahmedabad,0.69,0.61,0.66,9,False,0.7,0.25,0.08
ACKO,Motor,Private Car,Package,Annual,Addon,Roadside Assistance,Addon Claim,Addon Trigger,Low,High,60000,800000,Yes,No,Yes,Medium,Medium,High,Invoice|Survey Report,Addon Conditions Not Met,Loss Heavy,0.05,0.9,3000.0,1.08,0.64,Urban,Tamil Nadu,Chennai,0.77,0.6,0.69,11,False,0.55,0.25,0.08
ACKO,Motor,Private Car,Package,Annual,Addon,NCB Protect,Addon Claim,Addon Trigger,Low,High,60000,800000,Yes,No,Yes,Medium,Medium,High,Invoice|Survey Report,Addon Conditions Not Met,Loss Heavy,0.05,0.9,3000.0,1.08,0.57,Urban,Karnataka,Bangalore,0.67,0.23,0.89,7,False,0.58,0.25,0.08
ACKO,Motor,Private Car,Package,Annual,Addon,Return to Invoice,Addon Claim,Addon Trigger,Low,High,60000,800000,Yes,No,Yes,Medium,Medium,High,Invoice|Survey Report,Addon Conditions Not Met,Loss Heavy,0.05,0.9,3000.0,1.08,0.31,Urban,Delhi,Bangalore,0.65,0.24,0.46,14,False,0.69,0.25,0.08
ACKO,Motor,Private Car,Package,Annual,Addon,Invoice Cover,Addon Claim,Addon Trigger,Low,High,60000,800000,Yes,No,Yes,Medium,Medium,High,Invoice|Survey Report,Addon Conditions Not Met,Loss Heavy,0.05,0.9,3000.0,1.08,0.51,Rural,Gujarat,Delhi,0.46,0.69,0.68,8,False,0.76,0.25,0.08
ACKO,Motor,Private Car,Package,Annual,Addon,PAYD Benefit,Addon Claim,Addon Trigger,Low,High,60000,800000,Yes,No,Yes,Medium,Medium,High,Invoice|Survey Report,Addon Conditions Not Met,Loss Heavy,0.05,0.9,3000.0,1.08,0.4,Metro,Gujarat,Ahmedabad,0.33,0.47,0.72,13,False,0.83,0.25,0.08
ACKO,Motor,Private Car,Package,Annual,Addon,EV Addon,Addon Claim,Addon Trigger,Low,High,60000,800000,Yes,No,Yes,Medium,Medium,High,Invoice|Survey Report,Addon Conditions Not Met,Loss Heavy,0.05,0.9,3000.0,1.08,0.55,Metro,Gujarat,Ahmedabad,0.77,0.26,0.75,7,False,0.51,0.25,0.08
ACKO,Motor,Private Car,Package,Annual,Addon,EMI Protector,Addon Claim,Addon Trigger,Low,High,60000,800000,Yes,No,Yes,Medium,Medium,High,Invoice|Survey Report,Addon Conditions Not Met,Loss Heavy,0.05,0.9,3000.0,1.08,0.31,Urban,Tamil Nadu,Chennai,0.68,0.56,0.35,14,False,0.59,0.25,0.08
ACKO,Motor,Private Car,Package,Annual,Addon,Loss of Use,Addon Claim,Addon Trigger,Low,High,60000,800000,Yes,No,Yes,Medium,Medium,High,Invoice|Survey Report,Addon Conditions Not Met,Loss Heavy,0.05,0.9,3000.0,1.08,0.53,Urban,Tamil Nadu,Bangalore,0.61,0.59,0.39,14,False,0.68,0.25,0.08
ACKO,Motor,Private Car,Package,Annual,Addon,Key Protect,Addon Claim,Addon Trigger,Low,High,60000,800000,Yes,No,Yes,Medium,Medium,High,Invoice|Survey Report,Addon Conditions Not Met,Loss Heavy,0.05,0.9,3000.0,1.08,0.61,Urban,Maharashtra,Mumbai,0.7,0.48,0.82,11,False,0.54,0.25,0.08
ACKO,Motor,Private Car,Package,Annual,Addon,Personal Belongings,Addon Claim,Addon Trigger,Low,High,60000,800000,Yes,No,Yes,Medium,Medium,High,Invoice|Survey Report,Addon Conditions Not Met,Loss Heavy,0.05,0.9,3000.0,1.08,0.64,Metro,Delhi,Bangalore,0.71,0.48,0.86,10,False,0.75,0.25,0.08
ACKO,Motor,Private Car,Bundled,Annual,Base,Own Damage,Accident / Liability,Policy Defined Event,Medium,Medium,35000,300000,Yes,Yes,Yes,Medium,Low,Medium,Claim Form|FIR|Photos,Policy Breach,Balanced,0.15,0.9,5250.0,1.08,0.34,Rural,Gujarat,Chennai,0.57,0.57,0.74,8,False,0.73,0.25,0.03
ACKO,Motor,Private Car,Bundled,Annual,Base,Third Party,Accident / Liability,Policy Defined Event,Medium,Medium,35000,300000,Yes,Yes,Yes,Medium,Low,Medium,Claim Form|FIR|Photos,Policy Breach,Balanced,0.15,0.9,5250.0,1.08,0.66,Urban,Tamil Nadu,Delhi,0.74,0.66,0.55,14,False,0.56,0.25,0.03
ACKO,Motor,Private Car,Bundled,Annual,Base,Personal Accident,Accident / Liability,Policy Defined Event,Medium,Medium,35000,300000,Yes,Yes,Yes,Medium,Low,Medium,Claim Form|FIR|Photos,Policy Breach,Balanced,0.15,0.9,5250.0,1.08,0.35,Metro,Delhi,Mumbai,0.35,0.37,0.75,11,False,0.52,0.25,0.03
ACKO,Motor,Private Car,Bundled,Annual,Addon,Zero Depreciation,Addon Claim,Addon Trigger,Low,High,60000,800000,Yes,No,Yes,Medium,Medium,High,Invoice|Survey Report,Addon Conditions Not Met,Loss Heavy,0.05,0.9,3000.0,1.08,0.39,Urban,Karnataka,Bangalore,0.61,0.37,0.79,8,False,0.75,0.25,0.08
ACKO,Motor,Private Car,Bundled,Annual,Addon,Engine Protect,Addon Claim,Addon Trigger,Low,High,60000,800000,Yes,No,Yes,Medium,Medium,High,Invoice|Survey Report,Addon Conditions Not Met,Loss Heavy,0.05,0.9,3000.0,1.08,0.46,Metro,Maharashtra,Bangalore,0.5,0.5,0.84,14,False,0.68,0.25,0.08
ACKO,Motor,Private Car,Bundled,Annual,Addon,Gearbox Protect,Addon Claim,Addon Trigger,Low,High,60000,800000,Yes,No,Yes,Medium,Medium,High,Invoice|Survey Report,Addon Conditions Not Met,Loss Heavy,0.05,0.9,3000.0,1.08,0.4,Metro,Gujarat,Ahmedabad,0.54,0.43,0.54,8,False,0.75,0.25,0.08
ACKO,Motor,Private Car,Bundled,Annual,Addon,Consumables,Addon Claim,Addon Trigger,Low,High,60000,800000,Yes,No,Yes,Medium,Medium,High,Invoice|Survey Report,Addon Conditions Not Met,Loss Heavy,0.05,0.9,3000.0,1.08,0.25,Urban,Karnataka,Bangalore,0.56,0.6,0.71,14,False,0.74,0.25,0.08
ACKO,Motor,Private Car,Bundled,Annual,Addon,Tyre Protect,Addon Claim,Addon Trigger,Low,High,60000,800000,Yes,No,Yes,Medium,Medium,High,Invoice|Survey Report,Addon Conditions Not Met,Loss Heavy,0.05,0.9,3000.0,1.08,0.68,Urban,Delhi,Ahmedabad,0.45,0.46,0.31,8,False,0.84,0.25,0.08
ACKO,Motor,Private Car,Bundled,Annual,Addon,Roadside Assistance,Addon Claim,Addon Trigger,Low,High,60000,800000,Yes,No,Yes,Medium,Medium,High,Invoice|Survey Report,Addon Conditions Not Met,Loss Heavy,0.05,0.9,3000.0,1.08,0.43,Metro,Delhi,Bangalore,0.73,0.61,0.66,9,False,0.79,0.25,0.08
ACKO,Motor,Private Car,Bundled,Annual,Addon,NCB Protect,Addon Claim,Addon Trigger,Low,High,60000,800000,Yes,No,Yes,Medium,Medium,High,Invoice|Survey Report,Addon Conditions Not Met,Loss Heavy,0.05,0.9,3000.0,1.08,0.43,Metro,Gujarat,Chennai,0.74,0.48,0.79,9,False,0.65,0.25,0.08
ACKO,Motor,Private Car,Bundled,Annual,Addon,Return to Invoice,Addon Claim,Addon Trigger,Low,High,60000,800000,Yes,No,Yes,Medium,Medium,High,Invoice|Survey Report,Addon Conditions Not Met,Loss Heavy,0.05,0.9,3000.0,1.08,0.2,Metro,Karnataka,Ahmedabad,0.32,0.41,0.88,8,False,0.65,0.25,0.08
ACKO,Motor,Private Car,Bundled,Annual,Addon,Invoice Cover,Addon Claim,Addon Trigger,Low,High,60000,800000,Yes,No,Yes,Medium,Medium,High,Invoice|Survey Report,Addon Conditions Not Met,Loss Heavy,0.05,0.9,3000.0,1.08,0.47,Metro,Delhi,Delhi,0.74,0.56,0.35,10,False,0.84,0.25,0.08
ACKO,Motor,Private Car,Bundled,Annual,Addon,PAYD Benefit,Addon Claim,Addon Trigger,Low,High,60000,800000,Yes,No,Yes,Medium,Medium,High,Invoice|Survey Report,Addon Conditions Not Met,Loss Heavy,0.05,0.9,3000.0,1.08,0.62,Metro,Tamil Nadu,Ahmedabad,0.81,0.75,0.5,12,False,0.79,0.25,0.08
ACKO,Motor,Private Car,Bundled,Annual,Addon,EV Addon,Addon Claim,Addon Trigger,Low,High,60000,800000,Yes,No,Yes,Medium,Medium,High,Invoice|Survey Report,Addon Conditions Not Met,Loss Heavy,0.05,0.9,3000.0,1.08,0.67,Rural,Gujarat,Delhi,0.5,0.47,0.66,12,False,0.83,0.25,0.08
ACKO,Motor,Private Car,Bundled,Annual,Addon,EMI Protector,Addon Claim,Addon Trigger,Low,High,60000,800000,Yes,No,Yes,Medium,Medium,High,Invoice|Survey Report,Addon Conditions Not Met,Loss Heavy,0.05,0.9,3000.0,1.08,0.42,Rural,Karnataka,Mumbai,0.87,0.29,0.75,9,False,0.76,0.25,0.08
ACKO,Motor,Private Car,Bundled,Annual,Addon,Loss of Use,Addon Claim,Addon Trigger,Low,High,60000,800000,Yes,No,Yes,Medium,Medium,High,Invoice|Survey Report,Addon Conditions Not Met,Loss Heavy,0.05,0.9,3000.0,1.08,0.53,Urban,Gujarat,Chennai,0.53,0.51,0.32,12,False,0.56,0.25,0.08
ACKO,Motor,Private Car,Bundled,Annual,Addon,Key Protect,Addon Claim,Addon Trigger,Low,High,60000,800000,Yes,No,Yes,Medium,Medium,High,Invoice|Survey Report,Addon Conditions Not Met,Loss Heavy,0.05,0.9,3000.0,1.08,0.27,Urban,Maharashtra,Chennai,0.36,0.71,0.51,7,False,0.57,0.25,0.08
ACKO,Motor,Private Car,Bundled,Annual,Addon,Personal Belongings,Addon Claim,Addon Trigger,Low,High,60000,800000,Yes,No,Yes,Medium,Medium,High,Invoice|Survey Report,Addon Conditions Not Met,Loss Heavy,0.05,0.9,3000.0,1.08,0.7,Rural,Maharashtra,Bangalore,0.71,0.26,0.49,9,False,0.76,0.25,0.08
ACKO,Motor,Private Car,Standalone Own Damage,Annual,Base,Own Damage,Accident / Liability,Policy Defined Event,Medium,Medium,35000,300000,Yes,Yes,Yes,Medium,Low,Medium,Claim Form|FIR|Photos,Policy Breach,Balanced,0.15,0.9,5250.0,1.08,0.45,Urban,Maharashtra,Mumbai,0.71,0.43,0.85,10,False,0.64,0.25,0.03
ACKO,Motor,Private Car,Standalone Own Damage,Annual,Base,Personal Accident,Accident / Liability,Policy Defined Event,Medium,Medium,35000,300000,Yes,Yes,Yes,Medium,Low,Medium,Claim Form|FIR|Photos,Policy Breach,Balanced,0.15,0.9,5250.0,1.08,0.22,Metro,Maharashtra,Chennai,0.75,0.47,0.37,12,False,0.79,0.25,0.03
ACKO,Motor,Private Car,Standalone Own Damage,Annual,Addon,Zero Depreciation,Addon Claim,Addon Trigger,Low,High,60000,800000,Yes,No,Yes,Medium,Medium,High,Invoice|Survey Report,Addon Conditions Not Met,Loss Heavy,0.05,0.9,3000.0,1.08,0.5,Rural,Tamil Nadu,Chennai,0.79,0.38,0.79,11,False,0.66,0.25,0.08
ACKO,Motor,Private Car,Standalone Own Damage,Annual,Addon,Engine Protect,Addon Claim,Addon Trigger,Low,High,60000,800000,Yes,No,Yes,Medium,Medium,High,Invoice|Survey Report,Addon Conditions Not Met,Loss Heavy,0.05,0.9,3000.0,1.08,0.29,Rural,Gujarat,Chennai,0.84,0.53,0.46,11,False,0.77,0.25,0.08
ACKO,Motor,Private Car,Standalone Own Damage,Annual,Addon,Gearbox Protect,Addon Claim,Addon Trigger,Low,High,60000,800000,Yes,No,Yes,Medium,Medium,High,Invoice|Survey Report,Addon Conditions Not Met,Loss Heavy,0.05,0.9,3000.0,1.08,0.25,Urban,Gujarat,Delhi,0.77,0.56,0.83,9,False,0.83,0.25,0.08
ACKO,Motor,Private Car,Standalone Own Damage,Annual,Addon,Consumables,Addon Claim,Addon Trigger,Low,High,60000,800000,Yes,No,Yes,Medium,Medium,High,Invoice|Survey Report,Addon Conditions Not Met,Loss Heavy,0.05,0.9,3000.0,1.08,0.66,Rural,Karnataka,Chennai,0.6,0.44,0.76,14,False,0.66,0.25,0.08
ACKO,Motor,Private Car,Standalone Own Damage,Annual,Addon,Tyre Protect,Addon Claim,Addon Trigger,Low,High,60000,800000,Yes,No,Yes,Medium,Medium,High,Invoice|Survey Report,Addon Conditions Not Met,Loss Heavy,0.05,0.9,3000.0,1.08,0.27,Urban,Delhi,Delhi,0.73,0.22,0.58,10,False,0.64,0.25,0.08
ACKO,Motor,Private Car,Standalone Own Damage,Annual,Addon,Roadside Assistance,Addon Claim,Addon Trigger,Low,High,60000,800000,Yes,No,Yes,Medium,Medium,High,Invoice|Survey Report,Addon Conditions Not Met,Loss Heavy,0.05,0.9,3000.0,1.08,0.55,Urban,Karnataka,Ahmedabad,0.81,0.5,0.78,12,False,0.72,0.25,0.08
ACKO,Motor,Private Car,Standalone Own Damage,Annual,Addon,NCB Protect,Addon Claim,Addon Trigger,Low,High,60000,800000,Yes,No,Yes,Medium,Medium,High,Invoice|Survey Report,Addon Conditions Not Met,Loss Heavy,0.05,0.9,3000.0,1.08,0.25,Urban,Delhi,Ahmedabad,0.54,0.56,0.61,8,False,0.55,0.25,0.08
ACKO,Motor,Private Car,Standalone Own Damage,Annual,Addon,Return to Invoice,Addon Claim,Addon Trigger,Low,High,60000,800000,Yes,No,Yes,Medium,Medium,High,Invoice|Survey Report,Addon Conditions Not Met,Loss Heavy,0.05,0.9,3000.0,1.08,0.58,Rural,Gujarat,Mumbai,0.62,0.47,0.76,12,False,0.51,0.25,0.08
ACKO,Motor,Private Car,Standalone Own Damage,Annual,Addon,Invoice Cover,Addon Claim,Addon Trigger,Low,High,60000,800000,Yes,No,Yes,Medium,Medium,High,Invoice|Survey Report,Addon Conditions Not Met,Loss Heavy,0.05,0.9,3000.0,1.08,0.57,Rural,Maharashtra,Bangalore,0.32,0.67,0.7,8,False,0.82,0.25,0.08
ACKO,Motor,Private Car,Standalone Own Damage,Annual,Addon,PAYD Benefit,Addon Claim,Addon Trigger,Low,High,60000,800000,Yes,No,Yes,Medium,Medium,High,Invoice|Survey Report,Addon Conditions Not Met,Loss Heavy,0.05,0.9,3000.0,1.08,0.47,Rural,Maharashtra,Bangalore,0.82,0.77,0.84,9,False,0.59,0.25,0.08
ACKO,Motor,Private Car,Standalone Own Damage,Annual,Addon,EV Addon,Addon Claim,Addon Trigger,Low,High,60000,800000,Yes,No,Yes,Medium,Medium,High,Invoice|Survey Report,Addon Conditions Not Met,Loss Heavy,0.05,0.9,3000.0,1.08,0.6,Metro,Delhi,Delhi,0.73,0.47,0.51,8,False,0.6,0.25,0.08
ACKO,Motor,Private Car,Standalone Own Damage,Annual,Addon,EMI Protector,Addon Claim,Addon Trigger,Low,High,60000,800000,Yes,No,Yes,Medium,Medium,High,Invoice|Survey Report,Addon Conditions Not Met,Loss Heavy,0.05,0.9,3000.0,1.08,0.29,Rural,Gujarat,Delhi,0.44,0.42,0.88,8,False,0.6,0.25,0.08
ACKO,Motor,Private Car,Standalone Own Damage,Annual,Addon,Loss of Use,Addon Claim,Addon Trigger,Low,High,60000,800000,Yes,No,Yes,Medium,Medium,High,Invoice|Survey Report,Addon Conditions Not Met,Loss Heavy,0.05,0.9,3000.0,1.08,0.43,Rural,Tamil Nadu,Ahmedabad,0.57,0.56,0.33,13,False,0.69,0.25,0.08
ACKO,Motor,Private Car,Standalone Own Damage,Annual,Addon,Key Protect,Addon Claim,Addon Trigger,Low,High,60000,800000,Yes,No,Yes,Medium,Medium,High,Invoice|Survey Report,Addon Conditions Not Met,Loss Heavy,0.05,0.9,3000.0,1.08,0.39,Metro,Delhi,Mumbai,0.72,0.79,0.4,10,False,0.8,0.25,0.08
ACKO,Motor,Private Car,Standalone Own Damage,Annual,Addon,Personal Belongings,Addon Claim,Addon Trigger,Low,High,60000,800000,Yes,No,Yes,Medium,Medium,High,Invoice|Survey Report,Addon Conditions Not Met,Loss Heavy,0.05,0.9,3000.0,1.08,0.48,Urban,Karnataka,Bangalore,0.71,0.23,0.65,10,False,0.71,0.25,0.08
ACKO,Motor,Private Car,Liability Only,Annual,Base,Third Party,Accident / Liability,Policy Defined Event,Medium,Medium,35000,300000,Yes,Yes,Yes,Medium,Low,Medium,Claim Form|FIR|Photos,Policy Breach,Balanced,0.15,0.9,5250.0,1.08,0.2,Rural,Tamil Nadu,Delhi,0.34,0.65,0.65,12,False,0.55,0.25,0.03
ACKO,Motor,Private Car,Liability Only,Annual,Base,Personal Accident,Accident / Liability,Policy Defined Event,Medium,Medium,35000,300000,Yes,Yes,Yes,Medium,Low,Medium,Claim Form|FIR|Photos,Policy Breach,Balanced,0.15,0.9,5250.0,1.08,0.28,Rural,Tamil Nadu,Chennai,0.63,0.56,0.39,8,False,0.61,0.25,0.03
ACKO,Motor,Private Car,Long Term Package,Annual,Base,Own Damage,Accident / Liability,Policy Defined Event,Medium,Medium,35000,300000,Yes,Yes,Yes,Medium,Low,Medium,Claim Form|FIR|Photos,Policy Breach,Balanced,0.15,0.9,5250.0,1.08,0.21,Rural,Maharashtra,Chennai,0.36,0.35,0.43,11,False,0.61,0.25,0.03
ACKO,Motor,Private Car,Long Term Package,Annual,Base,Third Party,Accident / Liability,Policy Defined Event,Medium,Medium,35000,300000,Yes,Yes,Yes,Medium,Low,Medium,Claim Form|FIR|Photos,Policy Breach,Balanced,0.15,0.9,5250.0,1.08,0.43,Urban,Maharashtra,Delhi,0.49,0.32,0.4,7,False,0.68,0.25,0.03
ACKO,Motor,Private Car,Long Term Package,Annual,Base,Personal Accident,Accident / Liability,Policy Defined Event,Medium,Medium,35000,300000,Yes,Yes,Yes,Medium,Low,Medium,Claim Form|FIR|Photos,Policy Breach,Balanced,0.15,0.9,5250.0,1.08,0.55,Urban,Karnataka,Mumbai,0.42,0.49,0.81,12,False,0.67,0.25,0.03
ACKO,Motor,Private Car,Long Term Package,Annual,Addon,Zero Depreciation,Addon Claim,Addon Trigger,Low,High,60000,800000,Yes,No,Yes,Medium,Medium,High,Invoice|Survey Report,Addon Conditions Not Met,Loss Heavy,0.05,0.9,3000.0,1.08,0.29,Urban,Maharashtra,Chennai,0.5,0.47,0.52,7,False,0.53,0.25,0.08
ACKO,Motor,Private Car,Long Term Package,Annual,Addon,Engine Protect,Addon Claim,Addon Trigger,Low,High,60000,800000,Yes,No,Yes,Medium,Medium,High,Invoice|Survey Report,Addon Conditions Not Met,Loss Heavy,0.05,0.9,3000.0,1.08,0.59,Urban,Maharashtra,Bangalore,0.59,0.8,0.49,8,False,0.73,0.25,0.08
ACKO,Motor,Private Car,Long Term Package,Annual,Addon,Gearbox Protect,Addon Claim,Addon Trigger,Low,High,60000,800000,Yes,No,Yes,Medium,Medium,High,Invoice|Survey Report,Addon Conditions Not Met,Loss Heavy,0.05,0.9,3000.0,1.08,0.47,Rural,Karnataka,Chennai,0.81,0.23,0.51,13,False,0.74,0.25,0.08
ACKO,Motor,Private Car,Long Term Package,Annual,Addon,Consumables,Addon Claim,Addon Trigger,Low,High,60000,800000,Yes,No,Yes,Medium,Medium,High,Invoice|Survey Report,Addon Conditions Not Met,Loss Heavy,0.05,0.9,3000.0,1.08,0.49,Urban,Maharashtra,Ahmedabad,0.75,0.79,0.42,13,False,0.78,0.25,0.08
ACKO,Motor,Private Car,Long Term Package,Annual,Addon,Tyre Protect,Addon Claim,Addon Trigger,Low,High,60000,800000,Yes,No,Yes,Medium,Medium,High,Invoice|Survey Report,Addon Conditions Not Met,Loss Heavy,0.05,0.9,3000.0,1.08,0.48,Rural,Tamil Nadu,Bangalore,0.47,0.6,0.71,13,False,0.56,0.25,0.08
ACKO,Motor,Private Car,Long Term Package,Annual,Addon,Roadside Assistance,Addon Claim,Addon Trigger,Low,High,60000,800000,Yes,No,Yes,Medium,Medium,High,Invoice|Survey Report,Addon Conditions Not Met,Loss Heavy,0.05,0.9,3000.0,1.08,0.22,Rural,Gujarat,Bangalore,0.49,0.67,0.37,7,False,0.52,0.25,0.08
ACKO,Motor,Private Car,Long Term Package,Annual,Addon,NCB Protect,Addon Claim,Addon Trigger,Low,High,60000,800000,Yes,No,Yes,Medium,Medium,High,Invoice|Survey Report,Addon Conditions Not Met,Loss Heavy,0.05,0.9,3000.0,1.08,0.22,Urban,Gujarat,Mumbai,0.68,0.54,0.62,10,False,0.76,0.25,0.08
ACKO,Motor,Private Car,Long Term Package,Annual,Addon,Return to Invoice,Addon Claim,Addon Trigger,Low,High,60000,800000,Yes,No,Yes,Medium,Medium,High,Invoice|Survey Report,Addon Conditions Not Met,Loss Heavy,0.05,0.9,3000.0,1.08,0.63,Metro,Gujarat,Delhi,0.34,0.46,0.5,12,False,0.64,0.25,0.08
ACKO,Motor,Private Car,Long Term Package,Annual,Addon,Invoice Cover,Addon Claim,Addon Trigger,Low,High,60000,800000,Yes,No,Yes,Medium,Medium,High,Invoice|Survey Report,Addon Conditions Not Met,Loss Heavy,0.05,0.9,3000.0,1.08,0.37,Urban,Maharashtra,Bangalore,0.72,0.58,0.8,13,False,0.67,0.25,0.08
ACKO,Motor,Private Car,Long Term Package,Annual,Addon,PAYD Benefit,Addon Claim,Addon Trigger,Low,High,60000,800000,Yes,No,Yes,Medium,Medium,High,Invoice|Survey Report,Addon Conditions Not Met,Loss Heavy,0.05,0.9,3000.0,1.08,0.31,Rural,Maharashtra,Chennai,0.4,0.69,0.55,10,False,0.76,0.25,0.08
ACKO,Motor,Private Car,Long Term Package,Annual,Addon,EV Addon,Addon Claim,Addon Trigger,Low,High,60000,800000,Yes,No,Yes,Medium,Medium,High,Invoice|Survey Report,Addon Conditions Not Met,Loss Heavy,0.05,0.9,3000.0,1.08,0.44,Rural,Gujarat,Bangalore,0.52,0.74,0.52,12,False,0.66,0.25,0.08
ACKO,Motor,Private Car,Long Term Package,Annual,Addon,EMI Protector,Addon Claim,Addon Trigger,Low,High,60000,800000,Yes,No,Yes,Medium,Medium,High,Invoice|Survey Report,Addon Conditions Not Met,Loss Heavy,0.05,0.9,3000.0,1.08,0.38,Metro,Karnataka,Delhi,0.54,0.62,0.58,8,False,0.64,0.25,0.08
ACKO,Motor,Private Car,Long Term Package,Annual,Addon,Loss of Use,Addon Claim,Addon Trigger,Low,High,60000,800000,Yes,No,Yes,Medium,Medium,High,Invoice|Survey Report,Addon Conditions Not Met,Loss Heavy,0.05,0.9,3000.0,1.08,0.63,Rural,Tamil Nadu,Chennai,0.58,0.32,0.76,11,False,0.84,0.25,0.08
ACKO,Motor,Private Car,Long Term Package,Annual,Addon,Key Protect,Addon Claim,Addon Trigger,Low,High,60000,800000,Yes,No,Yes,Medium,Medium,High,Invoice|Survey Report,Addon Conditions Not Met,Loss Heavy,0.05,0.9,3000.0,1.08,0.27,Metro,Karnataka,Ahmedabad,0.36,0.77,0.64,7,False,0.65,0.25,0.08
ACKO,Motor,Private Car,Long Term Package,Annual,Addon,Personal Belongings,Addon Claim,Addon Trigger,Low,High,60000,800000,Yes,No,Yes,Medium,Medium,High,Invoice|Survey Report,Addon Conditions Not Met,Loss Heavy,0.05,0.9,3000.0,1.08,0.24,Metro,Delhi,Chennai,0.83,0.26,0.45,9,False,0.54,0.25,0.08
ACKO,Motor,Two Wheeler,Package,Annual,Base,Own Damage,Accident / Liability,Policy Defined Event,Medium,Medium,35000,300000,Yes,Yes,Yes,Medium,Low,Medium,Claim Form|FIR|Photos,Policy Breach,Balanced,0.15,0.9,5250.0,1.08,0.33,Rural,Tamil Nadu,Bangalore,0.63,0.51,0.46,8,False,0.53,0.25,0.03
ACKO,Motor,Two Wheeler,Package,Annual,Base,Third Party,Accident / Liability,Policy Defined Event,Medium,Medium,35000,300000,Yes,Yes,Yes,Medium,Low,Medium,Claim Form|FIR|Photos,Policy Breach,Balanced,0.15,0.9,5250.0,1.08,0.51,Rural,Karnataka,Chennai,0.67,0.42,0.32,10,False,0.52,0.25,0.03
ACKO,Motor,Two Wheeler,Package,Annual,Base,Personal Accident,Accident / Liability,Policy Defined Event,Medium,Medium,35000,300000,Yes,Yes,Yes,Medium,Low,Medium,Claim Form|FIR|Photos,Policy Breach,Balanced,0.15,0.9,5250.0,1.08,0.39,Rural,Maharashtra,Bangalore,0.59,0.45,0.37,11,False,0.79,0.25,0.03
ACKO,Motor,Two Wheeler,Package,Annual,Addon,Zero Depreciation,Addon Claim,Addon Trigger,Low,High,60000,800000,Yes,No,Yes,Medium,Medium,High,Invoice|Survey Report,Addon Conditions Not Met,Loss Heavy,0.05,0.9,3000.0,1.08,0.36,Rural,Maharashtra,Mumbai,0.77,0.44,0.87,13,False,0.83,0.25,0.08
ACKO,Motor,Two Wheeler,Package,Annual,Addon,Engine Protect,Addon Claim,Addon Trigger,Low,High,60000,800000,Yes,No,Yes,Medium,Medium,High,Invoice|Survey Report,Addon Conditions Not Met,Loss Heavy,0.05,0.9,3000.0,1.08,0.26,Metro,Tamil Nadu,Delhi,0.74,0.25,0.74,9,False,0.59,0.25,0.08
ACKO,Motor,Two Wheeler,Package,Annual,Addon,Gearbox Protect,Addon Claim,Addon Trigger,Low,High,60000,800000,Yes,No,Yes,Medium,Medium,High,Invoice|Survey Report,Addon Conditions Not Met,Loss Heavy,0.05,0.9,3000.0,1.08,0.59,Rural,Karnataka,Chennai,0.36,0.38,0.4,8,False,0.54,0.25,0.08
ACKO,Motor,Two Wheeler,Package,Annual,Addon,Consumables,Addon Claim,Addon Trigger,Low,High,60000,800000,Yes,No,Yes,Medium,Medium,High,Invoice|Survey Report,Addon Conditions Not Met,Loss Heavy,0.05,0.9,3000.0,1.08,0.64,Urban,Karnataka,Mumbai,0.64,0.22,0.52,13,False,0.7,0.25,0.08
ACKO,Motor,Two Wheeler,Package,Annual,Addon,Tyre Protect,Addon Claim,Addon Trigger,Low,High,60000,800000,Yes,No,Yes,Medium,Medium,High,Invoice|Survey Report,Addon Conditions Not Met,Loss Heavy,0.05,0.9,3000.0,1.08,0.62,Urban,Delhi,Chennai,0.84,0.66,0.62,7,False,0.7,0.25,0.08
ACKO,Motor,Two Wheeler,Package,Annual,Addon,Roadside Assistance,Addon Claim,Addon Trigger,Low,High,60000,800000,Yes,No,Yes,Medium,Medium,High,Invoice|Survey Report,Addon Conditions Not Met,Loss Heavy,0.05,0.9,3000.0,1.08,0.39,Urban,Maharashtra,Mumbai,0.45,0.46,0.77,9,False,0.61,0.25,0.08
ACKO,Motor,Two Wheeler,Package,Annual,Addon,NCB Protect,Addon Claim,Addon Trigger,Low,High,60000,800000,Yes,No,Yes,Medium,Medium,High,Invoice|Survey Report,Addon Conditions Not Met,Loss Heavy,0.05,0.9,3000.0,1.08,0.34,Urban,Tamil Nadu,Chennai,0.79,0.47,0.39,12,False,0.58,0.25,0.08
ACKO,Motor,Two Wheeler,Package,Annual,Addon,Return to Invoice,Addon Claim,Addon Trigger,Low,High,60000,800000,Yes,No,Yes,Medium,Medium,High,Invoice|Survey Report,Addon Conditions Not Met,Loss Heavy,0.05,0.9,3000.0,1.08,0.57,Urban,Karnataka,Delhi,0.63,0.43,0.39,8,False,0.75,0.25,0.08
ACKO,Motor,Two Wheeler,Package,Annual,Addon,Invoice Cover,Addon Claim,Addon Trigger,Low,High,60000,800000,Yes,No,Yes,Medium,Medium,High,Invoice|Survey Report,Addon Conditions Not Met,Loss Heavy,0.05,0.9,3000.0,1.08,0.56,Urban,Tamil Nadu,Ahmedabad,0.89,0.23,0.34,12,False,0.64,0.25,0.08
ACKO,Motor,Two Wheeler,Package,Annual,Addon,PAYD Benefit,Addon Claim,Addon Trigger,Low,High,60000,800000,Yes,No,Yes,Medium,Medium,High,Invoice|Survey Report,Addon Conditions Not Met,Loss Heavy,0.05,0.9,3000.0,1.08,0.64,Urban,Maharashtra,Mumbai,0.55,0.21,0.89,10,False,0.56,0.25,0.08
ACKO,Motor,Two Wheeler,Package,Annual,Addon,EV Addon,Addon Claim,Addon Trigger,Low,High,60000,800000,Yes,No,Yes,Medium,Medium,High,Invoice|Survey Report,Addon Conditions Not Met,Loss Heavy,0.05,0.9,3000.0,1.08,0.66,Metro,Delhi,Mumbai,0.74,0.2,0.77,8,False,0.64,0.25,0.08
ACKO,Motor,Two Wheeler,Package,Annual,Addon,EMI Protector,Addon Claim,Addon Trigger,Low,High,60000,800000,Yes,No,Yes,Medium,Medium,High,Invoice|Survey Report,Addon Conditions Not Met,Loss Heavy,0.05,0.9,3000.0,1.08,0.59,Urban,Tamil Nadu,Bangalore,0.58,0.2,0.57,9,False,0.76,0.25,0.08
ACKO,Motor,Two Wheeler,Package,Annual,Addon,Loss of Use,Addon Claim,Addon Trigger,Low,High,60000,800000,Yes,No,Yes,Medium,Medium,High,Invoice|Survey Report,Addon Conditions Not Met,Loss Heavy,0.05,0.9,3000.0,1.08,0.62,Urban,Karnataka,Delhi,0.71,0.43,0.36,9,False,0.67,0.25,0.08
ACKO,Motor,Two Wheeler,Package,Annual,Addon,Key Protect,Addon Claim,Addon Trigger,Low,High,60000,800000,Yes,No,Yes,Medium,Medium,High,Invoice|Survey Report,Addon Conditions Not Met,Loss Heavy,0.05,0.9,3000.0,1.08,0.44,Rural,Maharashtra,Ahmedabad,0.85,0.26,0.69,13,False,0.59,0.25,0.08
ACKO,Motor,Two Wheeler,Package,Annual,Addon,Personal Belongings,Addon Claim,Addon Trigger,Low,High,60000,800000,Yes,No,Yes,Medium,Medium,High,Invoice|Survey Report,Addon Conditions Not Met,Loss Heavy,0.05,0.9,3000.0,1.08,0.63,Metro,Gujarat,Ahmedabad,0.85,0.79,0.69,7,False,0.63,0.25,0.08
ACKO,Motor,Two Wheeler,Bundled,Annual,Base,Own Damage,Accident / Liability,Policy Defined Event,Medium,Medium,35000,300000,Yes,Yes,Yes,Medium,Low,Medium,Claim Form|FIR|Photos,Policy Breach,Balanced,0.15,0.9,5250.0,1.08,0.62,Urban,Gujarat,Mumbai,0.33,0.5,0.48,11,False,0.85,0.25,0.03
ACKO,Motor,Two Wheeler,Bundled,Annual,Base,Third Party,Accident / Liability,Policy Defined Event,Medium,Medium,35000,300000,Yes,Yes,Yes,Medium,Low,Medium,Claim Form|FIR|Photos,Policy Breach,Balanced,0.15,0.9,5250.0,1.08,0.41,Metro,Karnataka,Delhi,0.67,0.29,0.37,14,False,0.82,0.25,0.03
ACKO,Motor,Two Wheeler,Bundled,Annual,Base,Personal Accident,Accident / Liability,Policy Defined Event,Medium,Medium,35000,300000,Yes,Yes,Yes,Medium,Low,Medium,Claim Form|FIR|Photos,Policy Breach,Balanced,0.15,0.9,5250.0,1.08,0.22,Urban,Karnataka,Delhi,0.63,0.32,0.57,11,False,0.66,0.25,0.03
ACKO,Motor,Two Wheeler,Bundled,Annual,Addon,Zero Depreciation,Addon Claim,Addon Trigger,Low,High,60000,800000,Yes,No,Yes,Medium,Medium,High,Invoice|Survey Report,Addon Conditions Not Met,Loss Heavy,0.05,0.9,3000.0,1.08,0.29,Urban,Karnataka,Ahmedabad,0.5,0.32,0.54,9,False,0.63,0.25,0.08
ACKO,Motor,Two Wheeler,Bundled,Annual,Addon,Engine Protect,Addon Claim,Addon Trigger,Low,High,60000,800000,Yes,No,Yes,Medium,Medium,High,Invoice|Survey Report,Addon Conditions Not Met,Loss Heavy,0.05,0.9,3000.0,1.08,0.34,Urban,Tamil Nadu,Chennai,0.4,0.39,0.87,13,False,0.84,0.25,0.08
ACKO,Motor,Two Wheeler,Bundled,Annual,Addon,Gearbox Protect,Addon Claim,Addon Trigger,Low,High,60000,800000,Yes,No,Yes,Medium,Medium,High,Invoice|Survey Report,Addon Conditions Not Met,Loss Heavy,0.05,0.9,3000.0,1.08,0.22,Metro,Tamil Nadu,Chennai,0.89,0.29,0.63,13,False,0.76,0.25,0.08
ACKO,Motor,Two Wheeler,Bundled,Annual,Addon,Consumables,Addon Claim,Addon Trigger,Low,High,60000,800000,Yes,No,Yes,Medium,Medium,High,Invoice|Survey Report,Addon Conditions Not Met,Loss Heavy,0.05,0.9,3000.0,1.08,0.63,Metro,Gujarat,Chennai,0.42,0.72,0.62,11,False,0.63,0.25,0.08
ACKO,Motor,Two Wheeler,Bundled,Annual,Addon,Tyre Protect,Addon Claim,Addon Trigger,Low,High,60000,800000,Yes,No,Yes,Medium,Medium,High,Invoice|Survey Report,Addon Conditions Not Met,Loss Heavy,0.05,0.9,3000.0,1.08,0.3,Urban,Gujarat,Delhi,0.58,0.74,0.37,10,False,0.57,0.25,0.08
ACKO,Motor,Two Wheeler,Bundled,Annual,Addon,Roadside Assistance,Addon Claim,Addon Trigger,Low,High,60000,800000,Yes,No,Yes,Medium,Medium,High,Invoice|Survey Report,Addon Conditions Not Met,Loss Heavy,0.05,0.9,3000.0,1.08,0.54,Metro,Karnataka,Bangalore,0.42,0.49,0.42,11,False,0.54,0.25,0.08
ACKO,Motor,Two Wheeler,Bundled,Annual,Addon,NCB Protect,Addon Claim,Addon Trigger,Low,High,60000,800000,Yes,No,Yes,Medium,Medium,High,Invoice|Survey Report,Addon Conditions Not Met,Loss Heavy,0.05,0.9,3000.0,1.08,0.58,Urban,Maharashtra,Bangalore,0.83,0.73,0.4,13,False,0.56,0.25,0.08
ACKO,Motor,Two Wheeler,Bundled,Annual,Addon,Return to Invoice,Addon Claim,Addon Trigger,Low,High,60000,800000,Yes,No,Yes,Medium,Medium,High,Invoice|Survey Report,Addon Conditions Not Met,Loss Heavy,0.05,0.9,3000.0,1.08,0.6,Metro,Karnataka,Delhi,0.37,0.76,0.57,13,False,0.71,0.25,0.08
ACKO,Motor,Two Wheeler,Bundled,Annual,Addon,Invoice Cover,Addon Claim,Addon Trigger,Low,High,60000,800000,Yes,No,Yes,Medium,Medium,High,Invoice|Survey Report,Addon Conditions Not Met,Loss Heavy,0.05,0.9,3000.0,1.08,0.28,Urban,Maharashtra,Delhi,0.73,0.8,0.58,14,False,0.63,0.25,0.08
ACKO,Motor,Two Wheeler,Bundled,Annual,Addon,PAYD Benefit,Addon Claim,Addon Trigger,Low,High,60000,800000,Yes,No,Yes,Medium,Medium,High,Invoice|Survey Report,Addon Conditions Not Met,Loss Heavy,0.05,0.9,3000.0,1.08,0.6,Metro,Gujarat,Mumbai,0.51,0.77,0.83,8,False,0.71,0.25,0.08
ACKO,Motor,Two Wheeler,Bundled,Annual,Addon,EV Addon,Addon Claim,Addon Trigger,Low,High,60000,800000,Yes,No,Yes,Medium,Medium,High,Invoice|Survey Report,Addon Conditions Not Met,Loss Heavy,0.05,0.9,3000.0,1.08,0.39,Metro,Delhi,Ahmedabad,0.83,0.6,0.48,13,False,0.67,0.25,0.08
ACKO,Motor,Two Wheeler,Bundled,Annual,Addon,EMI Protector,Addon Claim,Addon Trigger,Low,High,60000,800000,Yes,No,Yes,Medium,Medium,High,Invoice|Survey Report,Addon Conditions Not Met,Loss Heavy,0.05,0.9,3000.0,1.08,0.51,Metro,Delhi,Ahmedabad,0.78,0.54,0.49,10,False,0.62,0.25,0.08
ACKO,Motor,Two Wheeler,Bundled,Annual,Addon,Loss of Use,Addon Claim,Addon Trigger,Low,High,60000,800000,Yes,No,Yes,Medium,Medium,High,Invoice|Survey Report,Addon Conditions Not Met,Loss Heavy,0.05,0.9,3000.0,1.08,0.25,Metro,Maharashtra,Mumbai,0.58,0.37,0.4,12,False,0.61,0.25,0.08
ACKO,Motor,Two Wheeler,Bundled,Annual,Addon,Key Protect,Addon Claim,Addon Trigger,Low,High,60000,800000,Yes,No,Yes,Medium,Medium,High,Invoice|Survey Report,Addon Conditions Not Met,Loss Heavy,0.05,0.9,3000.0,1.08,0.38,Metro,Tamil Nadu,Chennai,0.59,0.29,0.37,12,False,0.65,0.25,0.08
ACKO,Motor,Two Wheeler,Bundled,Annual,Addon,Personal Belongings,Addon Claim,Addon Trigger,Low,High,60000,800000,Yes,No,Yes,Medium,Medium,High,Invoice|Survey Report,Addon Conditions Not Met,Loss Heavy,0.05,0.9,3000.0,1.08,0.54,Metro,Karnataka,Mumbai,0.54,0.76,0.74,10,False,0.63,0.25,0.08
ACKO,Motor,Two Wheeler,Standalone Own Damage,Annual,Base,Own Damage,Accident / Liability,Policy Defined Event,Medium,Medium,35000,300000,Yes,Yes,Yes,Medium,Low,Medium,Claim Form|FIR|Photos,Policy Breach,Balanced,0.15,0.9,5250.0,1.08,0.62,Urban,Delhi,Bangalore,0.5,0.7,0.87,11,False,0.53,0.25,0.03
ACKO,Motor,Two Wheeler,Standalone Own Damage,Annual,Base,Personal Accident,Accident / Liability,Policy Defined Event,Medium,Medium,35000,300000,Yes,Yes,Yes,Medium,Low,Medium,Claim Form|FIR|Photos,Policy Breach,Balanced,0.15,0.9,5250.0,1.08,0.43,Metro,Tamil Nadu,Mumbai,0.82,0.77,0.75,12,False,0.67,0.25,0.03
ACKO,Motor,Two Wheeler,Standalone Own Damage,Annual,Addon,Zero Depreciation,Addon Claim,Addon Trigger,Low,High,60000,800000,Yes,No,Yes,Medium,Medium,High,Invoice|Survey Report,Addon Conditions Not Met,Loss Heavy,0.05,0.9,3000.0,1.08,0.52,Rural,Maharashtra,Chennai,0.64,0.22,0.82,14,False,0.53,0.25,0.08
ACKO,Motor,Two Wheeler,Standalone Own Damage,Annual,Addon,Engine Protect,Addon Claim,Addon Trigger,Low,High,60000,800000,Yes,No,Yes,Medium,Medium,High,Invoice|Survey Report,Addon Conditions Not Met,Loss Heavy,0.05,0.9,3000.0,1.08,0.44,Rural,Maharashtra,Mumbai,0.67,0.37,0.45,10,False,0.52,0.25,0.08
ACKO,Motor,Two Wheeler,Standalone Own Damage,Annual,Addon,Gearbox Protect,Addon Claim,Addon Trigger,Low,High,60000,800000,Yes,No,Yes,Medium,Medium,High,Invoice|Survey Report,Addon Conditions Not Met,Loss Heavy,0.05,0.9,3000.0,1.08,0.55,Urban,Maharashtra,Chennai,0.47,0.78,0.88,14,False,0.76,0.25,0.08
ACKO,Motor,Two Wheeler,Standalone Own Damage,Annual,Addon,Consumables,Addon Claim,Addon Trigger,Low,High,60000,800000,Yes,No,Yes,Medium,Medium,High,Invoice|Survey Report,Addon Conditions Not Met,Loss Heavy,0.05,0.9,3000.0,1.08,0.22,Rural,Karnataka,Delhi,0.48,0.24,0.36,9,False,0.76,0.25,0.08
ACKO,Motor,Two Wheeler,Standalone Own Damage,Annual,Addon,Tyre Protect,Addon Claim,Addon Trigger,Low,High,60000,800000,Yes,No,Yes,Medium,Medium,High,Invoice|Survey Report,Addon Conditions Not Met,Loss Heavy,0.05,0.9,3000.0,1.08,0.65,Rural,Tamil Nadu,Ahmedabad,0.72,0.65,0.35,13,False,0.66,0.25,0.08
ACKO,Motor,Two Wheeler,Standalone Own Damage,Annual,Addon,Roadside Assistance,Addon Claim,Addon Trigger,Low,High,60000,800000,Yes,No,Yes,Medium,Medium,High,Invoice|Survey Report,Addon Conditions Not Met,Loss Heavy,0.05,0.9,3000.0,1.08,0.52,Metro,Maharashtra,Mumbai,0.65,0.54,0.77,14,False,0.7,0.25,0.08
ACKO,Motor,Two Wheeler,Standalone Own Damage,Annual,Addon,NCB Protect,Addon Claim,Addon Trigger,Low,High,60000,800000,Yes,No,Yes,Medium,Medium,High,Invoice|Survey Report,Addon Conditions Not Met,Loss Heavy,0.05,0.9,3000.0,1.08,0.34,Rural,Karnataka,Chennai,0.72,0.74,0.38,11,False,0.74,0.25,0.08
ACKO,Motor,Two Wheeler,Standalone Own Damage,Annual,Addon,Return to Invoice,Addon Claim,Addon Trigger,Low,High,60000,800000,Yes,No,Yes,Medium,Medium,High,Invoice|Survey Report,Addon Conditions Not Met,Loss Heavy,0.05,0.9,3000.0,1.08,0.4,Urban,Delhi,Ahmedabad,0.55,0.39,0.45,10,False,0.67,0.25,0.08
ACKO,Motor,Two Wheeler,Standalone Own Damage,Annual,Addon,Invoice Cover,Addon Claim,Addon Trigger,Low,High,60000,800000,Yes,No,Yes,Medium,Medium,High,Invoice|Survey Report,Addon Conditions Not Met,Loss Heavy,0.05,0.9,3000.0,1.08,0.2,Metro,Gujarat,Bangalore,0.53,0.23,0.54,14,False,0.77,0.25,0.08
ACKO,Motor,Two Wheeler,Standalone Own Damage,Annual,Addon,PAYD Benefit,Addon Claim,Addon Trigger,Low,High,60000,800000,Yes,No,Yes,Medium,Medium,High,Invoice|Survey Report,Addon Conditions Not Met,Loss Heavy,0.05,0.9,3000.0,1.08,0.65,Rural,Karnataka,Mumbai,0.6,0.36,0.81,8,False,0.66,0.25,0.08
ACKO,Motor,Two Wheeler,Standalone Own Damage,Annual,Addon,EV Addon,Addon Claim,Addon Trigger,Low,High,60000,800000,Yes,No,Yes,Medium,Medium,High,Invoice|Survey Report,Addon Conditions Not Met,Loss Heavy,0.05,0.9,3000.0,1.08,0.3,Rural,Gujarat,Bangalore,0.34,0.41,0.66,8,False,0.56,0.25,0.08
ACKO,Motor,Two Wheeler,Standalone Own Damage,Annual,Addon,EMI Protector,Addon Claim,Addon Trigger,Low,High,60000,800000,Yes,No,Yes,Medium,Medium,High,Invoice|Survey Report,Addon Conditions Not Met,Loss Heavy,0.05,0.9,3000.0,1.08,0.43,Urban,Tamil Nadu,Mumbai,0.45,0.73,0.4,10,False,0.62,0.25,0.08
ACKO,Motor,Two Wheeler,Standalone Own Damage,Annual,Addon,Loss of Use,Addon Claim,Addon Trigger,Low,High,60000,800000,Yes,No,Yes,Medium,Medium,High,Invoice|Survey Report,Addon Conditions Not Met,Loss Heavy,0.05,0.9,3000.0,1.08,0.23,Metro,Tamil Nadu,Ahmedabad,0.7,0.31,0.86,11,False,0.75,0.25,0.08
ACKO,Motor,Two Wheeler,Standalone Own Damage,Annual,Addon,Key Protect,Addon Claim,Addon Trigger,Low,High,60000,800000,Yes,No,Yes,Medium,Medium,High,Invoice|Survey Report,Addon Conditions Not Met,Loss Heavy,0.05,0.9,3000.0,1.08,0.32,Rural,Tamil Nadu,Bangalore,0.58,0.27,0.82,9,False,0.66,0.25,0.08
ACKO,Motor,Two Wheeler,Standalone Own Damage,Annual,Addon,Personal Belongings,Addon Claim,Addon Trigger,Low,High,60000,800000,Yes,No,Yes,Medium,Medium,High,Invoice|Survey Report,Addon Conditions Not Met,Loss Heavy,0.05,0.9,3000.0,1.08,0.48,Rural,Tamil Nadu,Mumbai,0.58,0.53,0.49,10,False,0.55,0.25,0.08
ACKO,Motor,Two Wheeler,Liability Only,Annual,Base,Third Party,Accident / Liability,Policy Defined Event,Medium,Medium,35000,300000,Yes,Yes,Yes,Medium,Low,Medium,Claim Form|FIR|Photos,Policy Breach,Balanced,0.15,0.9,5250.0,1.08,0.35,Rural,Delhi,Ahmedabad,0.83,0.76,0.39,7,False,0.55,0.25,0.03
ACKO,Motor,Two Wheeler,Liability Only,Annual,Base,Personal Accident,Accident / Liability,Policy Defined Event,Medium,Medium,35000,300000,Yes,Yes,Yes,Medium,Low,Medium,Claim Form|FIR|Photos,Policy Breach,Balanced,0.15,0.9,5250.0,1.08,0.62,Rural,Maharashtra,Mumbai,0.42,0.34,0.49,10,False,0.77,0.25,0.03
ACKO,Motor,Two Wheeler,Long Term Package,Annual,Base,Own Damage,Accident / Liability,Policy Defined Event,Medium,Medium,35000,300000,Yes,Yes,Yes,Medium,Low,Medium,Claim Form|FIR|Photos,Policy Breach,Balanced,0.15,0.9,5250.0,1.08,0.29,Rural,Gujarat,Bangalore,0.44,0.37,0.8,9,False,0.8,0.25,0.03
ACKO,Motor,Two Wheeler,Long Term Package,Annual,Base,Third Party,Accident / Liability,Policy Defined Event,Medium,Medium,35000,300000,Yes,Yes,Yes,Medium,Low,Medium,Claim Form|FIR|Photos,Policy Breach,Balanced,0.15,0.9,5250.0,1.08,0.58,Urban,Maharashtra,Chennai,0.58,0.66,0.86,14,False,0.78,0.25,0.03
ACKO,Motor,Two Wheeler,Long Term Package,Annual,Base,Personal Accident,Accident / Liability,Policy Defined Event,Medium,Medium,35000,300000,Yes,Yes,Yes,Medium,Low,Medium,Claim Form|FIR|Photos,Policy Breach,Balanced,0.15,0.9,5250.0,1.08,0.2,Urban,Maharashtra,Bangalore,0.35,0.22,0.44,10,False,0.65,0.25,0.03
ACKO,Motor,Two Wheeler,Long Term Package,Annual,Addon,Zero Depreciation,Addon Claim,Addon Trigger,Low,High,60000,800000,Yes,No,Yes,Medium,Medium,High,Invoice|Survey Report,Addon Conditions Not Met,Loss Heavy,0.05,0.9,3000.0,1.08,0.58,Rural,Gujarat,Chennai,0.52,0.56,0.65,9,False,0.59,0.25,0.08
ACKO,Motor,Two Wheeler,Long Term Package,Annual,Addon,Engine Protect,Addon Claim,Addon Trigger,Low,High,60000,800000,Yes,No,Yes,Medium,Medium,High,Invoice|Survey Report,Addon Conditions Not Met,Loss Heavy,0.05,0.9,3000.0,1.08,0.6,Urban,Delhi,Chennai,0.62,0.31,0.61,9,False,0.8,0.25,0.08
ACKO,Motor,Two Wheeler,Long Term Package,Annual,Addon,Gearbox Protect,Addon Claim,Addon Trigger,Low,High,60000,800000,Yes,No,Yes,Medium,Medium,High,Invoice|Survey Report,Addon Conditions Not Met,Loss Heavy,0.05,0.9,3000.0,1.08,0.54,Metro,Maharashtra,Mumbai,0.76,0.54,0.65,14,False,0.52,0.25,0.08
ACKO,Motor,Two Wheeler,Long Term Package,Annual,Addon,Consumables,Addon Claim,Addon Trigger,Low,High,60000,800000,Yes,No,Yes,Medium,Medium,High,Invoice|Survey Report,Addon Conditions Not Met,Loss Heavy,0.05,0.9,3000.0,1.08,0.58,Rural,Tamil Nadu,Ahmedabad,0.81,0.49,0.71,11,False,0.66,0.25,0.08
ACKO,Motor,Two Wheeler,Long Term Package,Annual,Addon,Tyre Protect,Addon Claim,Addon Trigger,Low,High,60000,800000,Yes,No,Yes,Medium,Medium,High,Invoice|Survey Report,Addon Conditions Not Met,Loss Heavy,0.05,0.9,3000.0,1.08,0.54,Metro,Gujarat,Chennai,0.46,0.34,0.43,8,False,0.52,0.25,0.08
ACKO,Motor,Two Wheeler,Long Term Package,Annual,Addon,Roadside Assistance,Addon Claim,Addon Trigger,Low,High,60000,800000,Yes,No,Yes,Medium,Medium,High,Invoice|Survey Report,Addon Conditions Not Met,Loss Heavy,0.05,0.9,3000.0,1.08,0.36,Rural,Maharashtra,Ahmedabad,0.38,0.44,0.46,8,False,0.66,0.25,0.08
ACKO,Motor,Two Wheeler,Long Term Package,Annual,Addon,NCB Protect,Addon Claim,Addon Trigger,Low,High,60000,800000,Yes,No,Yes,Medium,Medium,High,Invoice|Survey Report,Addon Conditions Not Met,Loss Heavy,0.05,0.9,3000.0,1.08,0.66,Metro,Delhi,Ahmedabad,0.69,0.31,0.37,13,False,0.73,0.25,0.08
ACKO,Motor,Two Wheeler,Long Term Package,Annual,Addon,Return to Invoice,Addon Claim,Addon Trigger,Low,High,60000,800000,Yes,No,Yes,Medium,Medium,High,Invoice|Survey Report,Addon Conditions Not Met,Loss Heavy,0.05,0.9,3000.0,1.08,0.6,Rural,Karnataka,Delhi,0.64,0.31,0.59,7,False,0.63,0.25,0.08
ACKO,Motor,Two Wheeler,Long Term Package,Annual,Addon,Invoice Cover,Addon Claim,Addon Trigger,Low,High,60000,800000,Yes,No,Yes,Medium,Medium,High,Invoice|Survey Report,Addon Conditions Not Met,Loss Heavy,0.05,0.9,3000.0,1.08,0.28,Metro,Gujarat,Mumbai,0.43,0.76,0.57,7,False,0.82,0.25,0.08
ACKO,Motor,Two Wheeler,Long Term Package,Annual,Addon,PAYD Benefit,Addon Claim,Addon Trigger,Low,High,60000,800000,Yes,No,Yes,Medium,Medium,High,Invoice|Survey Report,Addon Conditions Not Met,Loss Heavy,0.05,0.9,3000.0,1.08,0.29,Metro,Karnataka,Ahmedabad,0.65,0.31,0.69,7,False,0.83,0.25,0.08
ACKO,Motor,Two Wheeler,Long Term Package,Annual,Addon,EV Addon,Addon Claim,Addon Trigger,Low,High,60000,800000,Yes,No,Yes,Medium,Medium,High,Invoice|Survey Report,Addon Conditions Not Met,Loss Heavy,0.05,0.9,3000.0,1.08,0.56,Metro,Tamil Nadu,Bangalore,0.89,0.66,0.83,9,False,0.71,0.25,0.08
ACKO,Motor,Two Wheeler,Long Term Package,Annual,Addon,EMI Protector,Addon Claim,Addon Trigger,Low,High,60000,800000,Yes,No,Yes,Medium,Medium,High,Invoice|Survey Report,Addon Conditions Not Met,Loss Heavy,0.05,0.9,3000.0,1.08,0.31,Rural,Tamil Nadu,Bangalore,0.69,0.25,0.49,12,False,0.85,0.25,0.08
ACKO,Motor,Two Wheeler,Long Term Package,Annual,Addon,Loss of Use,Addon Claim,Addon Trigger,Low,High,60000,800000,Yes,No,Yes,Medium,Medium,High,Invoice|Survey Report,Addon Conditions Not Met,Loss Heavy,0.05,0.9,3000.0,1.08,0.5,Metro,Delhi,Chennai,0.7,0.32,0.35,10,False,0.59,0.25,0.08
ACKO,Motor,Two Wheeler,Long Term Package,Annual,Addon,Key Protect,Addon Claim,Addon Trigger,Low,High,60000,800000,Yes,No,Yes,Medium,Medium,High,Invoice|Survey Report,Addon Conditions Not Met,Loss Heavy,0.05,0.9,3000.0,1.08,0.31,Metro,Tamil Nadu,Bangalore,0.34,0.45,0.34,7,False,0.75,0.25,0.08
ACKO,Motor,Two Wheeler,Long Term Package,Annual,Addon,Personal Belongings,Addon Claim,Addon Trigger,Low,High,60000,800000,Yes,No,Yes,Medium,Medium,High,Invoice|Survey Report,Addon Conditions Not Met,Loss Heavy,0.05,0.9,3000.0,1.08,0.58,Urban,Maharashtra,Delhi,0.86,0.45,0.52,11,False,0.64,0.25,0.08
ACKO,Motor,Commercial GCV,Package,Annual,Base,Own Damage,Accident / Liability,Policy Defined Event,Medium,Medium,35000,300000,Yes,Yes,Yes,Medium,Low,Medium,Claim Form|FIR|Photos,Policy Breach,Balanced,0.15,0.9,5250.0,1.08,0.41,Urban,Maharashtra,Delhi,0.35,0.56,0.86,7,False,0.81,0.25,0.03
ACKO,Motor,Commercial GCV,Package,Annual,Base,Third Party,Accident / Liability,Policy Defined Event,Medium,Medium,35000,300000,Yes,Yes,Yes,Medium,Low,Medium,Claim Form|FIR|Photos,Policy Breach,Balanced,0.15,0.9,5250.0,1.08,0.47,Rural,Gujarat,Bangalore,0.44,0.51,0.58,11,False,0.62,0.25,0.03
ACKO,Motor,Commercial GCV,Package,Annual,Base,Personal Accident,Accident / Liability,Policy Defined Event,Medium,Medium,35000,300000,Yes,Yes,Yes,Medium,Low,Medium,Claim Form|FIR|Photos,Policy Breach,Balanced,0.15,0.9,5250.0,1.08,0.44,Urban,Karnataka,Bangalore,0.73,0.72,0.85,14,False,0.57,0.25,0.03
ACKO,Motor,Commercial GCV,Package,Annual,Addon,Zero Depreciation,Addon Claim,Addon Trigger,Low,High,60000,800000,Yes,No,Yes,Medium,Medium,High,Invoice|Survey Report,Addon Conditions Not Met,Loss Heavy,0.05,0.9,3000.0,1.08,0.25,Metro,Delhi,Bangalore,0.66,0.24,0.9,7,False,0.62,0.25,0.08
ACKO,Motor,Commercial GCV,Package,Annual,Addon,Engine Protect,Addon Claim,Addon Trigger,Low,High,60000,800000,Yes,No,Yes,Medium,Medium,High,Invoice|Survey Report,Addon Conditions Not Met,Loss Heavy,0.05,0.9,3000.0,1.08,0.43,Rural,Delhi,Delhi,0.82,0.78,0.68,11,False,0.64,0.25,0.08
ACKO,Motor,Commercial GCV,Package,Annual,Addon,Gearbox Protect,Addon Claim,Addon Trigger,Low,High,60000,800000,Yes,No,Yes,Medium,Medium,High,Invoice|Survey Report,Addon Conditions Not Met,Loss Heavy,0.05,0.9,3000.0,1.08,0.31,Urban,Gujarat,Mumbai,0.8,0.65,0.44,7,False,0.62,0.25,0.08
ACKO,Motor,Commercial GCV,Package,Annual,Addon,Consumables,Addon Claim,Addon Trigger,Low,High,60000,800000,Yes,No,Yes,Medium,Medium,High,Invoice|Survey Report,Addon Conditions Not Met,Loss Heavy,0.05,0.9,3000.0,1.08,0.52,Urban,Maharashtra,Bangalore,0.39,0.41,0.66,12,False,0.84,0.25,0.08
ACKO,Motor,Commercial GCV,Package,Annual,Addon,Tyre Protect,Addon Claim,Addon Trigger,Low,High,60000,800000,Yes,No,Yes,Medium,Medium,High,Invoice|Survey Report,Addon Conditions Not Met,Loss Heavy,0.05,0.9,3000.0,1.08,0.54,Urban,Delhi,Chennai,0.33,0.77,0.41,14,False,0.72,0.25,0.08
ACKO,Motor,Commercial GCV,Package,Annual,Addon,Roadside Assistance,Addon Claim,Addon Trigger,Low,High,60000,800000,Yes,No,Yes,Medium,Medium,High,Invoice|Survey Report,Addon Conditions Not Met,Loss Heavy,0.05,0.9,3000.0,1.08,0.56,Urban,Gujarat,Ahmedabad,0.53,0.62,0.66,8,False,0.63,0.25,0.08
ACKO,Motor,Commercial GCV,Package,Annual,Addon,NCB Protect,Addon Claim,Addon Trigger,Low,High,60000,800000,Yes,No,Yes,Medium,Medium,High,Invoice|Survey Report,Addon Conditions Not Met,Loss Heavy,0.05,0.9,3000.0,1.08,0.57,Metro,Gujarat,Chennai,0.81,0.69,0.68,7,False,0.83,0.25,0.08
ACKO,Motor,Commercial GCV,Package,Annual,Addon,Return to Invoice,Addon Claim,Addon Trigger,Low,High,60000,800000,Yes,No,Yes,Medium,Medium,High,Invoice|Survey Report,Addon Conditions Not Met,Loss Heavy,0.05,0.9,3000.0,1.08,0.61,Metro,Gujarat,Ahmedabad,0.36,0.78,0.72,14,False,0.51,0.25,0.08
ACKO,Motor,Commercial GCV,Package,Annual,Addon,Invoice Cover,Addon Claim,Addon Trigger,Low,High,60000,800000,Yes,No,Yes,Medium,Medium,High,Invoice|Survey Report,Addon Conditions Not Met,Loss Heavy,0.05,0.9,3000.0,1.08,0.6,Urban,Gujarat,Mumbai,0.61,0.42,0.35,10,False,0.83,0.25,0.08
ACKO,Motor,Commercial GCV,Package,Annual,Addon,PAYD Benefit,Addon Claim,Addon Trigger,Low,High,60000,800000,Yes,No,Yes,Medium,Medium,High,Invoice|Survey Report,Addon Conditions Not Met,Loss Heavy,0.05,0.9,3000.0,1.08,0.47,Urban,Delhi,Ahmedabad,0.34,0.21,0.31,9,False,0.74,0.25,0.08
ACKO,Motor,Commercial GCV,Package,Annual,Addon,EV Addon,Addon Claim,Addon Trigger,Low,High,60000,800000,Yes,No,Yes,Medium,Medium,High,Invoice|Survey Report,Addon Conditions Not Met,Loss Heavy,0.05,0.9,3000.0,1.08,0.65,Metro,Maharashtra,Chennai,0.45,0.76,0.82,8,False,0.6,0.25,0.08
ACKO,Motor,Commercial GCV,Package,Annual,Addon,EMI Protector,Addon Claim,Addon Trigger,Low,High,60000,800000,Yes,No,Yes,Medium,Medium,High,Invoice|Survey Report,Addon Conditions Not Met,Loss Heavy,0.05,0.9,3000.0,1.08,0.32,Metro,Tamil Nadu,Ahmedabad,0.82,0.74,0.61,8,False,0.62,0.25,0.08
ACKO,Motor,Commercial GCV,Package,Annual,Addon,Loss of Use,Addon Claim,Addon Trigger,Low,High,60000,800000,Yes,No,Yes,Medium,Medium,High,Invoice|Survey Report,Addon Conditions Not Met,Loss Heavy,0.05,0.9,3000.0,1.08,0.3,Urban,Maharashtra,Bangalore,0.33,0.65,0.61,14,False,0.56,0.25,0.08
ACKO,Motor,Commercial GCV,Package,Annual,Addon,Key Protect,Addon Claim,Addon Trigger,Low,High,60000,800000,Yes,No,Yes,Medium,Medium,High,Invoice|Survey Report,Addon Conditions Not Met,Loss Heavy,0.05,0.9,3000.0,1.08,0.36,Urban,Delhi,Chennai,0.62,0.3,0.35,14,False,0.59,0.25,0.08
ACKO,Motor,Commercial GCV,Package,Annual,Addon,Personal Belongings,Addon Claim,Addon Trigger,Low,High,60000,800000,Yes,No,Yes,Medium,Medium,High,Invoice|Survey Report,Addon Conditions Not Met,Loss Heavy,0.05,0.9,3000.0,1.08,0.53,Metro,Maharashtra,Ahmedabad,0.75,0.79,0.81,9,False,0.78,0.25,0.08
ACKO,Motor,Commercial GCV,Bundled,Annual,Base,Own Damage,Accident / Liability,Policy Defined Event,Medium,Medium,35000,300000,Yes,Yes,Yes,Medium,Low,Medium,Claim Form|FIR|Photos,Policy Breach,Balanced,0.15,0.9,5250.0,1.08,0.29,Urban,Gujarat,Ahmedabad,0.63,0.49,0.77,11,False,0.64,0.25,0.03
ACKO,Motor,Commercial GCV,Bundled,Annual,Base,Third Party,Accident / Liability,Policy Defined Event,Medium,Medium,35000,300000,Yes,Yes,Yes,Medium,Low,Medium,Claim Form|FIR|Photos,Policy Breach,Balanced,0.15,0.9,5250.0,1.08,0.48,Urban,Karnataka,Mumbai,0.3,0.31,0.47,14,False,0.51,0.25,0.03
ACKO,Motor,Commercial GCV,Bundled,Annual,Base,Personal Accident,Accident / Liability,Policy Defined Event,Medium,Medium,35000,300000,Yes,Yes,Yes,Medium,Low,Medium,Claim Form|FIR|Photos,Policy Breach,Balanced,0.15,0.9,5250.0,1.08,0.61,Metro,Delhi,Ahmedabad,0.88,0.74,0.74,7,False,0.75,0.25,0.03
ACKO,Motor,Commercial GCV,Bundled,Annual,Addon,Zero Depreciation,Addon Claim,Addon Trigger,Low,High,60000,800000,Yes,No,Yes,Medium,Medium,High,Invoice|Survey Report,Addon Conditions Not Met,Loss Heavy,0.05,0.9,3000.0,1.08,0.42,Urban,Gujarat,Ahmedabad,0.69,0.66,0.31,12,False,0.56,0.25,0.08
ACKO,Motor,Commercial GCV,Bundled,Annual,Addon,Engine Protect,Addon Claim,Addon Trigger,Low,High,60000,800000,Yes,No,Yes,Medium,Medium,High,Invoice|Survey Report,Addon Conditions Not Met,Loss Heavy,0.05,0.9,3000.0,1.08,0.21,Rural,Tamil Nadu,Mumbai,0.72,0.59,0.37,11,False,0.83,0.25,0.08
ACKO,Motor,Commercial GCV,Bundled,Annual,Addon,Gearbox Protect,Addon Claim,Addon Trigger,Low,High,60000,800000,Yes,No,Yes,Medium,Medium,High,Invoice|Survey Report,Addon Conditions Not Met,Loss Heavy,0.05,0.9,3000.0,1.08,0.38,Urban,Delhi,Chennai,0.44,0.68,0.68,8,False,0.55,0.25,0.08
ACKO,Motor,Commercial GCV,Bundled,Annual,Addon,Consumables,Addon Claim,Addon Trigger,Low,High,60000,800000,Yes,No,Yes,Medium,Medium,High,Invoice|Survey Report,Addon Conditions Not Met,Loss Heavy,0.05,0.9,3000.0,1.08,0.63,Metro,Gujarat,Chennai,0.85,0.48,0.37,10,False,0.73,0.25,0.08
ACKO,Motor,Commercial GCV,Bundled,Annual,Addon,Tyre Protect,Addon Claim,Addon Trigger,Low,High,60000,800000,Yes,No,Yes,Medium,Medium,High,Invoice|Survey Report,Addon Conditions Not Met,Loss Heavy,0.05,0.9,3000.0,1.08,0.61,Urban,Delhi,Chennai,0.61,0.79,0.48,9,False,0.65,0.25,0.08
ACKO,Motor,Commercial GCV,Bundled,Annual,Addon,Roadside Assistance,Addon Claim,Addon Trigger,Low,High,60000,800000,Yes,No,Yes,Medium,Medium,High,Invoice|Survey Report,Addon Conditions Not Met,Loss Heavy,0.05,0.9,3000.0,1.08,0.46,Urban,Delhi,Mumbai,0.52,0.32,0.53,12,False,0.75,0.25,0.08
ACKO,Motor,Commercial GCV,Bundled,Annual,Addon,NCB Protect,Addon Claim,Addon Trigger,Low,High,60000,800000,Yes,No,Yes,Medium,Medium,High,Invoice|Survey Report,Addon Conditions Not Met,Loss Heavy,0.05,0.9,3000.0,1.08,0.53,Metro,Delhi,Bangalore,0.39,0.27,0.79,7,False,0.68,0.25,0.08
ACKO,Motor,Commercial GCV,Bundled,Annual,Addon,Return to Invoice,Addon Claim,Addon Trigger,Low,High,60000,800000,Yes,No,Yes,Medium,Medium,High,Invoice|Survey Report,Addon Conditions Not Met,Loss Heavy,0.05,0.9,3000.0,1.08,0.65,Rural,Tamil Nadu,Bangalore,0.48,0.47,0.41,11,False,0.55,0.25,0.08
ACKO,Motor,Commercial GCV,Bundled,Annual,Addon,Invoice Cover,Addon Claim,Addon Trigger,Low,High,60000,800000,Yes,No,Yes,Medium,Medium,High,Invoice|Survey Report,Addon Conditions Not Met,Loss Heavy,0.05,0.9,3000.0,1.08,0.48,Urban,Maharashtra,Chennai,0.41,0.5,0.34,8,False,0.79,0.25,0.08
ACKO,Motor,Commercial GCV,Bundled,Annual,Addon,PAYD Benefit,Addon Claim,Addon Trigger,Low,High,60000,800000,Yes,No,Yes,Medium,Medium,High,Invoice|Survey Report,Addon Conditions Not Met,Loss Heavy,0.05,0.9,3000.0,1.08,0.36,Rural,Maharashtra,Mumbai,0.85,0.77,0.84,14,False,0.51,0.25,0.08
ACKO,Motor,Commercial GCV,Bundled,Annual,Addon,EV Addon,Addon Claim,Addon Trigger,Low,High,60000,800000,Yes,No,Yes,Medium,Medium,High,Invoice|Survey Report,Addon Conditions Not Met,Loss Heavy,0.05,0.9,3000.0,1.08,0.22,Rural,Karnataka,Chennai,0.39,0.68,0.42,7,False,0.65,0.25,0.08
ACKO,Motor,Commercial GCV,Bundled,Annual,Addon,EMI Protector,Addon Claim,Addon Trigger,Low,High,60000,800000,Yes,No,Yes,Medium,Medium,High,Invoice|Survey Report,Addon Conditions Not Met,Loss Heavy,0.05,0.9,3000.0,1.08,0.5,Rural,Gujarat,Delhi,0.62,0.36,0.85,11,False,0.63,0.25,0.08
ACKO,Motor,Commercial GCV,Bundled,Annual,Addon,Loss of Use,Addon Claim,Addon Trigger,Low,High,60000,800000,Yes,No,Yes,Medium,Medium,High,Invoice|Survey Report,Addon Conditions Not Met,Loss Heavy,0.05,0.9,3000.0,1.08,0.47,Urban,Tamil Nadu,Delhi,0.71,0.32,0.51,14,False,0.82,0.25,0.08
ACKO,Motor,Commercial GCV,Bundled,Annual,Addon,Key Protect,Addon Claim,Addon Trigger,Low,High,60000,800000,Yes,No,Yes,Medium,Medium,High,Invoice|Survey Report,Addon Conditions Not Met,Loss Heavy,0.05,0.9,3000.0,1.08,0.35,Rural,Karnataka,Chennai,0.87,0.25,0.51,7,False,0.5,0.25,0.08
ACKO,Motor,Commercial GCV,Bundled,Annual,Addon,Personal Belongings,Addon Claim,Addon Trigger,Low,High,60000,800000,Yes,No,Yes,Medium,Medium,High,Invoice|Survey Report,Addon Conditions Not Met,Loss Heavy,0.05,0.9,3000.0,1.08,0.39,Metro,Gujarat,Ahmedabad,0.37,0.49,0.78,13,False,0.78,0.25,0.08
ACKO,Motor,Commercial GCV,Standalone Own Damage,Annual,Base,Own Damage,Accident / Liability,Policy Defined Event,Medium,Medium,35000,300000,Yes,Yes,Yes,Medium,Low,Medium,Claim Form|FIR|Photos,Policy Breach,Balanced,0.15,0.9,5250.0,1.08,0.29,Rural,Delhi,Mumbai,0.8,0.58,0.77,12,False,0.78,0.25,0.03
ACKO,Motor,Commercial GCV,Standalone Own Damage,Annual,Base,Personal Accident,Accident / Liability,Policy Defined Event,Medium,Medium,35000,300000,Yes,Yes,Yes,Medium,Low,Medium,Claim Form|FIR|Photos,Policy Breach,Balanced,0.15,0.9,5250.0,1.08,0.53,Rural,Gujarat,Delhi,0.65,0.63,0.38,14,False,0.5,0.25,0.03
ACKO,Motor,Commercial GCV,Standalone Own Damage,Annual,Addon,Zero Depreciation,Addon Claim,Addon Trigger,Low,High,60000,800000,Yes,No,Yes,Medium,Medium,High,Invoice|Survey Report,Addon Conditions Not Met,Loss Heavy,0.05,0.9,3000.0,1.08,0.35,Urban,Karnataka,Bangalore,0.44,0.54,0.42,12,False,0.67,0.25,0.08
ACKO,Motor,Commercial GCV,Standalone Own Damage,Annual,Addon,Engine Protect,Addon Claim,Addon Trigger,Low,High,60000,800000,Yes,No,Yes,Medium,Medium,High,Invoice|Survey Report,Addon Conditions Not Met,Loss Heavy,0.05,0.9,3000.0,1.08,0.49,Metro,Karnataka,Ahmedabad,0.56,0.33,0.59,14,False,0.73,0.25,0.08
ACKO,Motor,Commercial GCV,Standalone Own Damage,Annual,Addon,Gearbox Protect,Addon Claim,Addon Trigger,Low,High,60000,800000,Yes,No,Yes,Medium,Medium,High,Invoice|Survey Report,Addon Conditions Not Met,Loss Heavy,0.05,0.9,3000.0,1.08,0.51,Metro,Maharashtra,Delhi,0.74,0.72,0.53,9,False,0.74,0.25,0.08
ACKO,Motor,Commercial GCV,Standalone Own Damage,Annual,Addon,Consumables,Addon Claim,Addon Trigger,Low,High,60000,800000,Yes,No,Yes,Medium,Medium,High,Invoice|Survey Report,Addon Conditions Not Met,Loss Heavy,0.05,0.9,3000.0,1.08,0.48,Metro,Gujarat,Ahmedabad,0.74,0.32,0.8,13,False,0.68,0.25,0.08
ACKO,Motor,Commercial GCV,Standalone Own Damage,Annual,Addon,Tyre Protect,Addon Claim,Addon Trigger,Low,High,60000,800000,Yes,No,Yes,Medium,Medium,High,Invoice|Survey Report,Addon Conditions Not Met,Loss Heavy,0.05,0.9,3000.0,1.08,0.3,Rural,Karnataka,Delhi,0.88,0.65,0.76,11,False,0.64,0.25,0.08
ACKO,Motor,Commercial GCV,Standalone Own Damage,Annual,Addon,Roadside Assistance,Addon Claim,Addon Trigger,Low,High,60000,800000,Yes,No,Yes,Medium,Medium,High,Invoice|Survey Report,Addon Conditions Not Met,Loss Heavy,0.05,0.9,3000.0,1.08,0.44,Rural,Karnataka,Bangalore,0.49,0.25,0.87,11,False,0.66,0.25,0.08
ACKO,Motor,Commercial GCV,Standalone Own Damage,Annual,Addon,NCB Protect,Addon Claim,Addon Trigger,Low,High,60000,800000,Yes,No,Yes,Medium,Medium,High,Invoice|Survey Report,Addon Conditions Not Met,Loss Heavy,0.05,0.9,3000.0,1.08,0.48,Urban,Karnataka,Mumbai,0.4,0.48,0.63,12,False,0.77,0.25,0.08
ACKO,Motor,Commercial GCV,Standalone Own Damage,Annual,Addon,Return to Invoice,Addon Claim,Addon Trigger,Low,High,60000,800000,Yes,No,Yes,Medium,Medium,High,Invoice|Survey Report,Addon Conditions Not Met,Loss Heavy,0.05,0.9,3000.0,1.08,0.57,Rural,Gujarat,Mumbai,0.88,0.73,0.73,9,False,0.8,0.25,0.08
ACKO,Motor,Commercial GCV,Standalone Own Damage,Annual,Addon,Invoice Cover,Addon Claim,Addon Trigger,Low,High,60000,800000,Yes,No,Yes,Medium,Medium,High,Invoice|Survey Report,Addon Conditions Not Met,Loss Heavy,0.05,0.9,3000.0,1.08,0.51,Rural,Delhi,Bangalore,0.8,0.58,0.44,10,False,0.62,0.25,0.08
ACKO,Motor,Commercial GCV,Standalone Own Damage,Annual,Addon,PAYD Benefit,Addon Claim,Addon Trigger,Low,High,60000,800000,Yes,No,Yes,Medium,Medium,High,Invoice|Survey Report,Addon Conditions Not Met,Loss Heavy,0.05,0.9,3000.0,1.08,0.61,Rural,Delhi,Chennai,0.53,0.38,0.62,7,False,0.65,0.25,0.08
ACKO,Motor,Commercial GCV,Standalone Own Damage,Annual,Addon,EV Addon,Addon Claim,Addon Trigger,Low,High,60000,800000,Yes,No,Yes,Medium,Medium,High,Invoice|Survey Report,Addon Conditions Not Met,Loss Heavy,0.05,0.9,3000.0,1.08,0.55,Urban,Tamil Nadu,Ahmedabad,0.83,0.44,0.86,14,False,0.53,0.25,0.08
ACKO,Motor,Commercial GCV,Standalone Own Damage,Annual,Addon,EMI Protector,Addon Claim,Addon Trigger,Low,High,60000,800000,Yes,No,Yes,Medium,Medium,High,Invoice|Survey Report,Addon Conditions Not Met,Loss Heavy,0.05,0.9,3000.0,1.08,0.32,Rural,Maharashtra,Ahmedabad,0.8,0.78,0.32,14,False,0.81,0.25,0.08
ACKO,Motor,Commercial GCV,Standalone Own Damage,Annual,Addon,Loss of Use,Addon Claim,Addon Trigger,Low,High,60000,800000,Yes,No,Yes,Medium,Medium,High,Invoice|Survey Report,Addon Conditions Not Met,Loss Heavy,0.05,0.9,3000.0,1.08,0.24,Metro,Delhi,Ahmedabad,0.31,0.48,0.59,12,False,0.79,0.25,0.08
ACKO,Motor,Commercial GCV,Standalone Own Damage,Annual,Addon,Key Protect,Addon Claim,Addon Trigger,Low,High,60000,800000,Yes,No,Yes,Medium,Medium,High,Invoice|Survey Report,Addon Conditions Not Met,Loss Heavy,0.05,0.9,3000.0,1.08,0.21,Metro,Delhi,Bangalore,0.38,0.36,0.47,8,False,0.8,0.25,0.08
ACKO,Motor,Commercial GCV,Standalone Own Damage,Annual,Addon,Personal Belongings,Addon Claim,Addon Trigger,Low,High,60000,800000,Yes,No,Yes,Medium,Medium,High,Invoice|Survey Report,Addon Conditions Not Met,Loss Heavy,0.05,0.9,3000.0,1.08,0.63,Metro,Maharashtra,Chennai,0.51,0.47,0.68,10,False,0.72,0.25,0.08
ACKO,Motor,Commercial GCV,Liability Only,Annual,Base,Third Party,Accident / Liability,Policy Defined Event,Medium,Medium,35000,300000,Yes,Yes,Yes,Medium,Low,Medium,Claim Form|FIR|Photos,Policy Breach,Balanced,0.15,0.9,5250.0,1.08,0.33,Urban,Maharashtra,Bangalore,0.3,0.26,0.4,8,False,0.55,0.25,0.03
ACKO,Motor,Commercial GCV,Liability Only,Annual,Base,Personal Accident,Accident / Liability,Policy Defined Event,Medium,Medium,35000,300000,Yes,Yes,Yes,Medium,Low,Medium,Claim Form|FIR|Photos,Policy Breach,Balanced,0.15,0.9,5250.0,1.08,0.33,Urban,Maharashtra,Mumbai,0.42,0.67,0.54,12,False,0.66,0.25,0.03
ACKO,Motor,Commercial GCV,Long Term Package,Annual,Base,Own Damage,Accident / Liability,Policy Defined Event,Medium,Medium,35000,300000,Yes,Yes,Yes,Medium,Low,Medium,Claim Form|FIR|Photos,Policy Breach,Balanced,0.15,0.9,5250.0,1.08,0.54,Rural,Maharashtra,Delhi,0.39,0.29,0.36,12,False,0.82,0.25,0.03
ACKO,Motor,Commercial GCV,Long Term Package,Annual,Base,Third Party,Accident / Liability,Policy Defined Event,Medium,Medium,35000,300000,Yes,Yes,Yes,Medium,Low,Medium,Claim Form|FIR|Photos,Policy Breach,Balanced,0.15,0.9,5250.0,1.08,0.24,Urban,Karnataka,Mumbai,0.89,0.21,0.38,14,False,0.81,0.25,0.03
ACKO,Motor,Commercial GCV,Long Term Package,Annual,Base,Personal Accident,Accident / Liability,Policy Defined Event,Medium,Medium,35000,300000,Yes,Yes,Yes,Medium,Low,Medium,Claim Form|FIR|Photos,Policy Breach,Balanced,0.15,0.9,5250.0,1.08,0.46,Urban,Maharashtra,Bangalore,0.82,0.22,0.64,11,False,0.84,0.25,0.03
ACKO,Motor,Commercial GCV,Long Term Package,Annual,Addon,Zero Depreciation,Addon Claim,Addon Trigger,Low,High,60000,800000,Yes,No,Yes,Medium,Medium,High,Invoice|Survey Report,Addon Conditions Not Met,Loss Heavy,0.05,0.9,3000.0,1.08,0.57,Urban,Karnataka,Ahmedabad,0.64,0.51,0.38,13,False,0.82,0.25,0.08
ACKO,Motor,Commercial GCV,Long Term Package,Annual,Addon,Engine Protect,Addon Claim,Addon Trigger,Low,High,60000,800000,Yes,No,Yes,Medium,Medium,High,Invoice|Survey Report,Addon Conditions Not Met,Loss Heavy,0.05,0.9,3000.0,1.08,0.59,Metro,Gujarat,Ahmedabad,0.79,0.67,0.64,8,False,0.84,0.25,0.08
ACKO,Motor,Commercial GCV,Long Term Package,Annual,Addon,Gearbox Protect,Addon Claim,Addon Trigger,Low,High,60000,800000,Yes,No,Yes,Medium,Medium,High,Invoice|Survey Report,Addon Conditions Not Met,Loss Heavy,0.05,0.9,3000.0,1.08,0.46,Rural,Delhi,Bangalore,0.67,0.3,0.47,13,False,0.84,0.25,0.08
ACKO,Motor,Commercial GCV,Long Term Package,Annual,Addon,Consumables,Addon Claim,Addon Trigger,Low,High,60000,800000,Yes,No,Yes,Medium,Medium,High,Invoice|Survey Report,Addon Conditions Not Met,Loss Heavy,0.05,0.9,3000.0,1.08,0.38,Metro,Tamil Nadu,Ahmedabad,0.4,0.61,0.88,14,False,0.54,0.25,0.08
ACKO,Motor,Commercial GCV,Long Term Package,Annual,Addon,Tyre Protect,Addon Claim,Addon Trigger,Low,High,60000,800000,Yes,No,Yes,Medium,Medium,High,Invoice|Survey Report,Addon Conditions Not Met,Loss Heavy,0.05,0.9,3000.0,1.08,0.63,Metro,Gujarat,Mumbai,0.87,0.58,0.41,11,False,0.68,0.25,0.08
ACKO,Motor,Commercial GCV,Long Term Package,Annual,Addon,Roadside Assistance,Addon Claim,Addon Trigger,Low,High,60000,800000,Yes,No,Yes,Medium,Medium,High,Invoice|Survey Report,Addon Conditions Not Met,Loss Heavy,0.05,0.9,3000.0,1.08,0.25,Urban,Gujarat,Bangalore,0.53,0.7,0.36,14,False,0.54,0.25,0.08
ACKO,Motor,Commercial GCV,Long Term Package,Annual,Addon,NCB Protect,Addon Claim,Addon Trigger,Low,High,60000,800000,Yes,No,Yes,Medium,Medium,High,Invoice|Survey Report,Addon Conditions Not Met,Loss Heavy,0.05,0.9,3000.0,1.08,0.3,Metro,Gujarat,Delhi,0.61,0.8,0.65,7,False,0.82,0.25,0.08
ACKO,Motor,Commercial GCV,Long Term Package,Annual,Addon,Return to Invoice,Addon Claim,Addon Trigger,Low,High,60000,800000,Yes,No,Yes,Medium,Medium,High,Invoice|Survey Report,Addon Conditions Not Met,Loss Heavy,0.05,0.9,3000.0,1.08,0.39,Urban,Gujarat,Chennai,0.67,0.21,0.83,8,False,0.77,0.25,0.08
ACKO,Motor,Commercial GCV,Long Term Package,Annual,Addon,Invoice Cover,Addon Claim,Addon Trigger,Low,High,60000,800000,Yes,No,Yes,Medium,Medium,High,Invoice|Survey Report,Addon Conditions Not Met,Loss Heavy,0.05,0.9,3000.0,1.08,0.61,Urban,Gujarat,Chennai,0.67,0.76,0.55,13,False,0.63,0.25,0.08
ACKO,Motor,Commercial GCV,Long Term Package,Annual,Addon,PAYD Benefit,Addon Claim,Addon Trigger,Low,High,60000,800000,Yes,No,Yes,Medium,Medium,High,Invoice|Survey Report,Addon Conditions Not Met,Loss Heavy,0.05,0.9,3000.0,1.08,0.46,Rural,Delhi,Delhi,0.7,0.64,0.85,11,False,0.55,0.25,0.08
ACKO,Motor,Commercial GCV,Long Term Package,Annual,Addon,EV Addon,Addon Claim,Addon Trigger,Low,High,60000,800000,Yes,No,Yes,Medium,Medium,High,Invoice|Survey Report,Addon Conditions Not Met,Loss Heavy,0.05,0.9,3000.0,1.08,0.43,Metro,Karnataka,Delhi,0.46,0.2,0.5,7,False,0.61,0.25,0.08
ACKO,Motor,Commercial GCV,Long Term Package,Annual,Addon,EMI Protector,Addon Claim,Addon Trigger,Low,High,60000,800000,Yes,No,Yes,Medium,Medium,High,Invoice|Survey Report,Addon Conditions Not Met,Loss Heavy,0.05,0.9,3000.0,1.08,0.59,Urban,Gujarat,Delhi,0.7,0.49,0.85,11,False,0.78,0.25,0.08
ACKO,Motor,Commercial GCV,Long Term Package,Annual,Addon,Loss of Use,Addon Claim,Addon Trigger,Low,High,60000,800000,Yes,No,Yes,Medium,Medium,High,Invoice|Survey Report,Addon Conditions Not Met,Loss Heavy,0.05,0.9,3000.0,1.08,0.44,Urban,Karnataka,Ahmedabad,0.59,0.79,0.59,8,False,0.71,0.25,0.08
ACKO,Motor,Commercial GCV,Long Term Package,Annual,Addon,Key Protect,Addon Claim,Addon Trigger,Low,High,60000,800000,Yes,No,Yes,Medium,Medium,High,Invoice|Survey Report,Addon Conditions Not Met,Loss Heavy,0.05,0.9,3000.0,1.08,0.36,Metro,Gujarat,Bangalore,0.51,0.73,0.55,7,False,0.52,0.25,0.08
ACKO,Motor,Commercial GCV,Long Term Package,Annual,Addon,Personal Belongings,Addon Claim,Addon Trigger,Low,High,60000,800000,Yes,No,Yes,Medium,Medium,High,Invoice|Survey Report,Addon Conditions Not Met,Loss Heavy,0.05,0.9,3000.0,1.08,0.21,Metro,Maharashtra,Mumbai,0.38,0.27,0.81,10,False,0.6,0.25,0.08
ACKO,Motor,Commercial PCV,Package,Annual,Base,Own Damage,Accident / Liability,Policy Defined Event,Medium,Medium,35000,300000,Yes,Yes,Yes,Medium,Low,Medium,Claim Form|FIR|Photos,Policy Breach,Balanced,0.15,0.9,5250.0,1.08,0.57,Metro,Karnataka,Delhi,0.43,0.42,0.38,9,False,0.61,0.25,0.03
ACKO,Motor,Commercial PCV,Package,Annual,Base,Third Party,Accident / Liability,Policy Defined Event,Medium,Medium,35000,300000,Yes,Yes,Yes,Medium,Low,Medium,Claim Form|FIR|Photos,Policy Breach,Balanced,0.15,0.9,5250.0,1.08,0.52,Metro,Karnataka,Chennai,0.59,0.47,0.88,11,False,0.6,0.25,0.03
ACKO,Motor,Commercial PCV,Package,Annual,Base,Personal Accident,Accident / Liability,Policy Defined Event,Medium,Medium,35000,300000,Yes,Yes,Yes,Medium,Low,Medium,Claim Form|FIR|Photos,Policy Breach,Balanced,0.15,0.9,5250.0,1.08,0.36,Metro,Delhi,Ahmedabad,0.51,0.78,0.63,8,False,0.77,0.25,0.03
ACKO,Motor,Commercial PCV,Package,Annual,Addon,Zero Depreciation,Addon Claim,Addon Trigger,Low,High,60000,800000,Yes,No,Yes,Medium,Medium,High,Invoice|Survey Report,Addon Conditions Not Met,Loss Heavy,0.05,0.9,3000.0,1.08,0.27,Urban,Delhi,Bangalore,0.34,0.51,0.8,7,False,0.75,0.25,0.08
ACKO,Motor,Commercial PCV,Package,Annual,Addon,Engine Protect,Addon Claim,Addon Trigger,Low,High,60000,800000,Yes,No,Yes,Medium,Medium,High,Invoice|Survey Report,Addon Conditions Not Met,Loss Heavy,0.05,0.9,3000.0,1.08,0.41,Urban,Gujarat,Chennai,0.44,0.63,0.32,11,False,0.67,0.25,0.08
ACKO,Motor,Commercial PCV,Package,Annual,Addon,Gearbox Protect,Addon Claim,Addon Trigger,Low,High,60000,800000,Yes,No,Yes,Medium,Medium,High,Invoice|Survey Report,Addon Conditions Not Met,Loss Heavy,0.05,0.9,3000.0,1.08,0.38,Rural,Tamil Nadu,Ahmedabad,0.42,0.61,0.61,13,False,0.54,0.25,0.08
ACKO,Motor,Commercial PCV,Package,Annual,Addon,Consumables,Addon Claim,Addon Trigger,Low,High,60000,800000,Yes,No,Yes,Medium,Medium,High,Invoice|Survey Report,Addon Conditions Not Met,Loss Heavy,0.05,0.9,3000.0,1.08,0.39,Metro,Gujarat,Delhi,0.71,0.31,0.48,13,False,0.77,0.25,0.08
ACKO,Motor,Commercial PCV,Package,Annual,Addon,Tyre Protect,Addon Claim,Addon Trigger,Low,High,60000,800000,Yes,No,Yes,Medium,Medium,High,Invoice|Survey Report,Addon Conditions Not Met,Loss Heavy,0.05,0.9,3000.0,1.08,0.49,Urban,Gujarat,Ahmedabad,0.67,0.66,0.49,14,False,0.54,0.25,0.08
ACKO,Motor,Commercial PCV,Package,Annual,Addon,Roadside Assistance,Addon Claim,Addon Trigger,Low,High,60000,800000,Yes,No,Yes,Medium,Medium,High,Invoice|Survey Report,Addon Conditions Not Met,Loss Heavy,0.05,0.9,3000.0,1.08,0.34,Urban,Karnataka,Delhi,0.52,0.57,0.76,9,False,0.74,0.25,0.08
ACKO,Motor,Commercial PCV,Package,Annual,Addon,NCB Protect,Addon Claim,Addon Trigger,Low,High,60000,800000,Yes,No,Yes,Medium,Medium,High,Invoice|Survey Report,Addon Conditions Not Met,Loss Heavy,0.05,0.9,3000.0,1.08,0.24,Rural,Gujarat,Chennai,0.7,0.79,0.84,9,False,0.82,0.25,0.08
ACKO,Motor,Commercial PCV,Package,Annual,Addon,Return to Invoice,Addon Claim,Addon Trigger,Low,High,60000,800000,Yes,No,Yes,Medium,Medium,High,Invoice|Survey Report,Addon Conditions Not Met,Loss Heavy,0.05,0.9,3000.0,1.08,0.22,Urban,Delhi,Mumbai,0.64,0.58,0.41,9,False,0.65,0.25,0.08
ACKO,Motor,Commercial PCV,Package,Annual,Addon,Invoice Cover,Addon Claim,Addon Trigger,Low,High,60000,800000,Yes,No,Yes,Medium,Medium,High,Invoice|Survey Report,Addon Conditions Not Met,Loss Heavy,0.05,0.9,3000.0,1.08,0.5,Metro,Delhi,Mumbai,0.48,0.26,0.47,8,False,0.83,0.25,0.08
ACKO,Motor,Commercial PCV,Package,Annual,Addon,PAYD Benefit,Addon Claim,Addon Trigger,Low,High,60000,800000,Yes,No,Yes,Medium,Medium,High,Invoice|Survey Report,Addon Conditions Not Met,Loss Heavy,0.05,0.9,3000.0,1.08,0.55,Urban,Delhi,Delhi,0.83,0.78,0.34,11,False,0.59,0.25,0.08
ACKO,Motor,Commercial PCV,Package,Annual,Addon,EV Addon,Addon Claim,Addon Trigger,Low,High,60000,800000,Yes,No,Yes,Medium,Medium,High,Invoice|Survey Report,Addon Conditions Not Met,Loss Heavy,0.05,0.9,3000.0,1.08,0.68,Metro,Karnataka,Chennai,0.57,0.59,0.61,9,False,0.7,0.25,0.08
ACKO,Motor,Commercial PCV,Package,Annual,Addon,EMI Protector,Addon Claim,Addon Trigger,Low,High,60000,800000,Yes,No,Yes,Medium,Medium,High,Invoice|Survey Report,Addon Conditions Not Met,Loss Heavy,0.05,0.9,3000.0,1.08,0.28,Rural,Gujarat,Delhi,0.79,0.52,0.64,13,False,0.77,0.25,0.08
ACKO,Motor,Commercial PCV,Package,Annual,Addon,Loss of Use,Addon Claim,Addon Trigger,Low,High,60000,800000,Yes,No,Yes,Medium,Medium,High,Invoice|Survey Report,Addon Conditions Not Met,Loss Heavy,0.05,0.9,3000.0,1.08,0.39,Urban,Karnataka,Mumbai,0.41,0.39,0.34,9,False,0.54,0.25,0.08
ACKO,Motor,Commercial PCV,Package,Annual,Addon,Key Protect,Addon Claim,Addon Trigger,Low,High,60000,800000,Yes,No,Yes,Medium,Medium,High,Invoice|Survey Report,Addon Conditions Not Met,Loss Heavy,0.05,0.9,3000.0,1.08,0.35,Metro,Maharashtra,Delhi,0.3,0.35,0.46,11,False,0.83,0.25,0.08
ACKO,Motor,Commercial PCV,Package,Annual,Addon,Personal Belongings,Addon Claim,Addon Trigger,Low,High,60000,800000,Yes,No,Yes,Medium,Medium,High,Invoice|Survey Report,Addon Conditions Not Met,Loss Heavy,0.05,0.9,3000.0,1.08,0.47,Urban,Tamil Nadu,Bangalore,0.58,0.36,0.79,11,False,0.7,0.25,0.08
ACKO,Motor,Commercial PCV,Bundled,Annual,Base,Own Damage,Accident / Liability,Policy Defined Event,Medium,Medium,35000,300000,Yes,Yes,Yes,Medium,Low,Medium,Claim Form|FIR|Photos,Policy Breach,Balanced,0.15,0.9,5250.0,1.08,0.55,Rural,Karnataka,Ahmedabad,0.75,0.34,0.82,10,False,0.75,0.25,0.03
ACKO,Motor,Commercial PCV,Bundled,Annual,Base,Third Party,Accident / Liability,Policy Defined Event,Medium,Medium,35000,300000,Yes,Yes,Yes,Medium,Low,Medium,Claim Form|FIR|Photos,Policy Breach,Balanced,0.15,0.9,5250.0,1.08,0.63,Rural,Maharashtra,Delhi,0.76,0.76,0.43,9,False,0.67,0.25,0.03
ACKO,Motor,Commercial PCV,Bundled,Annual,Base,Personal Accident,Accident / Liability,Policy Defined Event,Medium,Medium,35000,300000,Yes,Yes,Yes,Medium,Low,Medium,Claim Form|FIR|Photos,Policy Breach,Balanced,0.15,0.9,5250.0,1.08,0.51,Metro,Delhi,Bangalore,0.44,0.48,0.44,10,False,0.75,0.25,0.03
ACKO,Motor,Commercial PCV,Bundled,Annual,Addon,Zero Depreciation,Addon Claim,Addon Trigger,Low,High,60000,800000,Yes,No,Yes,Medium,Medium,High,Invoice|Survey Report,Addon Conditions Not Met,Loss Heavy,0.05,0.9,3000.0,1.08,0.47,Urban,Tamil Nadu,Mumbai,0.32,0.72,0.79,12,False,0.78,0.25,0.08
ACKO,Motor,Commercial PCV,Bundled,Annual,Addon,Engine Protect,Addon Claim,Addon Trigger,Low,High,60000,800000,Yes,No,Yes,Medium,Medium,High,Invoice|Survey Report,Addon Conditions Not Met,Loss Heavy,0.05,0.9,3000.0,1.08,0.63,Rural,Gujarat,Delhi,0.32,0.79,0.37,13,False,0.7,0.25,0.08
ACKO,Motor,Commercial PCV,Bundled,Annual,Addon,Gearbox Protect,Addon Claim,Addon Trigger,Low,High,60000,800000,Yes,No,Yes,Medium,Medium,High,Invoice|Survey Report,Addon Conditions Not Met,Loss Heavy,0.05,0.9,3000.0,1.08,0.56,Metro,Maharashtra,Ahmedabad,0.49,0.78,0.89,13,False,0.69,0.25,0.08
ACKO,Motor,Commercial PCV,Bundled,Annual,Addon,Consumables,Addon Claim,Addon Trigger,Low,High,60000,800000,Yes,No,Yes,Medium,Medium,High,Invoice|Survey Report,Addon Conditions Not Met,Loss Heavy,0.05,0.9,3000.0,1.08,0.33,Rural,Delhi,Delhi,0.81,0.29,0.36,7,False,0.77,0.25,0.08
ACKO,Motor,Commercial PCV,Bundled,Annual,Addon,Tyre Protect,Addon Claim,Addon Trigger,Low,High,60000,800000,Yes,No,Yes,Medium,Medium,High,Invoice|Survey Report,Addon Conditions Not Met,Loss Heavy,0.05,0.9,3000.0,1.08,0.29,Urban,Karnataka,Bangalore,0.87,0.22,0.51,9,False,0.73,0.25,0.08
ACKO,Motor,Commercial PCV,Bundled,Annual,Addon,Roadside Assistance,Addon Claim,Addon Trigger,Low,High,60000,800000,Yes,No,Yes,Medium,Medium,High,Invoice|Survey Report,Addon Conditions Not Met,Loss Heavy,0.05,0.9,3000.0,1.08,0.62,Rural,Karnataka,Ahmedabad,0.69,0.74,0.47,10,False,0.57,0.25,0.08
ACKO,Motor,Commercial PCV,Bundled,Annual,Addon,NCB Protect,Addon Claim,Addon Trigger,Low,High,60000,800000,Yes,No,Yes,Medium,Medium,High,Invoice|Survey Report,Addon Conditions Not Met,Loss Heavy,0.05,0.9,3000.0,1.08,0.65,Metro,Delhi,Bangalore,0.33,0.34,0.78,14,False,0.81,0.25,0.08
ACKO,Motor,Commercial PCV,Bundled,Annual,Addon,Return to Invoice,Addon Claim,Addon Trigger,Low,High,60000,800000,Yes,No,Yes,Medium,Medium,High,Invoice|Survey Report,Addon Conditions Not Met,Loss Heavy,0.05,0.9,3000.0,1.08,0.38,Metro,Delhi,Bangalore,0.32,0.29,0.69,8,False,0.67,0.25,0.08
ACKO,Motor,Commercial PCV,Bundled,Annual,Addon,Invoice Cover,Addon Claim,Addon Trigger,Low,High,60000,800000,Yes,No,Yes,Medium,Medium,High,Invoice|Survey Report,Addon Conditions Not Met,Loss Heavy,0.05,0.9,3000.0,1.08,0.23,Urban,Gujarat,Bangalore,0.84,0.55,0.5,9,False,0.68,0.25,0.08
ACKO,Motor,Commercial PCV,Bundled,Annual,Addon,PAYD Benefit,Addon Claim,Addon Trigger,Low,High,60000,800000,Yes,No,Yes,Medium,Medium,High,Invoice|Survey Report,Addon Conditions Not Met,Loss Heavy,0.05,0.9,3000.0,1.08,0.69,Metro,Tamil Nadu,Mumbai,0.6,0.7,0.67,9,False,0.69,0.25,0.08
ACKO,Motor,Commercial PCV,Bundled,Annual,Addon,EV Addon,Addon Claim,Addon Trigger,Low,High,60000,800000,Yes,No,Yes,Medium,Medium,High,Invoice|Survey Report,Addon Conditions Not Met,Loss Heavy,0.05,0.9,3000.0,1.08,0.24,Urban,Delhi,Ahmedabad,0.68,0.47,0.4,8,False,0.84,0.25,0.08
ACKO,Motor,Commercial PCV,Bundled,Annual,Addon,EMI Protector,Addon Claim,Addon Trigger,Low,High,60000,800000,Yes,No,Yes,Medium,Medium,High,Invoice|Survey Report,Addon Conditions Not Met,Loss Heavy,0.05,0.9,3000.0,1.08,0.38,Urban,Tamil Nadu,Delhi,0.38,0.39,0.44,8,False,0.56,0.25,0.08
ACKO,Motor,Commercial PCV,Bundled,Annual,Addon,Loss of Use,Addon Claim,Addon Trigger,Low,High,60000,800000,Yes,No,Yes,Medium,Medium,High,Invoice|Survey Report,Addon Conditions Not Met,Loss Heavy,0.05,0.9,3000.0,1.08,0.3,Urban,Karnataka,Mumbai,0.35,0.43,0.37,11,False,0.62,0.25,0.08
ACKO,Motor,Commercial PCV,Bundled,Annual,Addon,Key Protect,Addon Claim,Addon Trigger,Low,High,60000,800000,Yes,No,Yes,Medium,Medium,High,Invoice|Survey Report,Addon Conditions Not Met,Loss Heavy,0.05,0.9,3000.0,1.08,0.31,Urban,Delhi,Bangalore,0.5,0.22,0.75,7,False,0.54,0.25,0.08
ACKO,Motor,Commercial PCV,Bundled,Annual,Addon,Personal Belongings,Addon Claim,Addon Trigger,Low,High,60000,800000,Yes,No,Yes,Medium,Medium,High,Invoice|Survey Report,Addon Conditions Not Met,Loss Heavy,0.05,0.9,3000.0,1.08,0.57,Metro,Gujarat,Delhi,0.75,0.27,0.32,10,False,0.58,0.25,0.08
ACKO,Motor,Commercial PCV,Standalone Own Damage,Annual,Base,Own Damage,Accident / Liability,Policy Defined Event,Medium,Medium,35000,300000,Yes,Yes,Yes,Medium,Low,Medium,Claim Form|FIR|Photos,Policy Breach,Balanced,0.15,0.9,5250.0,1.08,0.31,Metro,Tamil Nadu,Ahmedabad,0.8,0.44,0.57,13,False,0.58,0.25,0.03
ACKO,Motor,Commercial PCV,Standalone Own Damage,Annual,Base,Personal Accident,Accident / Liability,Policy Defined Event,Medium,Medium,35000,300000,Yes,Yes,Yes,Medium,Low,Medium,Claim Form|FIR|Photos,Policy Breach,Balanced,0.15,0.9,5250.0,1.08,0.43,Rural,Delhi,Delhi,0.38,0.79,0.88,11,False,0.8,0.25,0.03
ACKO,Motor,Commercial PCV,Standalone Own Damage,Annual,Addon,Zero Depreciation,Addon Claim,Addon Trigger,Low,High,60000,800000,Yes,No,Yes,Medium,Medium,High,Invoice|Survey Report,Addon Conditions Not Met,Loss Heavy,0.05,0.9,3000.0,1.08,0.44,Rural,Gujarat,Bangalore,0.51,0.29,0.78,13,False,0.51,0.25,0.08
ACKO,Motor,Commercial PCV,Standalone Own Damage,Annual,Addon,Engine Protect,Addon Claim,Addon Trigger,Low,High,60000,800000,Yes,No,Yes,Medium,Medium,High,Invoice|Survey Report,Addon Conditions Not Met,Loss Heavy,0.05,0.9,3000.0,1.08,0.2,Urban,Karnataka,Ahmedabad,0.44,0.45,0.69,14,False,0.82,0.25,0.08
ACKO,Motor,Commercial PCV,Standalone Own Damage,Annual,Addon,Gearbox Protect,Addon Claim,Addon Trigger,Low,High,60000,800000,Yes,No,Yes,Medium,Medium,High,Invoice|Survey Report,Addon Conditions Not Met,Loss Heavy,0.05,0.9,3000.0,1.08,0.68,Metro,Gujarat,Chennai,0.81,0.28,0.83,9,False,0.57,0.25,0.08
ACKO,Motor,Commercial PCV,Standalone Own Damage,Annual,Addon,Consumables,Addon Claim,Addon Trigger,Low,High,60000,800000,Yes,No,Yes,Medium,Medium,High,Invoice|Survey Report,Addon Conditions Not Met,Loss Heavy,0.05,0.9,3000.0,1.08,0.68,Rural,Maharashtra,Mumbai,0.49,0.71,0.81,8,False,0.69,0.25,0.08
ACKO,Motor,Commercial PCV,Standalone Own Damage,Annual,Addon,Tyre Protect,Addon Claim,Addon Trigger,Low,High,60000,800000,Yes,No,Yes,Medium,Medium,High,Invoice|Survey Report,Addon Conditions Not Met,Loss Heavy,0.05,0.9,3000.0,1.08,0.59,Urban,Karnataka,Mumbai,0.46,0.32,0.65,11,False,0.57,0.25,0.08
ACKO,Motor,Commercial PCV,Standalone Own Damage,Annual,Addon,Roadside Assistance,Addon Claim,Addon Trigger,Low,High,60000,800000,Yes,No,Yes,Medium,Medium,High,Invoice|Survey Report,Addon Conditions Not Met,Loss Heavy,0.05,0.9,3000.0,1.08,0.42,Metro,Tamil Nadu,Bangalore,0.39,0.7,0.49,14,False,0.69,0.25,0.08
ACKO,Motor,Commercial PCV,Standalone Own Damage,Annual,Addon,NCB Protect,Addon Claim,Addon Trigger,Low,High,60000,800000,Yes,No,Yes,Medium,Medium,High,Invoice|Survey Report,Addon Conditions Not Met,Loss Heavy,0.05,0.9,3000.0,1.08,0.5,Rural,Karnataka,Mumbai,0.55,0.32,0.77,10,False,0.76,0.25,0.08
ACKO,Motor,Commercial PCV,Standalone Own Damage,Annual,Addon,Return to Invoice,Addon Claim,Addon Trigger,Low,High,60000,800000,Yes,No,Yes,Medium,Medium,High,Invoice|Survey Report,Addon Conditions Not Met,Loss Heavy,0.05,0.9,3000.0,1.08,0.56,Urban,Tamil Nadu,Ahmedabad,0.31,0.52,0.86,11,False,0.67,0.25,0.08
ACKO,Motor,Commercial PCV,Standalone Own Damage,Annual,Addon,Invoice Cover,Addon Claim,Addon Trigger,Low,High,60000,800000,Yes,No,Yes,Medium,Medium,High,Invoice|Survey Report,Addon Conditions Not Met,Loss Heavy,0.05,0.9,3000.0,1.08,0.4,Rural,Tamil Nadu,Mumbai,0.6,0.75,0.76,14,False,0.68,0.25,0.08
ACKO,Motor,Commercial PCV,Standalone Own Damage,Annual,Addon,PAYD Benefit,Addon Claim,Addon Trigger,Low,High,60000,800000,Yes,No,Yes,Medium,Medium,High,Invoice|Survey Report,Addon Conditions Not Met,Loss Heavy,0.05,0.9,3000.0,1.08,0.22,Urban,Gujarat,Mumbai,0.54,0.59,0.38,11,False,0.51,0.25,0.08
ACKO,Motor,Commercial PCV,Standalone Own Damage,Annual,Addon,EV Addon,Addon Claim,Addon Trigger,Low,High,60000,800000,Yes,No,Yes,Medium,Medium,High,Invoice|Survey Report,Addon Conditions Not Met,Loss Heavy,0.05,0.9,3000.0,1.08,0.29,Metro,Maharashtra,Chennai,0.43,0.49,0.4,7,False,0.84,0.25,0.08
ACKO,Motor,Commercial PCV,Standalone Own Damage,Annual,Addon,EMI Protector,Addon Claim,Addon Trigger,Low,High,60000,800000,Yes,No,Yes,Medium,Medium,High,Invoice|Survey Report,Addon Conditions Not Met,Loss Heavy,0.05,0.9,3000.0,1.08,0.4,Metro,Tamil Nadu,Delhi,0.51,0.23,0.74,14,False,0.62,0.25,0.08
ACKO,Motor,Commercial PCV,Standalone Own Damage,Annual,Addon,Loss of Use,Addon Claim,Addon Trigger,Low,High,60000,800000,Yes,No,Yes,Medium,Medium,High,Invoice|Survey Report,Addon Conditions Not Met,Loss Heavy,0.05,0.9,3000.0,1.08,0.35,Metro,Tamil Nadu,Bangalore,0.45,0.61,0.48,8,False,0.54,0.25,0.08
ACKO,Motor,Commercial PCV,Standalone Own Damage,Annual,Addon,Key Protect,Addon Claim,Addon Trigger,Low,High,60000,800000,Yes,No,Yes,Medium,Medium,High,Invoice|Survey Report,Addon Conditions Not Met,Loss Heavy,0.05,0.9,3000.0,1.08,0.54,Rural,Maharashtra,Delhi,0.44,0.66,0.61,10,False,0.59,0.25,0.08
ACKO,Motor,Commercial PCV,Standalone Own Damage,Annual,Addon,Personal Belongings,Addon Claim,Addon Trigger,Low,High,60000,800000,Yes,No,Yes,Medium,Medium,High,Invoice|Survey Report,Addon Conditions Not Met,Loss Heavy,0.05,0.9,3000.0,1.08,0.56,Urban,Gujarat,Mumbai,0.4,0.42,0.31,13,False,0.69,0.25,0.08
ACKO,Motor,Commercial PCV,Liability Only,Annual,Base,Third Party,Accident / Liability,Policy Defined Event,Medium,Medium,35000,300000,Yes,Yes,Yes,Medium,Low,Medium,Claim Form|FIR|Photos,Policy Breach,Balanced,0.15,0.9,5250.0,1.08,0.33,Metro,Maharashtra,Mumbai,0.31,0.38,0.85,14,False,0.57,0.25,0.03
ACKO,Motor,Commercial PCV,Liability Only,Annual,Base,Personal Accident,Accident / Liability,Policy Defined Event,Medium,Medium,35000,300000,Yes,Yes,Yes,Medium,Low,Medium,Claim Form|FIR|Photos,Policy Breach,Balanced,0.15,0.9,5250.0,1.08,0.4,Urban,Gujarat,Delhi,0.64,0.78,0.48,14,False,0.56,0.25,0.03
ACKO,Motor,Commercial PCV,Long Term Package,Annual,Base,Own Damage,Accident / Liability,Policy Defined Event,Medium,Medium,35000,300000,Yes,Yes,Yes,Medium,Low,Medium,Claim Form|FIR|Photos,Policy Breach,Balanced,0.15,0.9,5250.0,1.08,0.33,Rural,Gujarat,Mumbai,0.43,0.66,0.54,10,False,0.75,0.25,0.03
ACKO,Motor,Commercial PCV,Long Term Package,Annual,Base,Third Party,Accident / Liability,Policy Defined Event,Medium,Medium,35000,300000,Yes,Yes,Yes,Medium,Low,Medium,Claim Form|FIR|Photos,Policy Breach,Balanced,0.15,0.9,5250.0,1.08,0.5,Metro,Gujarat,Delhi,0.77,0.53,0.32,11,False,0.7,0.25,0.03
ACKO,Motor,Commercial PCV,Long Term Package,Annual,Base,Personal Accident,Accident / Liability,Policy Defined Event,Medium,Medium,35000,300000,Yes,Yes,Yes,Medium,Low,Medium,Claim Form|FIR|Photos,Policy Breach,Balanced,0.15,0.9,5250.0,1.08,0.59,Metro,Delhi,Delhi,0.48,0.63,0.83,8,False,0.6,0.25,0.03
ACKO,Motor,Commercial PCV,Long Term Package,Annual,Addon,Zero Depreciation,Addon Claim,Addon Trigger,Low,High,60000,800000,Yes,No,Yes,Medium,Medium,High,Invoice|Survey Report,Addon Conditions Not Met,Loss Heavy,0.05,0.9,3000.0,1.08,0.39,Metro,Gujarat,Delhi,0.87,0.66,0.3,8,False,0.79,0.25,0.08
ACKO,Motor,Commercial PCV,Long Term Package,Annual,Addon,Engine Protect,Addon Claim,Addon Trigger,Low,High,60000,800000,Yes,No,Yes,Medium,Medium,High,Invoice|Survey Report,Addon Conditions Not Met,Loss Heavy,0.05,0.9,3000.0,1.08,0.27,Urban,Karnataka,Mumbai,0.31,0.41,0.84,10,False,0.8,0.25,0.08
ACKO,Motor,Commercial PCV,Long Term Package,Annual,Addon,Gearbox Protect,Addon Claim,Addon Trigger,Low,High,60000,800000,Yes,No,Yes,Medium,Medium,High,Invoice|Survey Report,Addon Conditions Not Met,Loss Heavy,0.05,0.9,3000.0,1.08,0.24,Rural,Tamil Nadu,Mumbai,0.82,0.47,0.87,9,False,0.79,0.25,0.08
ACKO,Motor,Commercial PCV,Long Term Package,Annual,Addon,Consumables,Addon Claim,Addon Trigger,Low,High,60000,800000,Yes,No,Yes,Medium,Medium,High,Invoice|Survey Report,Addon Conditions Not Met,Loss Heavy,0.05,0.9,3000.0,1.08,0.56,Urban,Tamil Nadu,Delhi,0.9,0.4,0.83,12,False,0.83,0.25,0.08
ACKO,Motor,Commercial PCV,Long Term Package,Annual,Addon,Tyre Protect,Addon Claim,Addon Trigger,Low,High,60000,800000,Yes,No,Yes,Medium,Medium,High,Invoice|Survey Report,Addon Conditions Not Met,Loss Heavy,0.05,0.9,3000.0,1.08,0.62,Urban,Tamil Nadu,Bangalore,0.49,0.31,0.88,8,False,0.83,0.25,0.08
ACKO,Motor,Commercial PCV,Long Term Package,Annual,Addon,Roadside Assistance,Addon Claim,Addon Trigger,Low,High,60000,800000,Yes,No,Yes,Medium,Medium,High,Invoice|Survey Report,Addon Conditions Not Met,Loss Heavy,0.05,0.9,3000.0,1.08,0.26,Rural,Delhi,Delhi,0.52,0.58,0.89,14,False,0.57,0.25,0.08
ACKO,Motor,Commercial PCV,Long Term Package,Annual,Addon,NCB Protect,Addon Claim,Addon Trigger,Low,High,60000,800000,Yes,No,Yes,Medium,Medium,High,Invoice|Survey Report,Addon Conditions Not Met,Loss Heavy,0.05,0.9,3000.0,1.08,0.43,Metro,Delhi,Bangalore,0.61,0.46,0.82,8,False,0.54,0.25,0.08
ACKO,Motor,Commercial PCV,Long Term Package,Annual,Addon,Return to Invoice,Addon Claim,Addon Trigger,Low,High,60000,800000,Yes,No,Yes,Medium,Medium,High,Invoice|Survey Report,Addon Conditions Not Met,Loss Heavy,0.05,0.9,3000.0,1.08,0.57,Metro,Maharashtra,Ahmedabad,0.83,0.49,0.51,14,False,0.67,0.25,0.08
ACKO,Motor,Commercial PCV,Long Term Package,Annual,Addon,Invoice Cover,Addon Claim,Addon Trigger,Low,High,60000,800000,Yes,No,Yes,Medium,Medium,High,Invoice|Survey Report,Addon Conditions Not Met,Loss Heavy,0.05,0.9,3000.0,1.08,0.26,Metro,Tamil Nadu,Bangalore,0.43,0.79,0.87,9,False,0.55,0.25,0.08
ACKO,Motor,Commercial PCV,Long Term Package,Annual,Addon,PAYD Benefit,Addon Claim,Addon Trigger,Low,High,60000,800000,Yes,No,Yes,Medium,Medium,High,Invoice|Survey Report,Addon Conditions Not Met,Loss Heavy,0.05,0.9,3000.0,1.08,0.57,Rural,Gujarat,Bangalore,0.64,0.23,0.59,12,False,0.62,0.25,0.08
ACKO,Motor,Commercial PCV,Long Term Package,Annual,Addon,EV Addon,Addon Claim,Addon Trigger,Low,High,60000,800000,Yes,No,Yes,Medium,Medium,High,Invoice|Survey Report,Addon Conditions Not Met,Loss Heavy,0.05,0.9,3000.0,1.08,0.24,Urban,Delhi,Chennai,0.87,0.67,0.32,14,False,0.76,0.25,0.08
ACKO,Motor,Commercial PCV,Long Term Package,Annual,Addon,EMI Protector,Addon Claim,Addon Trigger,Low,High,60000,800000,Yes,No,Yes,Medium,Medium,High,Invoice|Survey Report,Addon Conditions Not Met,Loss Heavy,0.05,0.9,3000.0,1.08,0.4,Rural,Delhi,Bangalore,0.55,0.52,0.58,11,False,0.66,0.25,0.08
ACKO,Motor,Commercial PCV,Long Term Package,Annual,Addon,Loss of Use,Addon Claim,Addon Trigger,Low,High,60000,800000,Yes,No,Yes,Medium,Medium,High,Invoice|Survey Report,Addon Conditions Not Met,Loss Heavy,0.05,0.9,3000.0,1.08,0.64,Rural,Tamil Nadu,Chennai,0.46,0.77,0.79,12,False,0.74,0.25,0.08
ACKO,Motor,Commercial PCV,Long Term Package,Annual,Addon,Key Protect,Addon Claim,Addon Trigger,Low,High,60000,800000,Yes,No,Yes,Medium,Medium,High,Invoice|Survey Report,Addon Conditions Not Met,Loss Heavy,0.05,0.9,3000.0,1.08,0.4,Urban,Maharashtra,Chennai,0.54,0.55,0.58,10,False,0.84,0.25,0.08
ACKO,Motor,Commercial PCV,Long Term Package,Annual,Addon,Personal Belongings,Addon Claim,Addon Trigger,Low,High,60000,800000,Yes,No,Yes,Medium,Medium,High,Invoice|Survey Report,Addon Conditions Not Met,Loss Heavy,0.05,0.9,3000.0,1.08,0.26,Rural,Delhi,Bangalore,0.76,0.4,0.73,12,False,0.59,0.25,0.08
ACKO,Motor,Commercial Misc,Package,Annual,Base,Own Damage,Accident / Liability,Policy Defined Event,Medium,Medium,35000,300000,Yes,Yes,Yes,Medium,Low,Medium,Claim Form|FIR|Photos,Policy Breach,Balanced,0.15,0.9,5250.0,1.08,0.44,Metro,Tamil Nadu,Ahmedabad,0.59,0.43,0.82,13,False,0.79,0.25,0.03
ACKO,Motor,Commercial Misc,Package,Annual,Base,Third Party,Accident / Liability,Policy Defined Event,Medium,Medium,35000,300000,Yes,Yes,Yes,Medium,Low,Medium,Claim Form|FIR|Photos,Policy Breach,Balanced,0.15,0.9,5250.0,1.08,0.25,Rural,Maharashtra,Mumbai,0.59,0.24,0.45,8,False,0.77,0.25,0.03
ACKO,Motor,Commercial Misc,Package,Annual,Base,Personal Accident,Accident / Liability,Policy Defined Event,Medium,Medium,35000,300000,Yes,Yes,Yes,Medium,Low,Medium,Claim Form|FIR|Photos,Policy Breach,Balanced,0.15,0.9,5250.0,1.08,0.54,Metro,Gujarat,Bangalore,0.47,0.78,0.55,8,False,0.83,0.25,0.03
ACKO,Motor,Commercial Misc,Package,Annual,Addon,Zero Depreciation,Addon Claim,Addon Trigger,Low,High,60000,800000,Yes,No,Yes,Medium,Medium,High,Invoice|Survey Report,Addon Conditions Not Met,Loss Heavy,0.05,0.9,3000.0,1.08,0.34,Metro,Tamil Nadu,Mumbai,0.7,0.52,0.67,14,False,0.81,0.25,0.08
ACKO,Motor,Commercial Misc,Package,Annual,Addon,Engine Protect,Addon Claim,Addon Trigger,Low,High,60000,800000,Yes,No,Yes,Medium,Medium,High,Invoice|Survey Report,Addon Conditions Not Met,Loss Heavy,0.05,0.9,3000.0,1.08,0.63,Urban,Gujarat,Delhi,0.65,0.7,0.77,9,False,0.5,0.25,0.08
ACKO,Motor,Commercial Misc,Package,Annual,Addon,Gearbox Protect,Addon Claim,Addon Trigger,Low,High,60000,800000,Yes,No,Yes,Medium,Medium,High,Invoice|Survey Report,Addon Conditions Not Met,Loss Heavy,0.05,0.9,3000.0,1.08,0.33,Rural,Tamil Nadu,Ahmedabad,0.68,0.21,0.7,12,False,0.67,0.25,0.08
ACKO,Motor,Commercial Misc,Package,Annual,Addon,Consumables,Addon Claim,Addon Trigger,Low,High,60000,800000,Yes,No,Yes,Medium,Medium,High,Invoice|Survey Report,Addon Conditions Not Met,Loss Heavy,0.05,0.9,3000.0,1.08,0.53,Metro,Karnataka,Mumbai,0.7,0.61,0.37,10,False,0.54,0.25,0.08
ACKO,Motor,Commercial Misc,Package,Annual,Addon,Tyre Protect,Addon Claim,Addon Trigger,Low,High,60000,800000,Yes,No,Yes,Medium,Medium,High,Invoice|Survey Report,Addon Conditions Not Met,Loss Heavy,0.05,0.9,3000.0,1.08,0.66,Urban,Gujarat,Delhi,0.79,0.75,0.46,7,False,0.65,0.25,0.08
ACKO,Motor,Commercial Misc,Package,Annual,Addon,Roadside Assistance,Addon Claim,Addon Trigger,Low,High,60000,800000,Yes,No,Yes,Medium,Medium,High,Invoice|Survey Report,Addon Conditions Not Met,Loss Heavy,0.05,0.9,3000.0,1.08,0.31,Rural,Maharashtra,Bangalore,0.6,0.63,0.55,7,False,0.72,0.25,0.08
ACKO,Motor,Commercial Misc,Package,Annual,Addon,NCB Protect,Addon Claim,Addon Trigger,Low,High,60000,800000,Yes,No,Yes,Medium,Medium,High,Invoice|Survey Report,Addon Conditions Not Met,Loss Heavy,0.05,0.9,3000.0,1.08,0.52,Rural,Delhi,Chennai,0.33,0.22,0.81,7,False,0.63,0.25,0.08
ACKO,Motor,Commercial Misc,Package,Annual,Addon,Return to Invoice,Addon Claim,Addon Trigger,Low,High,60000,800000,Yes,No,Yes,Medium,Medium,High,Invoice|Survey Report,Addon Conditions Not Met,Loss Heavy,0.05,0.9,3000.0,1.08,0.46,Metro,Gujarat,Bangalore,0.47,0.64,0.6,12,False,0.71,0.25,0.08
ACKO,Motor,Commercial Misc,Package,Annual,Addon,Invoice Cover,Addon Claim,Addon Trigger,Low,High,60000,800000,Yes,No,Yes,Medium,Medium,High,Invoice|Survey Report,Addon Conditions Not Met,Loss Heavy,0.05,0.9,3000.0,1.08,0.35,Rural,Karnataka,Delhi,0.54,0.39,0.44,12,False,0.71,0.25,0.08
ACKO,Motor,Commercial Misc,Package,Annual,Addon,PAYD Benefit,Addon Claim,Addon Trigger,Low,High,60000,800000,Yes,No,Yes,Medium,Medium,High,Invoice|Survey Report,Addon Conditions Not Met,Loss Heavy,0.05,0.9,3000.0,1.08,0.22,Metro,Karnataka,Mumbai,0.65,0.68,0.45,10,False,0.53,0.25,0.08
ACKO,Motor,Commercial Misc,Package,Annual,Addon,EV Addon,Addon Claim,Addon Trigger,Low,High,60000,800000,Yes,No,Yes,Medium,Medium,High,Invoice|Survey Report,Addon Conditions Not Met,Loss Heavy,0.05,0.9,3000.0,1.08,0.55,Rural,Maharashtra,Bangalore,0.83,0.69,0.55,8,False,0.51,0.25,0.08
ACKO,Motor,Commercial Misc,Package,Annual,Addon,EMI Protector,Addon Claim,Addon Trigger,Low,High,60000,800000,Yes,No,Yes,Medium,Medium,High,Invoice|Survey Report,Addon Conditions Not Met,Loss Heavy,0.05,0.9,3000.0,1.08,0.36,Urban,Gujarat,Bangalore,0.88,0.3,0.5,11,False,0.78,0.25,0.08
ACKO,Motor,Commercial Misc,Package,Annual,Addon,Loss of Use,Addon Claim,Addon Trigger,Low,High,60000,800000,Yes,No,Yes,Medium,Medium,High,Invoice|Survey Report,Addon Conditions Not Met,Loss Heavy,0.05,0.9,3000.0,1.08,0.37,Urban,Gujarat,Ahmedabad,0.8,0.27,0.7,10,False,0.57,0.25,0.08
ACKO,Motor,Commercial Misc,Package,Annual,Addon,Key Protect,Addon Claim,Addon Trigger,Low,High,60000,800000,Yes,No,Yes,Medium,Medium,High,Invoice|Survey Report,Addon Conditions Not Met,Loss Heavy,0.05,0.9,3000.0,1.08,0.57,Metro,Karnataka,Chennai,0.44,0.58,0.35,7,False,0.58,0.25,0.08
ACKO,Motor,Commercial Misc,Package,Annual,Addon,Personal Belongings,Addon Claim,Addon Trigger,Low,High,60000,800000,Yes,No,Yes,Medium,Medium,High,Invoice|Survey Report,Addon Conditions Not Met,Loss Heavy,0.05,0.9,3000.0,1.08,0.33,Metro,Gujarat,Ahmedabad,0.88,0.21,0.5,10,False,0.82,0.25,0.08
ACKO,Motor,Commercial Misc,Bundled,Annual,Base,Own Damage,Accident / Liability,Policy Defined Event,Medium,Medium,35000,300000,Yes,Yes,Yes,Medium,Low,Medium,Claim Form|FIR|Photos,Policy Breach,Balanced,0.15,0.9,5250.0,1.08,0.62,Metro,Gujarat,Chennai,0.57,0.55,0.43,7,False,0.67,0.25,0.03
ACKO,Motor,Commercial Misc,Bundled,Annual,Base,Third Party,Accident / Liability,Policy Defined Event,Medium,Medium,35000,300000,Yes,Yes,Yes,Medium,Low,Medium,Claim Form|FIR|Photos,Policy Breach,Balanced,0.15,0.9,5250.0,1.08,0.4,Rural,Delhi,Ahmedabad,0.49,0.79,0.51,7,False,0.63,0.25,0.03
ACKO,Motor,Commercial Misc,Bundled,Annual,Base,Personal Accident,Accident / Liability,Policy Defined Event,Medium,Medium,35000,300000,Yes,Yes,Yes,Medium,Low,Medium,Claim Form|FIR|Photos,Policy Breach,Balanced,0.15,0.9,5250.0,1.08,0.38,Metro,Delhi,Delhi,0.37,0.46,0.41,12,False,0.6,0.25,0.03
ACKO,Motor,Commercial Misc,Bundled,Annual,Addon,Zero Depreciation,Addon Claim,Addon Trigger,Low,High,60000,800000,Yes,No,Yes,Medium,Medium,High,Invoice|Survey Report,Addon Conditions Not Met,Loss Heavy,0.05,0.9,3000.0,1.08,0.58,Metro,Delhi,Ahmedabad,0.81,0.7,0.71,7,False,0.51,0.25,0.08
ACKO,Motor,Commercial Misc,Bundled,Annual,Addon,Engine Protect,Addon Claim,Addon Trigger,Low,High,60000,800000,Yes,No,Yes,Medium,Medium,High,Invoice|Survey Report,Addon Conditions Not Met,Loss Heavy,0.05,0.9,3000.0,1.08,0.33,Metro,Maharashtra,Delhi,0.42,0.26,0.59,11,False,0.67,0.25,0.08
ACKO,Motor,Commercial Misc,Bundled,Annual,Addon,Gearbox Protect,Addon Claim,Addon Trigger,Low,High,60000,800000,Yes,No,Yes,Medium,Medium,High,Invoice|Survey Report,Addon Conditions Not Met,Loss Heavy,0.05,0.9,3000.0,1.08,0.39,Rural,Delhi,Ahmedabad,0.33,0.64,0.71,7,False,0.54,0.25,0.08
ACKO,Motor,Commercial Misc,Bundled,Annual,Addon,Consumables,Addon Claim,Addon Trigger,Low,High,60000,800000,Yes,No,Yes,Medium,Medium,High,Invoice|Survey Report,Addon Conditions Not Met,Loss Heavy,0.05,0.9,3000.0,1.08,0.45,Metro,Delhi,Bangalore,0.76,0.52,0.35,7,False,0.78,0.25,0.08
ACKO,Motor,Commercial Misc,Bundled,Annual,Addon,Tyre Protect,Addon Claim,Addon Trigger,Low,High,60000,800000,Yes,No,Yes,Medium,Medium,High,Invoice|Survey Report,Addon Conditions Not Met,Loss Heavy,0.05,0.9,3000.0,1.08,0.27,Metro,Karnataka,Mumbai,0.79,0.22,0.76,11,False,0.63,0.25,0.08
ACKO,Motor,Commercial Misc,Bundled,Annual,Addon,Roadside Assistance,Addon Claim,Addon Trigger,Low,High,60000,800000,Yes,No,Yes,Medium,Medium,High,Invoice|Survey Report,Addon Conditions Not Met,Loss Heavy,0.05,0.9,3000.0,1.08,0.24,Metro,Gujarat,Bangalore,0.4,0.55,0.42,11,False,0.6,0.25,0.08
ACKO,Motor,Commercial Misc,Bundled,Annual,Addon,NCB Protect,Addon Claim,Addon Trigger,Low,High,60000,800000,Yes,No,Yes,Medium,Medium,High,Invoice|Survey Report,Addon Conditions Not Met,Loss Heavy,0.05,0.9,3000.0,1.08,0.3,Rural,Delhi,Bangalore,0.39,0.6,0.81,8,False,0.56,0.25,0.08
ACKO,Motor,Commercial Misc,Bundled,Annual,Addon,Return to Invoice,Addon Claim,Addon Trigger,Low,High,60000,800000,Yes,No,Yes,Medium,Medium,High,Invoice|Survey Report,Addon Conditions Not Met,Loss Heavy,0.05,0.9,3000.0,1.08,0.29,Urban,Delhi,Bangalore,0.53,0.53,0.82,13,False,0.55,0.25,0.08
ACKO,Motor,Commercial Misc,Bundled,Annual,Addon,Invoice Cover,Addon Claim,Addon Trigger,Low,High,60000,800000,Yes,No,Yes,Medium,Medium,High,Invoice|Survey Report,Addon Conditions Not Met,Loss Heavy,0.05,0.9,3000.0,1.08,0.46,Rural,Tamil Nadu,Delhi,0.7,0.4,0.72,14,False,0.65,0.25,0.08
ACKO,Motor,Commercial Misc,Bundled,Annual,Addon,PAYD Benefit,Addon Claim,Addon Trigger,Low,High,60000,800000,Yes,No,Yes,Medium,Medium,High,Invoice|Survey Report,Addon Conditions Not Met,Loss Heavy,0.05,0.9,3000.0,1.08,0.62,Metro,Tamil Nadu,Ahmedabad,0.63,0.22,0.3,14,False,0.64,0.25,0.08
ACKO,Motor,Commercial Misc,Bundled,Annual,Addon,EV Addon,Addon Claim,Addon Trigger,Low,High,60000,800000,Yes,No,Yes,Medium,Medium,High,Invoice|Survey Report,Addon Conditions Not Met,Loss Heavy,0.05,0.9,3000.0,1.08,0.31,Metro,Gujarat,Ahmedabad,0.89,0.36,0.36,11,False,0.66,0.25,0.08
ACKO,Motor,Commercial Misc,Bundled,Annual,Addon,EMI Protector,Addon Claim,Addon Trigger,Low,High,60000,800000,Yes,No,Yes,Medium,Medium,High,Invoice|Survey Report,Addon Conditions Not Met,Loss Heavy,0.05,0.9,3000.0,1.08,0.26,Metro,Gujarat,Delhi,0.34,0.2,0.57,11,False,0.77,0.25,0.08
ACKO,Motor,Commercial Misc,Bundled,Annual,Addon,Loss of Use,Addon Claim,Addon Trigger,Low,High,60000,800000,Yes,No,Yes,Medium,Medium,High,Invoice|Survey Report,Addon Conditions Not Met,Loss Heavy,0.05,0.9,3000.0,1.08,0.62,Metro,Tamil Nadu,Chennai,0.36,0.31,0.33,8,False,0.8,0.25,0.08
ACKO,Motor,Commercial Misc,Bundled,Annual,Addon,Key Protect,Addon Claim,Addon Trigger,Low,High,60000,800000,Yes,No,Yes,Medium,Medium,High,Invoice|Survey Report,Addon Conditions Not Met,Loss Heavy,0.05,0.9,3000.0,1.08,0.68,Urban,Tamil Nadu,Ahmedabad,0.66,0.47,0.81,7,False,0.84,0.25,0.08
ACKO,Motor,Commercial Misc,Bundled,Annual,Addon,Personal Belongings,Addon Claim,Addon Trigger,Low,High,60000,800000,Yes,No,Yes,Medium,Medium,High,Invoice|Survey Report,Addon Conditions Not Met,Loss Heavy,0.05,0.9,3000.0,1.08,0.46,Rural,Karnataka,Bangalore,0.58,0.39,0.32,9,False,0.81,0.25,0.08
ACKO,Motor,Commercial Misc,Standalone Own Damage,Annual,Base,Own Damage,Accident / Liability,Policy Defined Event,Medium,Medium,35000,300000,Yes,Yes,Yes,Medium,Low,Medium,Claim Form|FIR|Photos,Policy Breach,Balanced,0.15,0.9,5250.0,1.08,0.37,Urban,Karnataka,Delhi,0.63,0.29,0.43,8,False,0.71,0.25,0.03
ACKO,Motor,Commercial Misc,Standalone Own Damage,Annual,Base,Personal Accident,Accident / Liability,Policy Defined Event,Medium,Medium,35000,300000,Yes,Yes,Yes,Medium,Low,Medium,Claim Form|FIR|Photos,Policy Breach,Balanced,0.15,0.9,5250.0,1.08,0.3,Metro,Maharashtra,Ahmedabad,0.79,0.6,0.62,7,False,0.77,0.25,0.03
ACKO,Motor,Commercial Misc,Standalone Own Damage,Annual,Addon,Zero Depreciation,Addon Claim,Addon Trigger,Low,High,60000,800000,Yes,No,Yes,Medium,Medium,High,Invoice|Survey Report,Addon Conditions Not Met,Loss Heavy,0.05,0.9,3000.0,1.08,0.43,Metro,Tamil Nadu,Chennai,0.44,0.55,0.41,8,False,0.54,0.25,0.08
ACKO,Motor,Commercial Misc,Standalone Own Damage,Annual,Addon,Engine Protect,Addon Claim,Addon Trigger,Low,High,60000,800000,Yes,No,Yes,Medium,Medium,High,Invoice|Survey Report,Addon Conditions Not Met,Loss Heavy,0.05,0.9,3000.0,1.08,0.6,Urban,Karnataka,Mumbai,0.66,0.4,0.78,7,False,0.51,0.25,0.08
ACKO,Motor,Commercial Misc,Standalone Own Damage,Annual,Addon,Gearbox Protect,Addon Claim,Addon Trigger,Low,High,60000,800000,Yes,No,Yes,Medium,Medium,High,Invoice|Survey Report,Addon Conditions Not Met,Loss Heavy,0.05,0.9,3000.0,1.08,0.51,Urban,Delhi,Bangalore,0.34,0.36,0.65,14,False,0.6,0.25,0.08
ACKO,Motor,Commercial Misc,Standalone Own Damage,Annual,Addon,Consumables,Addon Claim,Addon Trigger,Low,High,60000,800000,Yes,No,Yes,Medium,Medium,High,Invoice|Survey Report,Addon Conditions Not Met,Loss Heavy,0.05,0.9,3000.0,1.08,0.49,Metro,Maharashtra,Ahmedabad,0.48,0.78,0.32,13,False,0.81,0.25,0.08
ACKO,Motor,Commercial Misc,Standalone Own Damage,Annual,Addon,Tyre Protect,Addon Claim,Addon Trigger,Low,High,60000,800000,Yes,No,Yes,Medium,Medium,High,Invoice|Survey Report,Addon Conditions Not Met,Loss Heavy,0.05,0.9,3000.0,1.08,0.65,Rural,Karnataka,Mumbai,0.88,0.65,0.46,9,False,0.7,0.25,0.08
ACKO,Motor,Commercial Misc,Standalone Own Damage,Annual,Addon,Roadside Assistance,Addon Claim,Addon Trigger,Low,High,60000,800000,Yes,No,Yes,Medium,Medium,High,Invoice|Survey Report,Addon Conditions Not Met,Loss Heavy,0.05,0.9,3000.0,1.08,0.27,Urban,Maharashtra,Mumbai,0.4,0.64,0.73,13,False,0.78,0.25,0.08
ACKO,Motor,Commercial Misc,Standalone Own Damage,Annual,Addon,NCB Protect,Addon Claim,Addon Trigger,Low,High,60000,800000,Yes,No,Yes,Medium,Medium,High,Invoice|Survey Report,Addon Conditions Not Met,Loss Heavy,0.05,0.9,3000.0,1.08,0.38,Rural,Karnataka,Mumbai,0.46,0.39,0.42,11,False,0.84,0.25,0.08
ACKO,Motor,Commercial Misc,Standalone Own Damage,Annual,Addon,Return to Invoice,Addon Claim,Addon Trigger,Low,High,60000,800000,Yes,No,Yes,Medium,Medium,High,Invoice|Survey Report,Addon Conditions Not Met,Loss Heavy,0.05,0.9,3000.0,1.08,0.35,Urban,Maharashtra,Mumbai,0.35,0.5,0.86,10,False,0.56,0.25,0.08
ACKO,Motor,Commercial Misc,Standalone Own Damage,Annual,Addon,Invoice Cover,Addon Claim,Addon Trigger,Low,High,60000,800000,Yes,No,Yes,Medium,Medium,High,Invoice|Survey Report,Addon Conditions Not Met,Loss Heavy,0.05,0.9,3000.0,1.08,0.58,Rural,Maharashtra,Chennai,0.69,0.5,0.73,10,False,0.73,0.25,0.08
ACKO,Motor,Commercial Misc,Standalone Own Damage,Annual,Addon,PAYD Benefit,Addon Claim,Addon Trigger,Low,High,60000,800000,Yes,No,Yes,Medium,Medium,High,Invoice|Survey Report,Addon Conditions Not Met,Loss Heavy,0.05,0.9,3000.0,1.08,0.31,Metro,Gujarat,Ahmedabad,0.5,0.35,0.5,7,False,0.54,0.25,0.08
ACKO,Motor,Commercial Misc,Standalone Own Damage,Annual,Addon,EV Addon,Addon Claim,Addon Trigger,Low,High,60000,800000,Yes,No,Yes,Medium,Medium,High,Invoice|Survey Report,Addon Conditions Not Met,Loss Heavy,0.05,0.9,3000.0,1.08,0.64,Rural,Delhi,Bangalore,0.87,0.21,0.68,12,False,0.54,0.25,0.08
ACKO,Motor,Commercial Misc,Standalone Own Damage,Annual,Addon,EMI Protector,Addon Claim,Addon Trigger,Low,High,60000,800000,Yes,No,Yes,Medium,Medium,High,Invoice|Survey Report,Addon Conditions Not Met,Loss Heavy,0.05,0.9,3000.0,1.08,0.58,Metro,Karnataka,Ahmedabad,0.43,0.49,0.47,11,False,0.72,0.25,0.08
ACKO,Motor,Commercial Misc,Standalone Own Damage,Annual,Addon,Loss of Use,Addon Claim,Addon Trigger,Low,High,60000,800000,Yes,No,Yes,Medium,Medium,High,Invoice|Survey Report,Addon Conditions Not Met,Loss Heavy,0.05,0.9,3000.0,1.08,0.5,Rural,Karnataka,Bangalore,0.86,0.26,0.55,13,False,0.75,0.25,0.08
ACKO,Motor,Commercial Misc,Standalone Own Damage,Annual,Addon,Key Protect,Addon Claim,Addon Trigger,Low,High,60000,800000,Yes,No,Yes,Medium,Medium,High,Invoice|Survey Report,Addon Conditions Not Met,Loss Heavy,0.05,0.9,3000.0,1.08,0.41,Rural,Karnataka,Bangalore,0.8,0.22,0.72,10,False,0.66,0.25,0.08
ACKO,Motor,Commercial Misc,Standalone Own Damage,Annual,Addon,Personal Belongings,Addon Claim,Addon Trigger,Low,High,60000,800000,Yes,No,Yes,Medium,Medium,High,Invoice|Survey Report,Addon Conditions Not Met,Loss Heavy,0.05,0.9,3000.0,1.08,0.29,Urban,Karnataka,Chennai,0.49,0.65,0.88,10,False,0.56,0.25,0.08
ACKO,Motor,Commercial Misc,Liability Only,Annual,Base,Third Party,Accident / Liability,Policy Defined Event,Medium,Medium,35000,300000,Yes,Yes,Yes,Medium,Low,Medium,Claim Form|FIR|Photos,Policy Breach,Balanced,0.15,0.9,5250.0,1.08,0.23,Rural,Delhi,Delhi,0.74,0.75,0.43,14,False,0.63,0.25,0.03
ACKO,Motor,Commercial Misc,Liability Only,Annual,Base,Personal Accident,Accident / Liability,Policy Defined Event,Medium,Medium,35000,300000,Yes,Yes,Yes,Medium,Low,Medium,Claim Form|FIR|Photos,Policy Breach,Balanced,0.15,0.9,5250.0,1.08,0.31,Urban,Gujarat,Chennai,0.42,0.71,0.36,12,False,0.61,0.25,0.03
ACKO,Motor,Commercial Misc,Long Term Package,Annual,Base,Own Damage,Accident / Liability,Policy Defined Event,Medium,Medium,35000,300000,Yes,Yes,Yes,Medium,Low,Medium,Claim Form|FIR|Photos,Policy Breach,Balanced,0.15,0.9,5250.0,1.08,0.59,Metro,Karnataka,Delhi,0.88,0.38,0.71,9,False,0.83,0.25,0.03
ACKO,Motor,Commercial Misc,Long Term Package,Annual,Base,Third Party,Accident / Liability,Policy Defined Event,Medium,Medium,35000,300000,Yes,Yes,Yes,Medium,Low,Medium,Claim Form|FIR|Photos,Policy Breach,Balanced,0.15,0.9,5250.0,1.08,0.54,Metro,Maharashtra,Chennai,0.43,0.59,0.74,8,False,0.6,0.25,0.03
ACKO,Motor,Commercial Misc,Long Term Package,Annual,Base,Personal Accident,Accident / Liability,Policy Defined Event,Medium,Medium,35000,300000,Yes,Yes,Yes,Medium,Low,Medium,Claim Form|FIR|Photos,Policy Breach,Balanced,0.15,0.9,5250.0,1.08,0.65,Rural,Maharashtra,Ahmedabad,0.64,0.44,0.48,10,False,0.52,0.25,0.03
ACKO,Motor,Commercial Misc,Long Term Package,Annual,Addon,Zero Depreciation,Addon Claim,Addon Trigger,Low,High,60000,800000,Yes,No,Yes,Medium,Medium,High,Invoice|Survey Report,Addon Conditions Not Met,Loss Heavy,0.05,0.9,3000.0,1.08,0.4,Urban,Tamil Nadu,Mumbai,0.42,0.52,0.69,13,False,0.8,0.25,0.08
ACKO,Motor,Commercial Misc,Long Term Package,Annual,Addon,Engine Protect,Addon Claim,Addon Trigger,Low,High,60000,800000,Yes,No,Yes,Medium,Medium,High,Invoice|Survey Report,Addon Conditions Not Met,Loss Heavy,0.05,0.9,3000.0,1.08,0.22,Rural,Maharashtra,Mumbai,0.8,0.71,0.45,12,False,0.51,0.25,0.08
ACKO,Motor,Commercial Misc,Long Term Package,Annual,Addon,Gearbox Protect,Addon Claim,Addon Trigger,Low,High,60000,800000,Yes,No,Yes,Medium,Medium,High,Invoice|Survey Report,Addon Conditions Not Met,Loss Heavy,0.05,0.9,3000.0,1.08,0.63,Metro,Delhi,Delhi,0.58,0.72,0.67,14,False,0.53,0.25,0.08
ACKO,Motor,Commercial Misc,Long Term Package,Annual,Addon,Consumables,Addon Claim,Addon Trigger,Low,High,60000,800000,Yes,No,Yes,Medium,Medium,High,Invoice|Survey Report,Addon Conditions Not Met,Loss Heavy,0.05,0.9,3000.0,1.08,0.32,Metro,Tamil Nadu,Delhi,0.84,0.31,0.43,8,False,0.51,0.25,0.08
ACKO,Motor,Commercial Misc,Long Term Package,Annual,Addon,Tyre Protect,Addon Claim,Addon Trigger,Low,High,60000,800000,Yes,No,Yes,Medium,Medium,High,Invoice|Survey Report,Addon Conditions Not Met,Loss Heavy,0.05,0.9,3000.0,1.08,0.42,Rural,Tamil Nadu,Chennai,0.64,0.25,0.49,13,False,0.52,0.25,0.08
ACKO,Motor,Commercial Misc,Long Term Package,Annual,Addon,Roadside Assistance,Addon Claim,Addon Trigger,Low,High,60000,800000,Yes,No,Yes,Medium,Medium,High,Invoice|Survey Report,Addon Conditions Not Met,Loss Heavy,0.05,0.9,3000.0,1.08,0.57,Metro,Gujarat,Delhi,0.68,0.49,0.76,7,False,0.8,0.25,0.08
ACKO,Motor,Commercial Misc,Long Term Package,Annual,Addon,NCB Protect,Addon Claim,Addon Trigger,Low,High,60000,800000,Yes,No,Yes,Medium,Medium,High,Invoice|Survey Report,Addon Conditions Not Met,Loss Heavy,0.05,0.9,3000.0,1.08,0.54,Urban,Maharashtra,Ahmedabad,0.88,0.67,0.66,11,False,0.6,0.25,0.08
ACKO,Motor,Commercial Misc,Long Term Package,Annual,Addon,Return to Invoice,Addon Claim,Addon Trigger,Low,High,60000,800000,Yes,No,Yes,Medium,Medium,High,Invoice|Survey Report,Addon Conditions Not Met,Loss Heavy,0.05,0.9,3000.0,1.08,0.37,Urban,Karnataka,Mumbai,0.78,0.23,0.69,12,False,0.67,0.25,0.08
ACKO,Motor,Commercial Misc,Long Term Package,Annual,Addon,Invoice Cover,Addon Claim,Addon Trigger,Low,High,60000,800000,Yes,No,Yes,Medium,Medium,High,Invoice|Survey Report,Addon Conditions Not Met,Loss Heavy,0.05,0.9,3000.0,1.08,0.63,Urban,Tamil Nadu,Mumbai,0.44,0.37,0.63,7,False,0.84,0.25,0.08
ACKO,Motor,Commercial Misc,Long Term Package,Annual,Addon,PAYD Benefit,Addon Claim,Addon Trigger,Low,High,60000,800000,Yes,No,Yes,Medium,Medium,High,Invoice|Survey Report,Addon Conditions Not Met,Loss Heavy,0.05,0.9,3000.0,1.08,0.37,Urban,Tamil Nadu,Bangalore,0.85,0.38,0.86,9,False,0.81,0.25,0.08
ACKO,Motor,Commercial Misc,Long Term Package,Annual,Addon,EV Addon,Addon Claim,Addon Trigger,Low,High,60000,800000,Yes,No,Yes,Medium,Medium,High,Invoice|Survey Report,Addon Conditions Not Met,Loss Heavy,0.05,0.9,3000.0,1.08,0.58,Metro,Delhi,Bangalore,0.59,0.78,0.59,8,False,0.85,0.25,0.08
ACKO,Motor,Commercial Misc,Long Term Package,Annual,Addon,EMI Protector,Addon Claim,Addon Trigger,Low,High,60000,800000,Yes,No,Yes,Medium,Medium,High,Invoice|Survey Report,Addon Conditions Not Met,Loss Heavy,0.05,0.9,3000.0,1.08,0.29,Metro,Tamil Nadu,Chennai,0.64,0.22,0.75,13,False,0.85,0.25,0.08
ACKO,Motor,Commercial Misc,Long Term Package,Annual,Addon,Loss of Use,Addon Claim,Addon Trigger,Low,High,60000,800000,Yes,No,Yes,Medium,Medium,High,Invoice|Survey Report,Addon Conditions Not Met,Loss Heavy,0.05,0.9,3000.0,1.08,0.52,Rural,Tamil Nadu,Bangalore,0.52,0.31,0.72,10,False,0.6,0.25,0.08
ACKO,Motor,Commercial Misc,Long Term Package,Annual,Addon,Key Protect,Addon Claim,Addon Trigger,Low,High,60000,800000,Yes,No,Yes,Medium,Medium,High,Invoice|Survey Report,Addon Conditions Not Met,Loss Heavy,0.05,0.9,3000.0,1.08,0.35,Urban,Karnataka,Ahmedabad,0.86,0.69,0.82,14,False,0.78,0.25,0.08
ACKO,Motor,Commercial Misc,Long Term Package,Annual,Addon,Personal Belongings,Addon Claim,Addon Trigger,Low,High,60000,800000,Yes,No,Yes,Medium,Medium,High,Invoice|Survey Report,Addon Conditions Not Met,Loss Heavy,0.05,0.9,3000.0,1.08,0.56,Urban,Delhi,Chennai,0.66,0.33,0.68,11,False,0.61,0.25,0.08
ACKO,Motor,Trailer,Package,Annual,Base,Own Damage,Accident / Liability,Policy Defined Event,Medium,Medium,35000,300000,Yes,Yes,Yes,Medium,Low,Medium,Claim Form|FIR|Photos,Policy Breach,Balanced,0.15,0.9,5250.0,1.08,0.67,Metro,Delhi,Chennai,0.81,0.41,0.33,13,False,0.77,0.25,0.03
ACKO,Motor,Trailer,Package,Annual,Base,Third Party,Accident / Liability,Policy Defined Event,Medium,Medium,35000,300000,Yes,Yes,Yes,Medium,Low,Medium,Claim Form|FIR|Photos,Policy Breach,Balanced,0.15,0.9,5250.0,1.08,0.54,Urban,Gujarat,Chennai,0.58,0.61,0.84,7,False,0.65,0.25,0.03
ACKO,Motor,Trailer,Package,Annual,Base,Personal Accident,Accident / Liability,Policy Defined Event,Medium,Medium,35000,300000,Yes,Yes,Yes,Medium,Low,Medium,Claim Form|FIR|Photos,Policy Breach,Balanced,0.15,0.9,5250.0,1.08,0.26,Urban,Delhi,Mumbai,0.34,0.39,0.63,13,False,0.74,0.25,0.03
ACKO,Motor,Trailer,Package,Annual,Addon,Zero Depreciation,Addon Claim,Addon Trigger,Low,High,60000,800000,Yes,No,Yes,Medium,Medium,High,Invoice|Survey Report,Addon Conditions Not Met,Loss Heavy,0.05,0.9,3000.0,1.08,0.63,Urban,Delhi,Delhi,0.78,0.29,0.84,9,False,0.61,0.25,0.08
ACKO,Motor,Trailer,Package,Annual,Addon,Engine Protect,Addon Claim,Addon Trigger,Low,High,60000,800000,Yes,No,Yes,Medium,Medium,High,Invoice|Survey Report,Addon Conditions Not Met,Loss Heavy,0.05,0.9,3000.0,1.08,0.47,Rural,Gujarat,Mumbai,0.41,0.47,0.78,7,False,0.74,0.25,0.08
ACKO,Motor,Trailer,Package,Annual,Addon,Gearbox Protect,Addon Claim,Addon Trigger,Low,High,60000,800000,Yes,No,Yes,Medium,Medium,High,Invoice|Survey Report,Addon Conditions Not Met,Loss Heavy,0.05,0.9,3000.0,1.08,0.45,Metro,Tamil Nadu,Ahmedabad,0.7,0.33,0.71,11,False,0.63,0.25,0.08
ACKO,Motor,Trailer,Package,Annual,Addon,Consumables,Addon Claim,Addon Trigger,Low,High,60000,800000,Yes,No,Yes,Medium,Medium,High,Invoice|Survey Report,Addon Conditions Not Met,Loss Heavy,0.05,0.9,3000.0,1.08,0.64,Rural,Gujarat,Bangalore,0.45,0.36,0.49,7,False,0.84,0.25,0.08
ACKO,Motor,Trailer,Package,Annual,Addon,Tyre Protect,Addon Claim,Addon Trigger,Low,High,60000,800000,Yes,No,Yes,Medium,Medium,High,Invoice|Survey Report,Addon Conditions Not Met,Loss Heavy,0.05,0.9,3000.0,1.08,0.66,Rural,Gujarat,Chennai,0.49,0.51,0.63,7,False,0.8,0.25,0.08
ACKO,Motor,Trailer,Package,Annual,Addon,Roadside Assistance,Addon Claim,Addon Trigger,Low,High,60000,800000,Yes,No,Yes,Medium,Medium,High,Invoice|Survey Report,Addon Conditions Not Met,Loss Heavy,0.05,0.9,3000.0,1.08,0.63,Urban,Tamil Nadu,Delhi,0.66,0.49,0.54,11,False,0.81,0.25,0.08
ACKO,Motor,Trailer,Package,Annual,Addon,NCB Protect,Addon Claim,Addon Trigger,Low,High,60000,800000,Yes,No,Yes,Medium,Medium,High,Invoice|Survey Report,Addon Conditions Not Met,Loss Heavy,0.05,0.9,3000.0,1.08,0.5,Urban,Delhi,Bangalore,0.72,0.7,0.79,9,False,0.62,0.25,0.08
ACKO,Motor,Trailer,Package,Annual,Addon,Return to Invoice,Addon Claim,Addon Trigger,Low,High,60000,800000,Yes,No,Yes,Medium,Medium,High,Invoice|Survey Report,Addon Conditions Not Met,Loss Heavy,0.05,0.9,3000.0,1.08,0.33,Urban,Karnataka,Chennai,0.41,0.6,0.86,8,False,0.62,0.25,0.08
ACKO,Motor,Trailer,Package,Annual,Addon,Invoice Cover,Addon Claim,Addon Trigger,Low,High,60000,800000,Yes,No,Yes,Medium,Medium,High,Invoice|Survey Report,Addon Conditions Not Met,Loss Heavy,0.05,0.9,3000.0,1.08,0.58,Rural,Maharashtra,Ahmedabad,0.55,0.75,0.57,14,False,0.59,0.25,0.08
ACKO,Motor,Trailer,Package,Annual,Addon,PAYD Benefit,Addon Claim,Addon Trigger,Low,High,60000,800000,Yes,No,Yes,Medium,Medium,High,Invoice|Survey Report,Addon Conditions Not Met,Loss Heavy,0.05,0.9,3000.0,1.08,0.51,Rural,Tamil Nadu,Mumbai,0.43,0.77,0.69,13,False,0.51,0.25,0.08
ACKO,Motor,Trailer,Package,Annual,Addon,EV Addon,Addon Claim,Addon Trigger,Low,High,60000,800000,Yes,No,Yes,Medium,Medium,High,Invoice|Survey Report,Addon Conditions Not Met,Loss Heavy,0.05,0.9,3000.0,1.08,0.36,Metro,Karnataka,Chennai,0.87,0.28,0.9,7,False,0.51,0.25,0.08
ACKO,Motor,Trailer,Package,Annual,Addon,EMI Protector,Addon Claim,Addon Trigger,Low,High,60000,800000,Yes,No,Yes,Medium,Medium,High,Invoice|Survey Report,Addon Conditions Not Met,Loss Heavy,0.05,0.9,3000.0,1.08,0.25,Rural,Tamil Nadu,Ahmedabad,0.82,0.69,0.41,8,False,0.68,0.25,0.08
ACKO,Motor,Trailer,Package,Annual,Addon,Loss of Use,Addon Claim,Addon Trigger,Low,High,60000,800000,Yes,No,Yes,Medium,Medium,High,Invoice|Survey Report,Addon Conditions Not Met,Loss Heavy,0.05,0.9,3000.0,1.08,0.28,Urban,Karnataka,Delhi,0.3,0.42,0.46,12,False,0.56,0.25,0.08
ACKO,Motor,Trailer,Package,Annual,Addon,Key Protect,Addon Claim,Addon Trigger,Low,High,60000,800000,Yes,No,Yes,Medium,Medium,High,Invoice|Survey Report,Addon Conditions Not Met,Loss Heavy,0.05,0.9,3000.0,1.08,0.42,Metro,Tamil Nadu,Bangalore,0.83,0.24,0.46,12,False,0.54,0.25,0.08
ACKO,Motor,Trailer,Package,Annual,Addon,Personal Belongings,Addon Claim,Addon Trigger,Low,High,60000,800000,Yes,No,Yes,Medium,Medium,High,Invoice|Survey Report,Addon Conditions Not Met,Loss Heavy,0.05,0.9,3000.0,1.08,0.44,Metro,Gujarat,Delhi,0.48,0.74,0.87,12,False,0.57,0.25,0.08
ACKO,Motor,Trailer,Bundled,Annual,Base,Own Damage,Accident / Liability,Policy Defined Event,Medium,Medium,35000,300000,Yes,Yes,Yes,Medium,Low,Medium,Claim Form|FIR|Photos,Policy Breach,Balanced,0.15,0.9,5250.0,1.08,0.6,Rural,Tamil Nadu,Chennai,0.83,0.69,0.74,14,False,0.73,0.25,0.03
ACKO,Motor,Trailer,Bundled,Annual,Base,Third Party,Accident / Liability,Policy Defined Event,Medium,Medium,35000,300000,Yes,Yes,Yes,Medium,Low,Medium,Claim Form|FIR|Photos,Policy Breach,Balanced,0.15,0.9,5250.0,1.08,0.49,Metro,Karnataka,Mumbai,0.3,0.78,0.33,7,False,0.57,0.25,0.03
ACKO,Motor,Trailer,Bundled,Annual,Base,Personal Accident,Accident / Liability,Policy Defined Event,Medium,Medium,35000,300000,Yes,Yes,Yes,Medium,Low,Medium,Claim Form|FIR|Photos,Policy Breach,Balanced,0.15,0.9,5250.0,1.08,0.63,Metro,Maharashtra,Ahmedabad,0.61,0.54,0.71,9,False,0.84,0.25,0.03
ACKO,Motor,Trailer,Bundled,Annual,Addon,Zero Depreciation,Addon Claim,Addon Trigger,Low,High,60000,800000,Yes,No,Yes,Medium,Medium,High,Invoice|Survey Report,Addon Conditions Not Met,Loss Heavy,0.05,0.9,3000.0,1.08,0.66,Metro,Karnataka,Mumbai,0.63,0.71,0.62,7,False,0.64,0.25,0.08
ACKO,Motor,Trailer,Bundled,Annual,Addon,Engine Protect,Addon Claim,Addon Trigger,Low,High,60000,800000,Yes,No,Yes,Medium,Medium,High,Invoice|Survey Report,Addon Conditions Not Met,Loss Heavy,0.05,0.9,3000.0,1.08,0.64,Urban,Maharashtra,Mumbai,0.73,0.65,0.82,11,False,0.52,0.25,0.08
ACKO,Motor,Trailer,Bundled,Annual,Addon,Gearbox Protect,Addon Claim,Addon Trigger,Low,High,60000,800000,Yes,No,Yes,Medium,Medium,High,Invoice|Survey Report,Addon Conditions Not Met,Loss Heavy,0.05,0.9,3000.0,1.08,0.31,Urban,Gujarat,Ahmedabad,0.65,0.58,0.61,11,False,0.62,0.25,0.08
ACKO,Motor,Trailer,Bundled,Annual,Addon,Consumables,Addon Claim,Addon Trigger,Low,High,60000,800000,Yes,No,Yes,Medium,Medium,High,Invoice|Survey Report,Addon Conditions Not Met,Loss Heavy,0.05,0.9,3000.0,1.08,0.51,Metro,Gujarat,Delhi,0.5,0.77,0.65,13,False,0.78,0.25,0.08
ACKO,Motor,Trailer,Bundled,Annual,Addon,Tyre Protect,Addon Claim,Addon Trigger,Low,High,60000,800000,Yes,No,Yes,Medium,Medium,High,Invoice|Survey Report,Addon Conditions Not Met,Loss Heavy,0.05,0.9,3000.0,1.08,0.57,Metro,Tamil Nadu,Bangalore,0.59,0.64,0.66,10,False,0.74,0.25,0.08
ACKO,Motor,Trailer,Bundled,Annual,Addon,Roadside Assistance,Addon Claim,Addon Trigger,Low,High,60000,800000,Yes,No,Yes,Medium,Medium,High,Invoice|Survey Report,Addon Conditions Not Met,Loss Heavy,0.05,0.9,3000.0,1.08,0.58,Rural,Tamil Nadu,Bangalore,0.82,0.22,0.68,7,False,0.54,0.25,0.08
ACKO,Motor,Trailer,Bundled,Annual,Addon,NCB Protect,Addon Claim,Addon Trigger,Low,High,60000,800000,Yes,No,Yes,Medium,Medium,High,Invoice|Survey Report,Addon Conditions Not Met,Loss Heavy,0.05,0.9,3000.0,1.08,0.51,Urban,Maharashtra,Bangalore,0.77,0.61,0.84,12,False,0.53,0.25,0.08
ACKO,Motor,Trailer,Bundled,Annual,Addon,Return to Invoice,Addon Claim,Addon Trigger,Low,High,60000,800000,Yes,No,Yes,Medium,Medium,High,Invoice|Survey Report,Addon Conditions Not Met,Loss Heavy,0.05,0.9,3000.0,1.08,0.39,Urban,Delhi,Bangalore,0.64,0.4,0.77,9,False,0.84,0.25,0.08
ACKO,Motor,Trailer,Bundled,Annual,Addon,Invoice Cover,Addon Claim,Addon Trigger,Low,High,60000,800000,Yes,No,Yes,Medium,Medium,High,Invoice|Survey Report,Addon Conditions Not Met,Loss Heavy,0.05,0.9,3000.0,1.08,0.25,Rural,Gujarat,Chennai,0.87,0.28,0.9,7,False,0.64,0.25,0.08
ACKO,Motor,Trailer,Bundled,Annual,Addon,PAYD Benefit,Addon Claim,Addon Trigger,Low,High,60000,800000,Yes,No,Yes,Medium,Medium,High,Invoice|Survey Report,Addon Conditions Not Met,Loss Heavy,0.05,0.9,3000.0,1.08,0.55,Urban,Tamil Nadu,Chennai,0.39,0.28,0.39,7,False,0.59,0.25,0.08
ACKO,Motor,Trailer,Bundled,Annual,Addon,EV Addon,Addon Claim,Addon Trigger,Low,High,60000,800000,Yes,No,Yes,Medium,Medium,High,Invoice|Survey Report,Addon Conditions Not Met,Loss Heavy,0.05,0.9,3000.0,1.08,0.45,Urban,Maharashtra,Chennai,0.77,0.68,0.41,14,False,0.77,0.25,0.08
ACKO,Motor,Trailer,Bundled,Annual,Addon,EMI Protector,Addon Claim,Addon Trigger,Low,High,60000,800000,Yes,No,Yes,Medium,Medium,High,Invoice|Survey Report,Addon Conditions Not Met,Loss Heavy,0.05,0.9,3000.0,1.08,0.67,Metro,Tamil Nadu,Bangalore,0.49,0.68,0.35,11,False,0.58,0.25,0.08
ACKO,Motor,Trailer,Bundled,Annual,Addon,Loss of Use,Addon Claim,Addon Trigger,Low,High,60000,800000,Yes,No,Yes,Medium,Medium,High,Invoice|Survey Report,Addon Conditions Not Met,Loss Heavy,0.05,0.9,3000.0,1.08,0.63,Rural,Delhi,Bangalore,0.76,0.48,0.61,11,False,0.82,0.25,0.08
ACKO,Motor,Trailer,Bundled,Annual,Addon,Key Protect,Addon Claim,Addon Trigger,Low,High,60000,800000,Yes,No,Yes,Medium,Medium,High,Invoice|Survey Report,Addon Conditions Not Met,Loss Heavy,0.05,0.9,3000.0,1.08,0.66,Metro,Maharashtra,Ahmedabad,0.64,0.48,0.58,12,False,0.81,0.25,0.08
ACKO,Motor,Trailer,Bundled,Annual,Addon,Personal Belongings,Addon Claim,Addon Trigger,Low,High,60000,800000,Yes,No,Yes,Medium,Medium,High,Invoice|Survey Report,Addon Conditions Not Met,Loss Heavy,0.05,0.9,3000.0,1.08,0.23,Rural,Delhi,Mumbai,0.66,0.38,0.65,8,False,0.75,0.25,0.08
ACKO,Motor,Trailer,Standalone Own Damage,Annual,Base,Own Damage,Accident / Liability,Policy Defined Event,Medium,Medium,35000,300000,Yes,Yes,Yes,Medium,Low,Medium,Claim Form|FIR|Photos,Policy Breach,Balanced,0.15,0.9,5250.0,1.08,0.22,Metro,Tamil Nadu,Chennai,0.88,0.76,0.69,9,False,0.79,0.25,0.03
ACKO,Motor,Trailer,Standalone Own Damage,Annual,Base,Personal Accident,Accident / Liability,Policy Defined Event,Medium,Medium,35000,300000,Yes,Yes,Yes,Medium,Low,Medium,Claim Form|FIR|Photos,Policy Breach,Balanced,0.15,0.9,5250.0,1.08,0.63,Metro,Maharashtra,Bangalore,0.32,0.47,0.57,9,False,0.55,0.25,0.03
ACKO,Motor,Trailer,Standalone Own Damage,Annual,Addon,Zero Depreciation,Addon Claim,Addon Trigger,Low,High,60000,800000,Yes,No,Yes,Medium,Medium,High,Invoice|Survey Report,Addon Conditions Not Met,Loss Heavy,0.05,0.9,3000.0,1.08,0.49,Urban,Tamil Nadu,Chennai,0.55,0.37,0.55,9,False,0.57,0.25,0.08
ACKO,Motor,Trailer,Standalone Own Damage,Annual,Addon,Engine Protect,Addon Claim,Addon Trigger,Low,High,60000,800000,Yes,No,Yes,Medium,Medium,High,Invoice|Survey Report,Addon Conditions Not Met,Loss Heavy,0.05,0.9,3000.0,1.08,0.46,Rural,Maharashtra,Delhi,0.73,0.4,0.48,10,False,0.62,0.25,0.08
ACKO,Motor,Trailer,Standalone Own Damage,Annual,Addon,Gearbox Protect,Addon Claim,Addon Trigger,Low,High,60000,800000,Yes,No,Yes,Medium,Medium,High,Invoice|Survey Report,Addon Conditions Not Met,Loss Heavy,0.05,0.9,3000.0,1.08,0.42,Urban,Karnataka,Ahmedabad,0.77,0.23,0.71,11,False,0.74,0.25,0.08
ACKO,Motor,Trailer,Standalone Own Damage,Annual,Addon,Consumables,Addon Claim,Addon Trigger,Low,High,60000,800000,Yes,No,Yes,Medium,Medium,High,Invoice|Survey Report,Addon Conditions Not Met,Loss Heavy,0.05,0.9,3000.0,1.08,0.32,Urban,Delhi,Ahmedabad,0.45,0.64,0.73,13,False,0.75,0.25,0.08
ACKO,Motor,Trailer,Standalone Own Damage,Annual,Addon,Tyre Protect,Addon Claim,Addon Trigger,Low,High,60000,800000,Yes,No,Yes,Medium,Medium,High,Invoice|Survey Report,Addon Conditions Not Met,Loss Heavy,0.05,0.9,3000.0,1.08,0.21,Urban,Tamil Nadu,Chennai,0.65,0.44,0.34,13,False,0.73,0.25,0.08
ACKO,Motor,Trailer,Standalone Own Damage,Annual,Addon,Roadside Assistance,Addon Claim,Addon Trigger,Low,High,60000,800000,Yes,No,Yes,Medium,Medium,High,Invoice|Survey Report,Addon Conditions Not Met,Loss Heavy,0.05,0.9,3000.0,1.08,0.46,Metro,Delhi,Chennai,0.49,0.22,0.32,8,False,0.77,0.25,0.08
ACKO,Motor,Trailer,Standalone Own Damage,Annual,Addon,NCB Protect,Addon Claim,Addon Trigger,Low,High,60000,800000,Yes,No,Yes,Medium,Medium,High,Invoice|Survey Report,Addon Conditions Not Met,Loss Heavy,0.05,0.9,3000.0,1.08,0.46,Urban,Tamil Nadu,Chennai,0.87,0.26,0.49,13,False,0.82,0.25,0.08
ACKO,Motor,Trailer,Standalone Own Damage,Annual,Addon,Return to Invoice,Addon Claim,Addon Trigger,Low,High,60000,800000,Yes,No,Yes,Medium,Medium,High,Invoice|Survey Report,Addon Conditions Not Met,Loss Heavy,0.05,0.9,3000.0,1.08,0.66,Urban,Tamil Nadu,Bangalore,0.64,0.56,0.49,11,False,0.53,0.25,0.08
ACKO,Motor,Trailer,Standalone Own Damage,Annual,Addon,Invoice Cover,Addon Claim,Addon Trigger,Low,High,60000,800000,Yes,No,Yes,Medium,Medium,High,Invoice|Survey Report,Addon Conditions Not Met,Loss Heavy,0.05,0.9,3000.0,1.08,0.28,Urban,Gujarat,Delhi,0.56,0.35,0.41,11,False,0.54,0.25,0.08
ACKO,Motor,Trailer,Standalone Own Damage,Annual,Addon,PAYD Benefit,Addon Claim,Addon Trigger,Low,High,60000,800000,Yes,No,Yes,Medium,Medium,High,Invoice|Survey Report,Addon Conditions Not Met,Loss Heavy,0.05,0.9,3000.0,1.08,0.68,Rural,Delhi,Ahmedabad,0.62,0.57,0.81,11,False,0.73,0.25,0.08
ACKO,Motor,Trailer,Standalone Own Damage,Annual,Addon,EV Addon,Addon Claim,Addon Trigger,Low,High,60000,800000,Yes,No,Yes,Medium,Medium,High,Invoice|Survey Report,Addon Conditions Not Met,Loss Heavy,0.05,0.9,3000.0,1.08,0.69,Metro,Delhi,Ahmedabad,0.57,0.45,0.78,14,False,0.79,0.25,0.08
ACKO,Motor,Trailer,Standalone Own Damage,Annual,Addon,EMI Protector,Addon Claim,Addon Trigger,Low,High,60000,800000,Yes,No,Yes,Medium,Medium,High,Invoice|Survey Report,Addon Conditions Not Met,Loss Heavy,0.05,0.9,3000.0,1.08,0.52,Metro,Gujarat,Delhi,0.71,0.71,0.73,9,False,0.78,0.25,0.08
ACKO,Motor,Trailer,Standalone Own Damage,Annual,Addon,Loss of Use,Addon Claim,Addon Trigger,Low,High,60000,800000,Yes,No,Yes,Medium,Medium,High,Invoice|Survey Report,Addon Conditions Not Met,Loss Heavy,0.05,0.9,3000.0,1.08,0.64,Urban,Gujarat,Mumbai,0.31,0.25,0.89,11,False,0.62,0.25,0.08
ACKO,Motor,Trailer,Standalone Own Damage,Annual,Addon,Key Protect,Addon Claim,Addon Trigger,Low,High,60000,800000,Yes,No,Yes,Medium,Medium,High,Invoice|Survey Report,Addon Conditions Not Met,Loss Heavy,0.05,0.9,3000.0,1.08,0.37,Rural,Tamil Nadu,Ahmedabad,0.38,0.64,0.65,9,False,0.64,0.25,0.08
ACKO,Motor,Trailer,Standalone Own Damage,Annual,Addon,Personal Belongings,Addon Claim,Addon Trigger,Low,High,60000,800000,Yes,No,Yes,Medium,Medium,High,Invoice|Survey Report,Addon Conditions Not Met,Loss Heavy,0.05,0.9,3000.0,1.08,0.51,Metro,Delhi,Mumbai,0.86,0.33,0.39,10,False,0.82,0.25,0.08
ACKO,Motor,Trailer,Liability Only,Annual,Base,Third Party,Accident / Liability,Policy Defined Event,Medium,Medium,35000,300000,Yes,Yes,Yes,Medium,Low,Medium,Claim Form|FIR|Photos,Policy Breach,Balanced,0.15,0.9,5250.0,1.08,0.41,Urban,Maharashtra,Bangalore,0.68,0.56,0.57,13,False,0.6,0.25,0.03
ACKO,Motor,Trailer,Liability Only,Annual,Base,Personal Accident,Accident / Liability,Policy Defined Event,Medium,Medium,35000,300000,Yes,Yes,Yes,Medium,Low,Medium,Claim Form|FIR|Photos,Policy Breach,Balanced,0.15,0.9,5250.0,1.08,0.31,Metro,Tamil Nadu,Delhi,0.37,0.23,0.7,12,False,0.83,0.25,0.03
ACKO,Motor,Trailer,Long Term Package,Annual,Base,Own Damage,Accident / Liability,Policy Defined Event,Medium,Medium,35000,300000,Yes,Yes,Yes,Medium,Low,Medium,Claim Form|FIR|Photos,Policy Breach,Balanced,0.15,0.9,5250.0,1.08,0.22,Metro,Karnataka,Bangalore,0.8,0.63,0.59,12,False,0.67,0.25,0.03
ACKO,Motor,Trailer,Long Term Package,Annual,Base,Third Party,Accident / Liability,Policy Defined Event,Medium,Medium,35000,300000,Yes,Yes,Yes,Medium,Low,Medium,Claim Form|FIR|Photos,Policy Breach,Balanced,0.15,0.9,5250.0,1.08,0.32,Metro,Gujarat,Ahmedabad,0.73,0.22,0.52,13,False,0.77,0.25,0.03
ACKO,Motor,Trailer,Long Term Package,Annual,Base,Personal Accident,Accident / Liability,Policy Defined Event,Medium,Medium,35000,300000,Yes,Yes,Yes,Medium,Low,Medium,Claim Form|FIR|Photos,Policy Breach,Balanced,0.15,0.9,5250.0,1.08,0.32,Metro,Karnataka,Mumbai,0.49,0.53,0.84,12,False,0.71,0.25,0.03
ACKO,Motor,Trailer,Long Term Package,Annual,Addon,Zero Depreciation,Addon Claim,Addon Trigger,Low,High,60000,800000,Yes,No,Yes,Medium,Medium,High,Invoice|Survey Report,Addon Conditions Not Met,Loss Heavy,0.05,0.9,3000.0,1.08,0.37,Urban,Tamil Nadu,Chennai,0.81,0.59,0.67,10,False,0.57,0.25,0.08
ACKO,Motor,Trailer,Long Term Package,Annual,Addon,Engine Protect,Addon Claim,Addon Trigger,Low,High,60000,800000,Yes,No,Yes,Medium,Medium,High,Invoice|Survey Report,Addon Conditions Not Met,Loss Heavy,0.05,0.9,3000.0,1.08,0.46,Urban,Maharashtra,Chennai,0.55,0.4,0.73,9,False,0.74,0.25,0.08
ACKO,Motor,Trailer,Long Term Package,Annual,Addon,Gearbox Protect,Addon Claim,Addon Trigger,Low,High,60000,800000,Yes,No,Yes,Medium,Medium,High,Invoice|Survey Report,Addon Conditions Not Met,Loss Heavy,0.05,0.9,3000.0,1.08,0.44,Urban,Tamil Nadu,Chennai,0.61,0.74,0.7,12,False,0.8,0.25,0.08
ACKO,Motor,Trailer,Long Term Package,Annual,Addon,Consumables,Addon Claim,Addon Trigger,Low,High,60000,800000,Yes,No,Yes,Medium,Medium,High,Invoice|Survey Report,Addon Conditions Not Met,Loss Heavy,0.05,0.9,3000.0,1.08,0.51,Metro,Karnataka,Ahmedabad,0.4,0.75,0.87,8,False,0.75,0.25,0.08
ACKO,Motor,Trailer,Long Term Package,Annual,Addon,Tyre Protect,Addon Claim,Addon Trigger,Low,High,60000,800000,Yes,No,Yes,Medium,Medium,High,Invoice|Survey Report,Addon Conditions Not Met,Loss Heavy,0.05,0.9,3000.0,1.08,0.39,Urban,Gujarat,Mumbai,0.78,0.76,0.34,12,False,0.62,0.25,0.08
ACKO,Motor,Trailer,Long Term Package,Annual,Addon,Roadside Assistance,Addon Claim,Addon Trigger,Low,High,60000,800000,Yes,No,Yes,Medium,Medium,High,Invoice|Survey Report,Addon Conditions Not Met,Loss Heavy,0.05,0.9,3000.0,1.08,0.28,Urban,Tamil Nadu,Mumbai,0.31,0.34,0.4,10,False,0.58,0.25,0.08
ACKO,Motor,Trailer,Long Term Package,Annual,Addon,NCB Protect,Addon Claim,Addon Trigger,Low,High,60000,800000,Yes,No,Yes,Medium,Medium,High,Invoice|Survey Report,Addon Conditions Not Met,Loss Heavy,0.05,0.9,3000.0,1.08,0.7,Rural,Maharashtra,Bangalore,0.45,0.62,0.69,14,False,0.53,0.25,0.08
ACKO,Motor,Trailer,Long Term Package,Annual,Addon,Return to Invoice,Addon Claim,Addon Trigger,Low,High,60000,800000,Yes,No,Yes,Medium,Medium,High,Invoice|Survey Report,Addon Conditions Not Met,Loss Heavy,0.05,0.9,3000.0,1.08,0.53,Rural,Delhi,Chennai,0.68,0.54,0.45,12,False,0.5,0.25,0.08
ACKO,Motor,Trailer,Long Term Package,Annual,Addon,Invoice Cover,Addon Claim,Addon Trigger,Low,High,60000,800000,Yes,No,Yes,Medium,Medium,High,Invoice|Survey Report,Addon Conditions Not Met,Loss Heavy,0.05,0.9,3000.0,1.08,0.3,Metro,Gujarat,Mumbai,0.74,0.45,0.5,12,False,0.72,0.25,0.08
ACKO,Motor,Trailer,Long Term Package,Annual,Addon,PAYD Benefit,Addon Claim,Addon Trigger,Low,High,60000,800000,Yes,No,Yes,Medium,Medium,High,Invoice|Survey Report,Addon Conditions Not Met,Loss Heavy,0.05,0.9,3000.0,1.08,0.51,Urban,Karnataka,Mumbai,0.56,0.32,0.81,13,False,0.71,0.25,0.08
ACKO,Motor,Trailer,Long Term Package,Annual,Addon,EV Addon,Addon Claim,Addon Trigger,Low,High,60000,800000,Yes,No,Yes,Medium,Medium,High,Invoice|Survey Report,Addon Conditions Not Met,Loss Heavy,0.05,0.9,3000.0,1.08,0.5,Urban,Tamil Nadu,Ahmedabad,0.33,0.65,0.55,9,False,0.6,0.25,0.08
ACKO,Motor,Trailer,Long Term Package,Annual,Addon,EMI Protector,Addon Claim,Addon Trigger,Low,High,60000,800000,Yes,No,Yes,Medium,Medium,High,Invoice|Survey Report,Addon Conditions Not Met,Loss Heavy,0.05,0.9,3000.0,1.08,0.29,Metro,Gujarat,Delhi,0.77,0.34,0.44,7,False,0.71,0.25,0.08
ACKO,Motor,Trailer,Long Term Package,Annual,Addon,Loss of Use,Addon Claim,Addon Trigger,Low,High,60000,800000,Yes,No,Yes,Medium,Medium,High,Invoice|Survey Report,Addon Conditions Not Met,Loss Heavy,0.05,0.9,3000.0,1.08,0.5,Rural,Tamil Nadu,Mumbai,0.75,0.33,0.87,13,False,0.77,0.25,0.08
ACKO,Motor,Trailer,Long Term Package,Annual,Addon,Key Protect,Addon Claim,Addon Trigger,Low,High,60000,800000,Yes,No,Yes,Medium,Medium,High,Invoice|Survey Report,Addon Conditions Not Met,Loss Heavy,0.05,0.9,3000.0,1.08,0.67,Rural,Gujarat,Bangalore,0.85,0.66,0.67,11,False,0.59,0.25,0.08
ACKO,Motor,Trailer,Long Term Package,Annual,Addon,Personal Belongings,Addon Claim,Addon Trigger,Low,High,60000,800000,Yes,No,Yes,Medium,Medium,High,Invoice|Survey Report,Addon Conditions Not Met,Loss Heavy,0.05,0.9,3000.0,1.08,0.56,Urban,Gujarat,Chennai,0.61,0.47,0.86,10,False,0.6,0.25,0.08
ACKO,Motor,Motor Trade Road Risk,Package,Annual,Base,Own Damage,Accident / Liability,Policy Defined Event,Medium,Medium,35000,300000,Yes,Yes,Yes,Medium,Low,Medium,Claim Form|FIR|Photos,Policy Breach,Balanced,0.15,0.9,5250.0,1.08,0.33,Rural,Maharashtra,Bangalore,0.32,0.54,0.58,8,False,0.55,0.25,0.03
ACKO,Motor,Motor Trade Road Risk,Package,Annual,Base,Third Party,Accident / Liability,Policy Defined Event,Medium,Medium,35000,300000,Yes,Yes,Yes,Medium,Low,Medium,Claim Form|FIR|Photos,Policy Breach,Balanced,0.15,0.9,5250.0,1.08,0.45,Urban,Gujarat,Delhi,0.33,0.55,0.52,12,False,0.62,0.25,0.03
ACKO,Motor,Motor Trade Road Risk,Package,Annual,Base,Personal Accident,Accident / Liability,Policy Defined Event,Medium,Medium,35000,300000,Yes,Yes,Yes,Medium,Low,Medium,Claim Form|FIR|Photos,Policy Breach,Balanced,0.15,0.9,5250.0,1.08,0.39,Metro,Karnataka,Ahmedabad,0.54,0.78,0.42,11,False,0.84,0.25,0.03
ACKO,Motor,Motor Trade Road Risk,Package,Annual,Addon,Zero Depreciation,Addon Claim,Addon Trigger,Low,High,60000,800000,Yes,No,Yes,Medium,Medium,High,Invoice|Survey Report,Addon Conditions Not Met,Loss Heavy,0.05,0.9,3000.0,1.08,0.58,Rural,Delhi,Chennai,0.66,0.33,0.39,12,False,0.54,0.25,0.08
ACKO,Motor,Motor Trade Road Risk,Package,Annual,Addon,Engine Protect,Addon Claim,Addon Trigger,Low,High,60000,800000,Yes,No,Yes,Medium,Medium,High,Invoice|Survey Report,Addon Conditions Not Met,Loss Heavy,0.05,0.9,3000.0,1.08,0.6,Rural,Maharashtra,Ahmedabad,0.54,0.26,0.81,9,False,0.78,0.25,0.08
ACKO,Motor,Motor Trade Road Risk,Package,Annual,Addon,Gearbox Protect,Addon Claim,Addon Trigger,Low,High,60000,800000,Yes,No,Yes,Medium,Medium,High,Invoice|Survey Report,Addon Conditions Not Met,Loss Heavy,0.05,0.9,3000.0,1.08,0.21,Rural,Tamil Nadu,Ahmedabad,0.48,0.4,0.88,10,False,0.64,0.25,0.08
ACKO,Motor,Motor Trade Road Risk,Package,Annual,Addon,Consumables,Addon Claim,Addon Trigger,Low,High,60000,800000,Yes,No,Yes,Medium,Medium,High,Invoice|Survey Report,Addon Conditions Not Met,Loss Heavy,0.05,0.9,3000.0,1.08,0.25,Metro,Tamil Nadu,Mumbai,0.69,0.59,0.75,7,False,0.67,0.25,0.08
ACKO,Motor,Motor Trade Road Risk,Package,Annual,Addon,Tyre Protect,Addon Claim,Addon Trigger,Low,High,60000,800000,Yes,No,Yes,Medium,Medium,High,Invoice|Survey Report,Addon Conditions Not Met,Loss Heavy,0.05,0.9,3000.0,1.08,0.66,Metro,Karnataka,Delhi,0.65,0.74,0.33,9,False,0.77,0.25,0.08
ACKO,Motor,Motor Trade Road Risk,Package,Annual,Addon,Roadside Assistance,Addon Claim,Addon Trigger,Low,High,60000,800000,Yes,No,Yes,Medium,Medium,High,Invoice|Survey Report,Addon Conditions Not Met,Loss Heavy,0.05,0.9,3000.0,1.08,0.33,Rural,Karnataka,Bangalore,0.75,0.55,0.56,12,False,0.67,0.25,0.08
ACKO,Motor,Motor Trade Road Risk,Package,Annual,Addon,NCB Protect,Addon Claim,Addon Trigger,Low,High,60000,800000,Yes,No,Yes,Medium,Medium,High,Invoice|Survey Report,Addon Conditions Not Met,Loss Heavy,0.05,0.9,3000.0,1.08,0.35,Metro,Tamil Nadu,Delhi,0.35,0.45,0.53,12,False,0.75,0.25,0.08
ACKO,Motor,Motor Trade Road Risk,Package,Annual,Addon,Return to Invoice,Addon Claim,Addon Trigger,Low,High,60000,800000,Yes,No,Yes,Medium,Medium,High,Invoice|Survey Report,Addon Conditions Not Met,Loss Heavy,0.05,0.9,3000.0,1.08,0.31,Metro,Delhi,Delhi,0.82,0.44,0.78,8,False,0.72,0.25,0.08
ACKO,Motor,Motor Trade Road Risk,Package,Annual,Addon,Invoice Cover,Addon Claim,Addon Trigger,Low,High,60000,800000,Yes,No,Yes,Medium,Medium,High,Invoice|Survey Report,Addon Conditions Not Met,Loss Heavy,0.05,0.9,3000.0,1.08,0.51,Urban,Karnataka,Delhi,0.35,0.7,0.3,14,False,0.84,0.25,0.08
ACKO,Motor,Motor Trade Road Risk,Package,Annual,Addon,PAYD Benefit,Addon Claim,Addon Trigger,Low,High,60000,800000,Yes,No,Yes,Medium,Medium,High,Invoice|Survey Report,Addon Conditions Not Met,Loss Heavy,0.05,0.9,3000.0,1.08,0.51,Urban,Maharashtra,Ahmedabad,0.72,0.62,0.41,7,False,0.74,0.25,0.08
ACKO,Motor,Motor Trade Road Risk,Package,Annual,Addon,EV Addon,Addon Claim,Addon Trigger,Low,High,60000,800000,Yes,No,Yes,Medium,Medium,High,Invoice|Survey Report,Addon Conditions Not Met,Loss Heavy,0.05,0.9,3000.0,1.08,0.58,Rural,Gujarat,Delhi,0.81,0.6,0.72,9,False,0.51,0.25,0.08
ACKO,Motor,Motor Trade Road Risk,Package,Annual,Addon,EMI Protector,Addon Claim,Addon Trigger,Low,High,60000,800000,Yes,No,Yes,Medium,Medium,High,Invoice|Survey Report,Addon Conditions Not Met,Loss Heavy,0.05,0.9,3000.0,1.08,0.29,Metro,Gujarat,Mumbai,0.64,0.8,0.48,9,False,0.79,0.25,0.08
ACKO,Motor,Motor Trade Road Risk,Package,Annual,Addon,Loss of Use,Addon Claim,Addon Trigger,Low,High,60000,800000,Yes,No,Yes,Medium,Medium,High,Invoice|Survey Report,Addon Conditions Not Met,Loss Heavy,0.05,0.9,3000.0,1.08,0.66,Urban,Tamil Nadu,Bangalore,0.35,0.69,0.69,8,False,0.82,0.25,0.08
ACKO,Motor,Motor Trade Road Risk,Package,Annual,Addon,Key Protect,Addon Claim,Addon Trigger,Low,High,60000,800000,Yes,No,Yes,Medium,Medium,High,Invoice|Survey Report,Addon Conditions Not Met,Loss Heavy,0.05,0.9,3000.0,1.08,0.26,Urban,Maharashtra,Bangalore,0.78,0.24,0.47,11,False,0.64,0.25,0.08
ACKO,Motor,Motor Trade Road Risk,Package,Annual,Addon,Personal Belongings,Addon Claim,Addon Trigger,Low,High,60000,800000,Yes,No,Yes,Medium,Medium,High,Invoice|Survey Report,Addon Conditions Not Met,Loss Heavy,0.05,0.9,3000.0,1.08,0.54,Rural,Tamil Nadu,Chennai,0.53,0.53,0.5,7,False,0.78,0.25,0.08
ACKO,Motor,Motor Trade Road Risk,Bundled,Annual,Base,Own Damage,Accident / Liability,Policy Defined Event,Medium,Medium,35000,300000,Yes,Yes,Yes,Medium,Low,Medium,Claim Form|FIR|Photos,Policy Breach,Balanced,0.15,0.9,5250.0,1.08,0.65,Rural,Tamil Nadu,Mumbai,0.63,0.24,0.36,9,False,0.78,0.25,0.03
ACKO,Motor,Motor Trade Road Risk,Bundled,Annual,Base,Third Party,Accident / Liability,Policy Defined Event,Medium,Medium,35000,300000,Yes,Yes,Yes,Medium,Low,Medium,Claim Form|FIR|Photos,Policy Breach,Balanced,0.15,0.9,5250.0,1.08,0.69,Rural,Delhi,Ahmedabad,0.51,0.46,0.64,8,False,0.56,0.25,0.03
ACKO,Motor,Motor Trade Road Risk,Bundled,Annual,Base,Personal Accident,Accident / Liability,Policy Defined Event,Medium,Medium,35000,300000,Yes,Yes,Yes,Medium,Low,Medium,Claim Form|FIR|Photos,Policy Breach,Balanced,0.15,0.9,5250.0,1.08,0.3,Rural,Gujarat,Chennai,0.51,0.42,0.45,12,False,0.67,0.25,0.03
ACKO,Motor,Motor Trade Road Risk,Bundled,Annual,Addon,Zero Depreciation,Addon Claim,Addon Trigger,Low,High,60000,800000,Yes,No,Yes,Medium,Medium,High,Invoice|Survey Report,Addon Conditions Not Met,Loss Heavy,0.05,0.9,3000.0,1.08,0.35,Urban,Tamil Nadu,Bangalore,0.8,0.47,0.81,7,False,0.54,0.25,0.08
ACKO,Motor,Motor Trade Road Risk,Bundled,Annual,Addon,Engine Protect,Addon Claim,Addon Trigger,Low,High,60000,800000,Yes,No,Yes,Medium,Medium,High,Invoice|Survey Report,Addon Conditions Not Met,Loss Heavy,0.05,0.9,3000.0,1.08,0.33,Urban,Gujarat,Ahmedabad,0.48,0.47,0.8,7,False,0.85,0.25,0.08
ACKO,Motor,Motor Trade Road Risk,Bundled,Annual,Addon,Gearbox Protect,Addon Claim,Addon Trigger,Low,High,60000,800000,Yes,No,Yes,Medium,Medium,High,Invoice|Survey Report,Addon Conditions Not Met,Loss Heavy,0.05,0.9,3000.0,1.08,0.33,Urban,Tamil Nadu,Bangalore,0.63,0.5,0.32,13,False,0.77,0.25,0.08
ACKO,Motor,Motor Trade Road Risk,Bundled,Annual,Addon,Consumables,Addon Claim,Addon Trigger,Low,High,60000,800000,Yes,No,Yes,Medium,Medium,High,Invoice|Survey Report,Addon Conditions Not Met,Loss Heavy,0.05,0.9,3000.0,1.08,0.36,Metro,Delhi,Mumbai,0.67,0.28,0.55,7,False,0.71,0.25,0.08
ACKO,Motor,Motor Trade Road Risk,Bundled,Annual,Addon,Tyre Protect,Addon Claim,Addon Trigger,Low,High,60000,800000,Yes,No,Yes,Medium,Medium,High,Invoice|Survey Report,Addon Conditions Not Met,Loss Heavy,0.05,0.9,3000.0,1.08,0.29,Rural,Karnataka,Chennai,0.43,0.56,0.69,8,False,0.85,0.25,0.08
ACKO,Motor,Motor Trade Road Risk,Bundled,Annual,Addon,Roadside Assistance,Addon Claim,Addon Trigger,Low,High,60000,800000,Yes,No,Yes,Medium,Medium,High,Invoice|Survey Report,Addon Conditions Not Met,Loss Heavy,0.05,0.9,3000.0,1.08,0.47,Rural,Gujarat,Chennai,0.84,0.7,0.87,8,False,0.84,0.25,0.08
ACKO,Motor,Motor Trade Road Risk,Bundled,Annual,Addon,NCB Protect,Addon Claim,Addon Trigger,Low,High,60000,800000,Yes,No,Yes,Medium,Medium,High,Invoice|Survey Report,Addon Conditions Not Met,Loss Heavy,0.05,0.9,3000.0,1.08,0.21,Rural,Gujarat,Bangalore,0.68,0.34,0.7,12,False,0.83,0.25,0.08
ACKO,Motor,Motor Trade Road Risk,Bundled,Annual,Addon,Return to Invoice,Addon Claim,Addon Trigger,Low,High,60000,800000,Yes,No,Yes,Medium,Medium,High,Invoice|Survey Report,Addon Conditions Not Met,Loss Heavy,0.05,0.9,3000.0,1.08,0.45,Urban,Gujarat,Delhi,0.46,0.78,0.43,10,False,0.67,0.25,0.08
ACKO,Motor,Motor Trade Road Risk,Bundled,Annual,Addon,Invoice Cover,Addon Claim,Addon Trigger,Low,High,60000,800000,Yes,No,Yes,Medium,Medium,High,Invoice|Survey Report,Addon Conditions Not Met,Loss Heavy,0.05,0.9,3000.0,1.08,0.67,Urban,Tamil Nadu,Mumbai,0.44,0.61,0.89,11,False,0.69,0.25,0.08
ACKO,Motor,Motor Trade Road Risk,Bundled,Annual,Addon,PAYD Benefit,Addon Claim,Addon Trigger,Low,High,60000,800000,Yes,No,Yes,Medium,Medium,High,Invoice|Survey Report,Addon Conditions Not Met,Loss Heavy,0.05,0.9,3000.0,1.08,0.43,Metro,Maharashtra,Ahmedabad,0.82,0.46,0.66,7,False,0.56,0.25,0.08
ACKO,Motor,Motor Trade Road Risk,Bundled,Annual,Addon,EV Addon,Addon Claim,Addon Trigger,Low,High,60000,800000,Yes,No,Yes,Medium,Medium,High,Invoice|Survey Report,Addon Conditions Not Met,Loss Heavy,0.05,0.9,3000.0,1.08,0.25,Metro,Maharashtra,Bangalore,0.45,0.37,0.56,10,False,0.8,0.25,0.08
ACKO,Motor,Motor Trade Road Risk,Bundled,Annual,Addon,EMI Protector,Addon Claim,Addon Trigger,Low,High,60000,800000,Yes,No,Yes,Medium,Medium,High,Invoice|Survey Report,Addon Conditions Not Met,Loss Heavy,0.05,0.9,3000.0,1.08,0.53,Urban,Maharashtra,Bangalore,0.54,0.39,0.85,11,False,0.59,0.25,0.08
ACKO,Motor,Motor Trade Road Risk,Bundled,Annual,Addon,Loss of Use,Addon Claim,Addon Trigger,Low,High,60000,800000,Yes,No,Yes,Medium,Medium,High,Invoice|Survey Report,Addon Conditions Not Met,Loss Heavy,0.05,0.9,3000.0,1.08,0.25,Metro,Maharashtra,Ahmedabad,0.54,0.3,0.67,8,False,0.83,0.25,0.08
ACKO,Motor,Motor Trade Road Risk,Bundled,Annual,Addon,Key Protect,Addon Claim,Addon Trigger,Low,High,60000,800000,Yes,No,Yes,Medium,Medium,High,Invoice|Survey Report,Addon Conditions Not Met,Loss Heavy,0.05,0.9,3000.0,1.08,0.67,Rural,Delhi,Mumbai,0.44,0.67,0.88,12,False,0.81,0.25,0.08
ACKO,Motor,Motor Trade Road Risk,Bundled,Annual,Addon,Personal Belongings,Addon Claim,Addon Trigger,Low,High,60000,800000,Yes,No,Yes,Medium,Medium,High,Invoice|Survey Report,Addon Conditions Not Met,Loss Heavy,0.05,0.9,3000.0,1.08,0.63,Urban,Tamil Nadu,Delhi,0.47,0.47,0.68,8,False,0.7,0.25,0.08
ACKO,Motor,Motor Trade Road Risk,Standalone Own Damage,Annual,Base,Own Damage,Accident / Liability,Policy Defined Event,Medium,Medium,35000,300000,Yes,Yes,Yes,Medium,Low,Medium,Claim Form|FIR|Photos,Policy Breach,Balanced,0.15,0.9,5250.0,1.08,0.21,Metro,Karnataka,Chennai,0.45,0.75,0.73,11,False,0.68,0.25,0.03
ACKO,Motor,Motor Trade Road Risk,Standalone Own Damage,Annual,Base,Personal Accident,Accident / Liability,Policy Defined Event,Medium,Medium,35000,300000,Yes,Yes,Yes,Medium,Low,Medium,Claim Form|FIR|Photos,Policy Breach,Balanced,0.15,0.9,5250.0,1.08,0.69,Rural,Tamil Nadu,Mumbai,0.36,0.39,0.67,9,False,0.62,0.25,0.03
ACKO,Motor,Motor Trade Road Risk,Standalone Own Damage,Annual,Addon,Zero Depreciation,Addon Claim,Addon Trigger,Low,High,60000,800000,Yes,No,Yes,Medium,Medium,High,Invoice|Survey Report,Addon Conditions Not Met,Loss Heavy,0.05,0.9,3000.0,1.08,0.27,Urban,Delhi,Ahmedabad,0.35,0.34,0.52,14,False,0.57,0.25,0.08
ACKO,Motor,Motor Trade Road Risk,Standalone Own Damage,Annual,Addon,Engine Protect,Addon Claim,Addon Trigger,Low,High,60000,800000,Yes,No,Yes,Medium,Medium,High,Invoice|Survey Report,Addon Conditions Not Met,Loss Heavy,0.05,0.9,3000.0,1.08,0.36,Rural,Gujarat,Ahmedabad,0.49,0.71,0.68,13,False,0.71,0.25,0.08
ACKO,Motor,Motor Trade Road Risk,Standalone Own Damage,Annual,Addon,Gearbox Protect,Addon Claim,Addon Trigger,Low,High,60000,800000,Yes,No,Yes,Medium,Medium,High,Invoice|Survey Report,Addon Conditions Not Met,Loss Heavy,0.05,0.9,3000.0,1.08,0.29,Metro,Maharashtra,Chennai,0.56,0.74,0.8,10,False,0.55,0.25,0.08
ACKO,Motor,Motor Trade Road Risk,Standalone Own Damage,Annual,Addon,Consumables,Addon Claim,Addon Trigger,Low,High,60000,800000,Yes,No,Yes,Medium,Medium,High,Invoice|Survey Report,Addon Conditions Not Met,Loss Heavy,0.05,0.9,3000.0,1.08,0.26,Metro,Karnataka,Bangalore,0.54,0.42,0.71,7,False,0.74,0.25,0.08
ACKO,Motor,Motor Trade Road Risk,Standalone Own Damage,Annual,Addon,Tyre Protect,Addon Claim,Addon Trigger,Low,High,60000,800000,Yes,No,Yes,Medium,Medium,High,Invoice|Survey Report,Addon Conditions Not Met,Loss Heavy,0.05,0.9,3000.0,1.08,0.21,Rural,Maharashtra,Mumbai,0.43,0.49,0.71,14,False,0.53,0.25,0.08
ACKO,Motor,Motor Trade Road Risk,Standalone Own Damage,Annual,Addon,Roadside Assistance,Addon Claim,Addon Trigger,Low,High,60000,800000,Yes,No,Yes,Medium,Medium,High,Invoice|Survey Report,Addon Conditions Not Met,Loss Heavy,0.05,0.9,3000.0,1.08,0.61,Rural,Gujarat,Bangalore,0.55,0.44,0.83,14,False,0.56,0.25,0.08
ACKO,Motor,Motor Trade Road Risk,Standalone Own Damage,Annual,Addon,NCB Protect,Addon Claim,Addon Trigger,Low,High,60000,800000,Yes,No,Yes,Medium,Medium,High,Invoice|Survey Report,Addon Conditions Not Met,Loss Heavy,0.05,0.9,3000.0,1.08,0.3,Rural,Maharashtra,Delhi,0.62,0.59,0.42,7,False,0.7,0.25,0.08
ACKO,Motor,Motor Trade Road Risk,Standalone Own Damage,Annual,Addon,Return to Invoice,Addon Claim,Addon Trigger,Low,High,60000,800000,Yes,No,Yes,Medium,Medium,High,Invoice|Survey Report,Addon Conditions Not Met,Loss Heavy,0.05,0.9,3000.0,1.08,0.45,Metro,Delhi,Delhi,0.5,0.65,0.84,14,False,0.83,0.25,0.08
ACKO,Motor,Motor Trade Road Risk,Standalone Own Damage,Annual,Addon,Invoice Cover,Addon Claim,Addon Trigger,Low,High,60000,800000,Yes,No,Yes,Medium,Medium,High,Invoice|Survey Report,Addon Conditions Not Met,Loss Heavy,0.05,0.9,3000.0,1.08,0.24,Rural,Delhi,Delhi,0.73,0.5,0.7,11,False,0.74,0.25,0.08
ACKO,Motor,Motor Trade Road Risk,Standalone Own Damage,Annual,Addon,PAYD Benefit,Addon Claim,Addon Trigger,Low,High,60000,800000,Yes,No,Yes,Medium,Medium,High,Invoice|Survey Report,Addon Conditions Not Met,Loss Heavy,0.05,0.9,3000.0,1.08,0.35,Urban,Karnataka,Bangalore,0.89,0.56,0.31,10,False,0.78,0.25,0.08
ACKO,Motor,Motor Trade Road Risk,Standalone Own Damage,Annual,Addon,EV Addon,Addon Claim,Addon Trigger,Low,High,60000,800000,Yes,No,Yes,Medium,Medium,High,Invoice|Survey Report,Addon Conditions Not Met,Loss Heavy,0.05,0.9,3000.0,1.08,0.51,Metro,Delhi,Delhi,0.58,0.33,0.9,10,False,0.75,0.25,0.08
ACKO,Motor,Motor Trade Road Risk,Standalone Own Damage,Annual,Addon,EMI Protector,Addon Claim,Addon Trigger,Low,High,60000,800000,Yes,No,Yes,Medium,Medium,High,Invoice|Survey Report,Addon Conditions Not Met,Loss Heavy,0.05,0.9,3000.0,1.08,0.23,Metro,Gujarat,Delhi,0.48,0.24,0.34,10,False,0.6,0.25,0.08
ACKO,Motor,Motor Trade Road Risk,Standalone Own Damage,Annual,Addon,Loss of Use,Addon Claim,Addon Trigger,Low,High,60000,800000,Yes,No,Yes,Medium,Medium,High,Invoice|Survey Report,Addon Conditions Not Met,Loss Heavy,0.05,0.9,3000.0,1.08,0.57,Urban,Tamil Nadu,Mumbai,0.67,0.6,0.54,7,False,0.55,0.25,0.08
ACKO,Motor,Motor Trade Road Risk,Standalone Own Damage,Annual,Addon,Key Protect,Addon Claim,Addon Trigger,Low,High,60000,800000,Yes,No,Yes,Medium,Medium,High,Invoice|Survey Report,Addon Conditions Not Met,Loss Heavy,0.05,0.9,3000.0,1.08,0.4,Rural,Gujarat,Delhi,0.61,0.7,0.81,12,False,0.8,0.25,0.08
ACKO,Motor,Motor Trade Road Risk,Standalone Own Damage,Annual,Addon,Personal Belongings,Addon Claim,Addon Trigger,Low,High,60000,800000,Yes,No,Yes,Medium,Medium,High,Invoice|Survey Report,Addon Conditions Not Met,Loss Heavy,0.05,0.9,3000.0,1.08,0.55,Urban,Maharashtra,Mumbai,0.58,0.73,0.56,9,False,0.5,0.25,0.08
ACKO,Motor,Motor Trade Road Risk,Liability Only,Annual,Base,Third Party,Accident / Liability,Policy Defined Event,Medium,Medium,35000,300000,Yes,Yes,Yes,Medium,Low,Medium,Claim Form|FIR|Photos,Policy Breach,Balanced,0.15,0.9,5250.0,1.08,0.36,Urban,Tamil Nadu,Chennai,0.64,0.66,0.64,11,False,0.81,0.25,0.03
ACKO,Motor,Motor Trade Road Risk,Liability Only,Annual,Base,Personal Accident,Accident / Liability,Policy Defined Event,Medium,Medium,35000,300000,Yes,Yes,Yes,Medium,Low,Medium,Claim Form|FIR|Photos,Policy Breach,Balanced,0.15,0.9,5250.0,1.08,0.64,Rural,Karnataka,Mumbai,0.81,0.57,0.77,12,False,0.58,0.25,0.03
ACKO,Motor,Motor Trade Road Risk,Long Term Package,Annual,Base,Own Damage,Accident / Liability,Policy Defined Event,Medium,Medium,35000,300000,Yes,Yes,Yes,Medium,Low,Medium,Claim Form|FIR|Photos,Policy Breach,Balanced,0.15,0.9,5250.0,1.08,0.36,Metro,Delhi,Delhi,0.39,0.8,0.6,13,False,0.83,0.25,0.03
ACKO,Motor,Motor Trade Road Risk,Long Term Package,Annual,Base,Third Party,Accident / Liability,Policy Defined Event,Medium,Medium,35000,300000,Yes,Yes,Yes,Medium,Low,Medium,Claim Form|FIR|Photos,Policy Breach,Balanced,0.15,0.9,5250.0,1.08,0.65,Metro,Karnataka,Chennai,0.59,0.33,0.7,13,False,0.62,0.25,0.03
ACKO,Motor,Motor Trade Road Risk,Long Term Package,Annual,Base,Personal Accident,Accident / Liability,Policy Defined Event,Medium,Medium,35000,300000,Yes,Yes,Yes,Medium,Low,Medium,Claim Form|FIR|Photos,Policy Breach,Balanced,0.15,0.9,5250.0,1.08,0.4,Urban,Delhi,Ahmedabad,0.64,0.33,0.88,13,False,0.78,0.25,0.03
ACKO,Motor,Motor Trade Road Risk,Long Term Package,Annual,Addon,Zero Depreciation,Addon Claim,Addon Trigger,Low,High,60000,800000,Yes,No,Yes,Medium,Medium,High,Invoice|Survey Report,Addon Conditions Not Met,Loss Heavy,0.05,0.9,3000.0,1.08,0.55,Metro,Gujarat,Bangalore,0.46,0.49,0.6,12,False,0.83,0.25,0.08
ACKO,Motor,Motor Trade Road Risk,Long Term Package,Annual,Addon,Engine Protect,Addon Claim,Addon Trigger,Low,High,60000,800000,Yes,No,Yes,Medium,Medium,High,Invoice|Survey Report,Addon Conditions Not Met,Loss Heavy,0.05,0.9,3000.0,1.08,0.37,Metro,Delhi,Delhi,0.7,0.56,0.85,10,False,0.77,0.25,0.08
ACKO,Motor,Motor Trade Road Risk,Long Term Package,Annual,Addon,Gearbox Protect,Addon Claim,Addon Trigger,Low,High,60000,800000,Yes,No,Yes,Medium,Medium,High,Invoice|Survey Report,Addon Conditions Not Met,Loss Heavy,0.05,0.9,3000.0,1.08,0.58,Rural,Delhi,Bangalore,0.4,0.45,0.69,11,False,0.52,0.25,0.08
ACKO,Motor,Motor Trade Road Risk,Long Term Package,Annual,Addon,Consumables,Addon Claim,Addon Trigger,Low,High,60000,800000,Yes,No,Yes,Medium,Medium,High,Invoice|Survey Report,Addon Conditions Not Met,Loss Heavy,0.05,0.9,3000.0,1.08,0.44,Rural,Maharashtra,Bangalore,0.51,0.54,0.49,10,False,0.71,0.25,0.08
ACKO,Motor,Motor Trade Road Risk,Long Term Package,Annual,Addon,Tyre Protect,Addon Claim,Addon Trigger,Low,High,60000,800000,Yes,No,Yes,Medium,Medium,High,Invoice|Survey Report,Addon Conditions Not Met,Loss Heavy,0.05,0.9,3000.0,1.08,0.64,Metro,Delhi,Chennai,0.54,0.67,0.76,8,False,0.55,0.25,0.08
ACKO,Motor,Motor Trade Road Risk,Long Term Package,Annual,Addon,Roadside Assistance,Addon Claim,Addon Trigger,Low,High,60000,800000,Yes,No,Yes,Medium,Medium,High,Invoice|Survey Report,Addon Conditions Not Met,Loss Heavy,0.05,0.9,3000.0,1.08,0.33,Metro,Delhi,Bangalore,0.31,0.4,0.52,13,False,0.55,0.25,0.08
ACKO,Motor,Motor Trade Road Risk,Long Term Package,Annual,Addon,NCB Protect,Addon Claim,Addon Trigger,Low,High,60000,800000,Yes,No,Yes,Medium,Medium,High,Invoice|Survey Report,Addon Conditions Not Met,Loss Heavy,0.05,0.9,3000.0,1.08,0.29,Urban,Delhi,Ahmedabad,0.81,0.74,0.42,10,False,0.69,0.25,0.08
ACKO,Motor,Motor Trade Road Risk,Long Term Package,Annual,Addon,Return to Invoice,Addon Claim,Addon Trigger,Low,High,60000,800000,Yes,No,Yes,Medium,Medium,High,Invoice|Survey Report,Addon Conditions Not Met,Loss Heavy,0.05,0.9,3000.0,1.08,0.66,Rural,Tamil Nadu,Chennai,0.67,0.27,0.44,8,False,0.52,0.25,0.08
ACKO,Motor,Motor Trade Road Risk,Long Term Package,Annual,Addon,Invoice Cover,Addon Claim,Addon Trigger,Low,High,60000,800000,Yes,No,Yes,Medium,Medium,High,Invoice|Survey Report,Addon Conditions Not Met,Loss Heavy,0.05,0.9,3000.0,1.08,0.47,Rural,Gujarat,Bangalore,0.87,0.2,0.57,13,False,0.67,0.25,0.08
ACKO,Motor,Motor Trade Road Risk,Long Term Package,Annual,Addon,PAYD Benefit,Addon Claim,Addon Trigger,Low,High,60000,800000,Yes,No,Yes,Medium,Medium,High,Invoice|Survey Report,Addon Conditions Not Met,Loss Heavy,0.05,0.9,3000.0,1.08,0.27,Rural,Maharashtra,Delhi,0.41,0.69,0.64,10,False,0.61,0.25,0.08
ACKO,Motor,Motor Trade Road Risk,Long Term Package,Annual,Addon,EV Addon,Addon Claim,Addon Trigger,Low,High,60000,800000,Yes,No,Yes,Medium,Medium,High,Invoice|Survey Report,Addon Conditions Not Met,Loss Heavy,0.05,0.9,3000.0,1.08,0.3,Metro,Delhi,Delhi,0.49,0.7,0.67,13,False,0.81,0.25,0.08
ACKO,Motor,Motor Trade Road Risk,Long Term Package,Annual,Addon,EMI Protector,Addon Claim,Addon Trigger,Low,High,60000,800000,Yes,No,Yes,Medium,Medium,High,Invoice|Survey Report,Addon Conditions Not Met,Loss Heavy,0.05,0.9,3000.0,1.08,0.67,Urban,Tamil Nadu,Mumbai,0.36,0.77,0.5,7,False,0.62,0.25,0.08
ACKO,Motor,Motor Trade Road Risk,Long Term Package,Annual,Addon,Loss of Use,Addon Claim,Addon Trigger,Low,High,60000,800000,Yes,No,Yes,Medium,Medium,High,Invoice|Survey Report,Addon Conditions Not Met,Loss Heavy,0.05,0.9,3000.0,1.08,0.51,Rural,Delhi,Bangalore,0.5,0.73,0.56,12,False,0.68,0.25,0.08
ACKO,Motor,Motor Trade Road Risk,Long Term Package,Annual,Addon,Key Protect,Addon Claim,Addon Trigger,Low,High,60000,800000,Yes,No,Yes,Medium,Medium,High,Invoice|Survey Report,Addon Conditions Not Met,Loss Heavy,0.05,0.9,3000.0,1.08,0.7,Urban,Delhi,Bangalore,0.67,0.54,0.33,8,False,0.6,0.25,0.08
ACKO,Motor,Motor Trade Road Risk,Long Term Package,Annual,Addon,Personal Belongings,Addon Claim,Addon Trigger,Low,High,60000,800000,Yes,No,Yes,Medium,Medium,High,Invoice|Survey Report,Addon Conditions Not Met,Loss Heavy,0.05,0.9,3000.0,1.08,0.39,Urban,Delhi,Delhi,0.86,0.67,0.9,12,False,0.55,0.25,0.08
ACKO,Motor,Motor Trade Internal Risk,Package,Annual,Base,Own Damage,Accident / Liability,Policy Defined Event,Medium,Medium,35000,300000,Yes,Yes,Yes,Medium,Low,Medium,Claim Form|FIR|Photos,Policy Breach,Balanced,0.15,0.9,5250.0,1.08,0.41,Metro,Maharashtra,Bangalore,0.79,0.47,0.81,14,False,0.75,0.25,0.03
ACKO,Motor,Motor Trade Internal Risk,Package,Annual,Base,Third Party,Accident / Liability,Policy Defined Event,Medium,Medium,35000,300000,Yes,Yes,Yes,Medium,Low,Medium,Claim Form|FIR|Photos,Policy Breach,Balanced,0.15,0.9,5250.0,1.08,0.58,Rural,Gujarat,Chennai,0.48,0.55,0.41,9,False,0.63,0.25,0.03
ACKO,Motor,Motor Trade Internal Risk,Package,Annual,Base,Personal Accident,Accident / Liability,Policy Defined Event,Medium,Medium,35000,300000,Yes,Yes,Yes,Medium,Low,Medium,Claim Form|FIR|Photos,Policy Breach,Balanced,0.15,0.9,5250.0,1.08,0.23,Rural,Delhi,Bangalore,0.81,0.51,0.78,14,False,0.71,0.25,0.03
ACKO,Motor,Motor Trade Internal Risk,Package,Annual,Addon,Zero Depreciation,Addon Claim,Addon Trigger,Low,High,60000,800000,Yes,No,Yes,Medium,Medium,High,Invoice|Survey Report,Addon Conditions Not Met,Loss Heavy,0.05,0.9,3000.0,1.08,0.27,Metro,Karnataka,Bangalore,0.87,0.25,0.85,14,False,0.66,0.25,0.08
ACKO,Motor,Motor Trade Internal Risk,Package,Annual,Addon,Engine Protect,Addon Claim,Addon Trigger,Low,High,60000,800000,Yes,No,Yes,Medium,Medium,High,Invoice|Survey Report,Addon Conditions Not Met,Loss Heavy,0.05,0.9,3000.0,1.08,0.41,Urban,Maharashtra,Bangalore,0.54,0.67,0.89,9,False,0.53,0.25,0.08
ACKO,Motor,Motor Trade Internal Risk,Package,Annual,Addon,Gearbox Protect,Addon Claim,Addon Trigger,Low,High,60000,800000,Yes,No,Yes,Medium,Medium,High,Invoice|Survey Report,Addon Conditions Not Met,Loss Heavy,0.05,0.9,3000.0,1.08,0.63,Rural,Maharashtra,Mumbai,0.56,0.65,0.61,13,False,0.74,0.25,0.08
ACKO,Motor,Motor Trade Internal Risk,Package,Annual,Addon,Consumables,Addon Claim,Addon Trigger,Low,High,60000,800000,Yes,No,Yes,Medium,Medium,High,Invoice|Survey Report,Addon Conditions Not Met,Loss Heavy,0.05,0.9,3000.0,1.08,0.3,Urban,Karnataka,Delhi,0.51,0.26,0.62,11,False,0.82,0.25,0.08
ACKO,Motor,Motor Trade Internal Risk,Package,Annual,Addon,Tyre Protect,Addon Claim,Addon Trigger,Low,High,60000,800000,Yes,No,Yes,Medium,Medium,High,Invoice|Survey Report,Addon Conditions Not Met,Loss Heavy,0.05,0.9,3000.0,1.08,0.31,Metro,Gujarat,Ahmedabad,0.72,0.62,0.86,9,False,0.73,0.25,0.08
ACKO,Motor,Motor Trade Internal Risk,Package,Annual,Addon,Roadside Assistance,Addon Claim,Addon Trigger,Low,High,60000,800000,Yes,No,Yes,Medium,Medium,High,Invoice|Survey Report,Addon Conditions Not Met,Loss Heavy,0.05,0.9,3000.0,1.08,0.22,Rural,Gujarat,Bangalore,0.73,0.71,0.38,14,False,0.8,0.25,0.08
ACKO,Motor,Motor Trade Internal Risk,Package,Annual,Addon,NCB Protect,Addon Claim,Addon Trigger,Low,High,60000,800000,Yes,No,Yes,Medium,Medium,High,Invoice|Survey Report,Addon Conditions Not Met,Loss Heavy,0.05,0.9,3000.0,1.08,0.64,Rural,Karnataka,Ahmedabad,0.59,0.5,0.86,12,False,0.64,0.25,0.08
ACKO,Motor,Motor Trade Internal Risk,Package,Annual,Addon,Return to Invoice,Addon Claim,Addon Trigger,Low,High,60000,800000,Yes,No,Yes,Medium,Medium,High,Invoice|Survey Report,Addon Conditions Not Met,Loss Heavy,0.05,0.9,3000.0,1.08,0.32,Rural,Delhi,Chennai,0.65,0.23,0.32,8,False,0.81,0.25,0.08
ACKO,Motor,Motor Trade Internal Risk,Package,Annual,Addon,Invoice Cover,Addon Claim,Addon Trigger,Low,High,60000,800000,Yes,No,Yes,Medium,Medium,High,Invoice|Survey Report,Addon Conditions Not Met,Loss Heavy,0.05,0.9,3000.0,1.08,0.47,Rural,Karnataka,Bangalore,0.38,0.27,0.33,7,False,0.83,0.25,0.08
ACKO,Motor,Motor Trade Internal Risk,Package,Annual,Addon,PAYD Benefit,Addon Claim,Addon Trigger,Low,High,60000,800000,Yes,No,Yes,Medium,Medium,High,Invoice|Survey Report,Addon Conditions Not Met,Loss Heavy,0.05,0.9,3000.0,1.08,0.38,Urban,Tamil Nadu,Ahmedabad,0.43,0.66,0.43,8,False,0.75,0.25,0.08
ACKO,Motor,Motor Trade Internal Risk,Package,Annual,Addon,EV Addon,Addon Claim,Addon Trigger,Low,High,60000,800000,Yes,No,Yes,Medium,Medium,High,Invoice|Survey Report,Addon Conditions Not Met,Loss Heavy,0.05,0.9,3000.0,1.08,0.5,Urban,Gujarat,Bangalore,0.59,0.44,0.78,14,False,0.78,0.25,0.08
ACKO,Motor,Motor Trade Internal Risk,Package,Annual,Addon,EMI Protector,Addon Claim,Addon Trigger,Low,High,60000,800000,Yes,No,Yes,Medium,Medium,High,Invoice|Survey Report,Addon Conditions Not Met,Loss Heavy,0.05,0.9,3000.0,1.08,0.45,Rural,Gujarat,Mumbai,0.63,0.26,0.35,9,False,0.53,0.25,0.08
ACKO,Motor,Motor Trade Internal Risk,Package,Annual,Addon,Loss of Use,Addon Claim,Addon Trigger,Low,High,60000,800000,Yes,No,Yes,Medium,Medium,High,Invoice|Survey Report,Addon Conditions Not Met,Loss Heavy,0.05,0.9,3000.0,1.08,0.36,Rural,Tamil Nadu,Mumbai,0.35,0.59,0.75,8,False,0.67,0.25,0.08
ACKO,Motor,Motor Trade Internal Risk,Package,Annual,Addon,Key Protect,Addon Claim,Addon Trigger,Low,High,60000,800000,Yes,No,Yes,Medium,Medium,High,Invoice|Survey Report,Addon Conditions Not Met,Loss Heavy,0.05,0.9,3000.0,1.08,0.4,Urban,Tamil Nadu,Ahmedabad,0.72,0.62,0.31,12,False,0.51,0.25,0.08
ACKO,Motor,Motor Trade Internal Risk,Package,Annual,Addon,Personal Belongings,Addon Claim,Addon Trigger,Low,High,60000,800000,Yes,No,Yes,Medium,Medium,High,Invoice|Survey Report,Addon Conditions Not Met,Loss Heavy,0.05,0.9,3000.0,1.08,0.67,Metro,Maharashtra,Ahmedabad,0.37,0.58,0.49,14,False,0.84,0.25,0.08
ACKO,Motor,Motor Trade Internal Risk,Bundled,Annual,Base,Own Damage,Accident / Liability,Policy Defined Event,Medium,Medium,35000,300000,Yes,Yes,Yes,Medium,Low,Medium,Claim Form|FIR|Photos,Policy Breach,Balanced,0.15,0.9,5250.0,1.08,0.36,Metro,Gujarat,Delhi,0.9,0.3,0.33,13,False,0.56,0.25,0.03
ACKO,Motor,Motor Trade Internal Risk,Bundled,Annual,Base,Third Party,Accident / Liability,Policy Defined Event,Medium,Medium,35000,300000,Yes,Yes,Yes,Medium,Low,Medium,Claim Form|FIR|Photos,Policy Breach,Balanced,0.15,0.9,5250.0,1.08,0.62,Rural,Karnataka,Delhi,0.62,0.22,0.87,7,False,0.82,0.25,0.03
ACKO,Motor,Motor Trade Internal Risk,Bundled,Annual,Base,Personal Accident,Accident / Liability,Policy Defined Event,Medium,Medium,35000,300000,Yes,Yes,Yes,Medium,Low,Medium,Claim Form|FIR|Photos,Policy Breach,Balanced,0.15,0.9,5250.0,1.08,0.23,Urban,Maharashtra,Bangalore,0.86,0.49,0.44,14,False,0.51,0.25,0.03
ACKO,Motor,Motor Trade Internal Risk,Bundled,Annual,Addon,Zero Depreciation,Addon Claim,Addon Trigger,Low,High,60000,800000,Yes,No,Yes,Medium,Medium,High,Invoice|Survey Report,Addon Conditions Not Met,Loss Heavy,0.05,0.9,3000.0,1.08,0.61,Metro,Maharashtra,Bangalore,0.67,0.76,0.61,9,False,0.74,0.25,0.08
ACKO,Motor,Motor Trade Internal Risk,Bundled,Annual,Addon,Engine Protect,Addon Claim,Addon Trigger,Low,High,60000,800000,Yes,No,Yes,Medium,Medium,High,Invoice|Survey Report,Addon Conditions Not Met,Loss Heavy,0.05,0.9,3000.0,1.08,0.48,Rural,Karnataka,Chennai,0.76,0.33,0.8,14,False,0.54,0.25,0.08
ACKO,Motor,Motor Trade Internal Risk,Bundled,Annual,Addon,Gearbox Protect,Addon Claim,Addon Trigger,Low,High,60000,800000,Yes,No,Yes,Medium,Medium,High,Invoice|Survey Report,Addon Conditions Not Met,Loss Heavy,0.05,0.9,3000.0,1.08,0.32,Urban,Delhi,Mumbai,0.68,0.42,0.72,13,False,0.63,0.25,0.08
ACKO,Motor,Motor Trade Internal Risk,Bundled,Annual,Addon,Consumables,Addon Claim,Addon Trigger,Low,High,60000,800000,Yes,No,Yes,Medium,Medium,High,Invoice|Survey Report,Addon Conditions Not Met,Loss Heavy,0.05,0.9,3000.0,1.08,0.66,Rural,Maharashtra,Mumbai,0.48,0.34,0.58,7,False,0.6,0.25,0.08
ACKO,Motor,Motor Trade Internal Risk,Bundled,Annual,Addon,Tyre Protect,Addon Claim,Addon Trigger,Low,High,60000,800000,Yes,No,Yes,Medium,Medium,High,Invoice|Survey Report,Addon Conditions Not Met,Loss Heavy,0.05,0.9,3000.0,1.08,0.2,Urban,Maharashtra,Mumbai,0.5,0.79,0.36,9,False,0.52,0.25,0.08
ACKO,Motor,Motor Trade Internal Risk,Bundled,Annual,Addon,Roadside Assistance,Addon Claim,Addon Trigger,Low,High,60000,800000,Yes,No,Yes,Medium,Medium,High,Invoice|Survey Report,Addon Conditions Not Met,Loss Heavy,0.05,0.9,3000.0,1.08,0.57,Metro,Tamil Nadu,Mumbai,0.76,0.67,0.52,12,False,0.82,0.25,0.08
ACKO,Motor,Motor Trade Internal Risk,Bundled,Annual,Addon,NCB Protect,Addon Claim,Addon Trigger,Low,High,60000,800000,Yes,No,Yes,Medium,Medium,High,Invoice|Survey Report,Addon Conditions Not Met,Loss Heavy,0.05,0.9,3000.0,1.08,0.43,Rural,Tamil Nadu,Mumbai,0.71,0.69,0.58,9,False,0.64,0.25,0.08
ACKO,Motor,Motor Trade Internal Risk,Bundled,Annual,Addon,Return to Invoice,Addon Claim,Addon Trigger,Low,High,60000,800000,Yes,No,Yes,Medium,Medium,High,Invoice|Survey Report,Addon Conditions Not Met,Loss Heavy,0.05,0.9,3000.0,1.08,0.47,Metro,Karnataka,Mumbai,0.49,0.78,0.38,8,False,0.79,0.25,0.08
ACKO,Motor,Motor Trade Internal Risk,Bundled,Annual,Addon,Invoice Cover,Addon Claim,Addon Trigger,Low,High,60000,800000,Yes,No,Yes,Medium,Medium,High,Invoice|Survey Report,Addon Conditions Not Met,Loss Heavy,0.05,0.9,3000.0,1.08,0.34,Urban,Gujarat,Ahmedabad,0.41,0.29,0.72,10,False,0.8,0.25,0.08
ACKO,Motor,Motor Trade Internal Risk,Bundled,Annual,Addon,PAYD Benefit,Addon Claim,Addon Trigger,Low,High,60000,800000,Yes,No,Yes,Medium,Medium,High,Invoice|Survey Report,Addon Conditions Not Met,Loss Heavy,0.05,0.9,3000.0,1.08,0.26,Metro,Gujarat,Mumbai,0.58,0.79,0.57,8,False,0.57,0.25,0.08
ACKO,Motor,Motor Trade Internal Risk,Bundled,Annual,Addon,EV Addon,Addon Claim,Addon Trigger,Low,High,60000,800000,Yes,No,Yes,Medium,Medium,High,Invoice|Survey Report,Addon Conditions Not Met,Loss Heavy,0.05,0.9,3000.0,1.08,0.51,Rural,Gujarat,Delhi,0.62,0.28,0.69,13,False,0.8,0.25,0.08
ACKO,Motor,Motor Trade Internal Risk,Bundled,Annual,Addon,EMI Protector,Addon Claim,Addon Trigger,Low,High,60000,800000,Yes,No,Yes,Medium,Medium,High,Invoice|Survey Report,Addon Conditions Not Met,Loss Heavy,0.05,0.9,3000.0,1.08,0.29,Metro,Gujarat,Mumbai,0.61,0.51,0.41,12,False,0.62,0.25,0.08
ACKO,Motor,Motor Trade Internal Risk,Bundled,Annual,Addon,Loss of Use,Addon Claim,Addon Trigger,Low,High,60000,800000,Yes,No,Yes,Medium,Medium,High,Invoice|Survey Report,Addon Conditions Not Met,Loss Heavy,0.05,0.9,3000.0,1.08,0.38,Metro,Maharashtra,Bangalore,0.3,0.64,0.39,8,False,0.6,0.25,0.08
ACKO,Motor,Motor Trade Internal Risk,Bundled,Annual,Addon,Key Protect,Addon Claim,Addon Trigger,Low,High,60000,800000,Yes,No,Yes,Medium,Medium,High,Invoice|Survey Report,Addon Conditions Not Met,Loss Heavy,0.05,0.9,3000.0,1.08,0.67,Urban,Delhi,Mumbai,0.4,0.52,0.57,11,False,0.68,0.25,0.08
ACKO,Motor,Motor Trade Internal Risk,Bundled,Annual,Addon,Personal Belongings,Addon Claim,Addon Trigger,Low,High,60000,800000,Yes,No,Yes,Medium,Medium,High,Invoice|Survey Report,Addon Conditions Not Met,Loss Heavy,0.05,0.9,3000.0,1.08,0.46,Urban,Maharashtra,Bangalore,0.86,0.22,0.68,14,False,0.81,0.25,0.08
ACKO,Motor,Motor Trade Internal Risk,Standalone Own Damage,Annual,Base,Own Damage,Accident / Liability,Policy Defined Event,Medium,Medium,35000,300000,Yes,Yes,Yes,Medium,Low,Medium,Claim Form|FIR|Photos,Policy Breach,Balanced,0.15,0.9,5250.0,1.08,0.69,Urban,Tamil Nadu,Chennai,0.32,0.46,0.36,12,False,0.54,0.25,0.03
ACKO,Motor,Motor Trade Internal Risk,Standalone Own Damage,Annual,Base,Personal Accident,Accident / Liability,Policy Defined Event,Medium,Medium,35000,300000,Yes,Yes,Yes,Medium,Low,Medium,Claim Form|FIR|Photos,Policy Breach,Balanced,0.15,0.9,5250.0,1.08,0.45,Metro,Tamil Nadu,Ahmedabad,0.68,0.6,0.57,13,False,0.58,0.25,0.03
ACKO,Motor,Motor Trade Internal Risk,Standalone Own Damage,Annual,Addon,Zero Depreciation,Addon Claim,Addon Trigger,Low,High,60000,800000,Yes,No,Yes,Medium,Medium,High,Invoice|Survey Report,Addon Conditions Not Met,Loss Heavy,0.05,0.9,3000.0,1.08,0.59,Urban,Karnataka,Mumbai,0.53,0.3,0.5,13,False,0.54,0.25,0.08
ACKO,Motor,Motor Trade Internal Risk,Standalone Own Damage,Annual,Addon,Engine Protect,Addon Claim,Addon Trigger,Low,High,60000,800000,Yes,No,Yes,Medium,Medium,High,Invoice|Survey Report,Addon Conditions Not Met,Loss Heavy,0.05,0.9,3000.0,1.08,0.26,Urban,Gujarat,Chennai,0.34,0.71,0.72,8,False,0.51,0.25,0.08
ACKO,Motor,Motor Trade Internal Risk,Standalone Own Damage,Annual,Addon,Gearbox Protect,Addon Claim,Addon Trigger,Low,High,60000,800000,Yes,No,Yes,Medium,Medium,High,Invoice|Survey Report,Addon Conditions Not Met,Loss Heavy,0.05,0.9,3000.0,1.08,0.39,Metro,Delhi,Mumbai,0.8,0.5,0.6,7,False,0.57,0.25,0.08
ACKO,Motor,Motor Trade Internal Risk,Standalone Own Damage,Annual,Addon,Consumables,Addon Claim,Addon Trigger,Low,High,60000,800000,Yes,No,Yes,Medium,Medium,High,Invoice|Survey Report,Addon Conditions Not Met,Loss Heavy,0.05,0.9,3000.0,1.08,0.39,Urban,Maharashtra,Chennai,0.63,0.8,0.83,14,False,0.67,0.25,0.08
ACKO,Motor,Motor Trade Internal Risk,Standalone Own Damage,Annual,Addon,Tyre Protect,Addon Claim,Addon Trigger,Low,High,60000,800000,Yes,No,Yes,Medium,Medium,High,Invoice|Survey Report,Addon Conditions Not Met,Loss Heavy,0.05,0.9,3000.0,1.08,0.66,Urban,Delhi,Ahmedabad,0.61,0.69,0.37,11,False,0.57,0.25,0.08
ACKO,Motor,Motor Trade Internal Risk,Standalone Own Damage,Annual,Addon,Roadside Assistance,Addon Claim,Addon Trigger,Low,High,60000,800000,Yes,No,Yes,Medium,Medium,High,Invoice|Survey Report,Addon Conditions Not Met,Loss Heavy,0.05,0.9,3000.0,1.08,0.63,Metro,Tamil Nadu,Ahmedabad,0.52,0.31,0.51,7,False,0.78,0.25,0.08
ACKO,Motor,Motor Trade Internal Risk,Standalone Own Damage,Annual,Addon,NCB Protect,Addon Claim,Addon Trigger,Low,High,60000,800000,Yes,No,Yes,Medium,Medium,High,Invoice|Survey Report,Addon Conditions Not Met,Loss Heavy,0.05,0.9,3000.0,1.08,0.29,Urban,Maharashtra,Chennai,0.41,0.62,0.48,9,False,0.67,0.25,0.08
ACKO,Motor,Motor Trade Internal Risk,Standalone Own Damage,Annual,Addon,Return to Invoice,Addon Claim,Addon Trigger,Low,High,60000,800000,Yes,No,Yes,Medium,Medium,High,Invoice|Survey Report,Addon Conditions Not Met,Loss Heavy,0.05,0.9,3000.0,1.08,0.54,Metro,Karnataka,Chennai,0.84,0.74,0.81,9,False,0.81,0.25,0.08
ACKO,Motor,Motor Trade Internal Risk,Standalone Own Damage,Annual,Addon,Invoice Cover,Addon Claim,Addon Trigger,Low,High,60000,800000,Yes,No,Yes,Medium,Medium,High,Invoice|Survey Report,Addon Conditions Not Met,Loss Heavy,0.05,0.9,3000.0,1.08,0.41,Rural,Maharashtra,Ahmedabad,0.51,0.2,0.84,14,False,0.56,0.25,0.08
ACKO,Motor,Motor Trade Internal Risk,Standalone Own Damage,Annual,Addon,PAYD Benefit,Addon Claim,Addon Trigger,Low,High,60000,800000,Yes,No,Yes,Medium,Medium,High,Invoice|Survey Report,Addon Conditions Not Met,Loss Heavy,0.05,0.9,3000.0,1.08,0.34,Metro,Tamil Nadu,Chennai,0.38,0.48,0.73,10,False,0.66,0.25,0.08
ACKO,Motor,Motor Trade Internal Risk,Standalone Own Damage,Annual,Addon,EV Addon,Addon Claim,Addon Trigger,Low,High,60000,800000,Yes,No,Yes,Medium,Medium,High,Invoice|Survey Report,Addon Conditions Not Met,Loss Heavy,0.05,0.9,3000.0,1.08,0.68,Rural,Gujarat,Ahmedabad,0.53,0.45,0.46,13,False,0.64,0.25,0.08
ACKO,Motor,Motor Trade Internal Risk,Standalone Own Damage,Annual,Addon,EMI Protector,Addon Claim,Addon Trigger,Low,High,60000,800000,Yes,No,Yes,Medium,Medium,High,Invoice|Survey Report,Addon Conditions Not Met,Loss Heavy,0.05,0.9,3000.0,1.08,0.65,Rural,Gujarat,Ahmedabad,0.5,0.5,0.83,13,False,0.58,0.25,0.08
ACKO,Motor,Motor Trade Internal Risk,Standalone Own Damage,Annual,Addon,Loss of Use,Addon Claim,Addon Trigger,Low,High,60000,800000,Yes,No,Yes,Medium,Medium,High,Invoice|Survey Report,Addon Conditions Not Met,Loss Heavy,0.05,0.9,3000.0,1.08,0.63,Urban,Gujarat,Delhi,0.57,0.63,0.52,7,False,0.64,0.25,0.08
ACKO,Motor,Motor Trade Internal Risk,Standalone Own Damage,Annual,Addon,Key Protect,Addon Claim,Addon Trigger,Low,High,60000,800000,Yes,No,Yes,Medium,Medium,High,Invoice|Survey Report,Addon Conditions Not Met,Loss Heavy,0.05,0.9,3000.0,1.08,0.68,Rural,Delhi,Mumbai,0.34,0.7,0.85,11,False,0.66,0.25,0.08
ACKO,Motor,Motor Trade Internal Risk,Standalone Own Damage,Annual,Addon,Personal Belongings,Addon Claim,Addon Trigger,Low,High,60000,800000,Yes,No,Yes,Medium,Medium,High,Invoice|Survey Report,Addon Conditions Not Met,Loss Heavy,0.05,0.9,3000.0,1.08,0.53,Metro,Tamil Nadu,Chennai,0.31,0.54,0.66,8,False,0.82,0.25,0.08
ACKO,Motor,Motor Trade Internal Risk,Liability Only,Annual,Base,Third Party,Accident / Liability,Policy Defined Event,Medium,Medium,35000,300000,Yes,Yes,Yes,Medium,Low,Medium,Claim Form|FIR|Photos,Policy Breach,Balanced,0.15,0.9,5250.0,1.08,0.26,Urban,Karnataka,Ahmedabad,0.77,0.25,0.55,14,False,0.73,0.25,0.03
ACKO,Motor,Motor Trade Internal Risk,Liability Only,Annual,Base,Personal Accident,Accident / Liability,Policy Defined Event,Medium,Medium,35000,300000,Yes,Yes,Yes,Medium,Low,Medium,Claim Form|FIR|Photos,Policy Breach,Balanced,0.15,0.9,5250.0,1.08,0.25,Metro,Maharashtra,Ahmedabad,0.49,0.66,0.7,10,False,0.77,0.25,0.03
ACKO,Motor,Motor Trade Internal Risk,Long Term Package,Annual,Base,Own Damage,Accident / Liability,Policy Defined Event,Medium,Medium,35000,300000,Yes,Yes,Yes,Medium,Low,Medium,Claim Form|FIR|Photos,Policy Breach,Balanced,0.15,0.9,5250.0,1.08,0.36,Rural,Tamil Nadu,Delhi,0.34,0.4,0.61,10,False,0.71,0.25,0.03
ACKO,Motor,Motor Trade Internal Risk,Long Term Package,Annual,Base,Third Party,Accident / Liability,Policy Defined Event,Medium,Medium,35000,300000,Yes,Yes,Yes,Medium,Low,Medium,Claim Form|FIR|Photos,Policy Breach,Balanced,0.15,0.9,5250.0,1.08,0.63,Metro,Maharashtra,Bangalore,0.42,0.77,0.8,12,False,0.73,0.25,0.03
ACKO,Motor,Motor Trade Internal Risk,Long Term Package,Annual,Base,Personal Accident,Accident / Liability,Policy Defined Event,Medium,Medium,35000,300000,Yes,Yes,Yes,Medium,Low,Medium,Claim Form|FIR|Photos,Policy Breach,Balanced,0.15,0.9,5250.0,1.08,0.55,Rural,Delhi,Mumbai,0.55,0.78,0.33,12,False,0.53,0.25,0.03
ACKO,Motor,Motor Trade Internal Risk,Long Term Package,Annual,Addon,Zero Depreciation,Addon Claim,Addon Trigger,Low,High,60000,800000,Yes,No,Yes,Medium,Medium,High,Invoice|Survey Report,Addon Conditions Not Met,Loss Heavy,0.05,0.9,3000.0,1.08,0.3,Rural,Gujarat,Delhi,0.6,0.73,0.53,11,False,0.78,0.25,0.08
ACKO,Motor,Motor Trade Internal Risk,Long Term Package,Annual,Addon,Engine Protect,Addon Claim,Addon Trigger,Low,High,60000,800000,Yes,No,Yes,Medium,Medium,High,Invoice|Survey Report,Addon Conditions Not Met,Loss Heavy,0.05,0.9,3000.0,1.08,0.58,Urban,Delhi,Ahmedabad,0.62,0.36,0.32,11,False,0.66,0.25,0.08
ACKO,Motor,Motor Trade Internal Risk,Long Term Package,Annual,Addon,Gearbox Protect,Addon Claim,Addon Trigger,Low,High,60000,800000,Yes,No,Yes,Medium,Medium,High,Invoice|Survey Report,Addon Conditions Not Met,Loss Heavy,0.05,0.9,3000.0,1.08,0.27,Metro,Maharashtra,Delhi,0.76,0.58,0.42,11,False,0.77,0.25,0.08
ACKO,Motor,Motor Trade Internal Risk,Long Term Package,Annual,Addon,Consumables,Addon Claim,Addon Trigger,Low,High,60000,800000,Yes,No,Yes,Medium,Medium,High,Invoice|Survey Report,Addon Conditions Not Met,Loss Heavy,0.05,0.9,3000.0,1.08,0.5,Rural,Karnataka,Chennai,0.47,0.66,0.75,12,False,0.74,0.25,0.08
ACKO,Motor,Motor Trade Internal Risk,Long Term Package,Annual,Addon,Tyre Protect,Addon Claim,Addon Trigger,Low,High,60000,800000,Yes,No,Yes,Medium,Medium,High,Invoice|Survey Report,Addon Conditions Not Met,Loss Heavy,0.05,0.9,3000.0,1.08,0.46,Metro,Tamil Nadu,Ahmedabad,0.71,0.24,0.63,10,False,0.52,0.25,0.08
ACKO,Motor,Motor Trade Internal Risk,Long Term Package,Annual,Addon,Roadside Assistance,Addon Claim,Addon Trigger,Low,High,60000,800000,Yes,No,Yes,Medium,Medium,High,Invoice|Survey Report,Addon Conditions Not Met,Loss Heavy,0.05,0.9,3000.0,1.08,0.37,Urban,Karnataka,Bangalore,0.88,0.44,0.88,12,False,0.78,0.25,0.08
ACKO,Motor,Motor Trade Internal Risk,Long Term Package,Annual,Addon,NCB Protect,Addon Claim,Addon Trigger,Low,High,60000,800000,Yes,No,Yes,Medium,Medium,High,Invoice|Survey Report,Addon Conditions Not Met,Loss Heavy,0.05,0.9,3000.0,1.08,0.55,Metro,Gujarat,Delhi,0.42,0.21,0.76,14,False,0.54,0.25,0.08
ACKO,Motor,Motor Trade Internal Risk,Long Term Package,Annual,Addon,Return to Invoice,Addon Claim,Addon Trigger,Low,High,60000,800000,Yes,No,Yes,Medium,Medium,High,Invoice|Survey Report,Addon Conditions Not Met,Loss Heavy,0.05,0.9,3000.0,1.08,0.44,Urban,Maharashtra,Ahmedabad,0.53,0.66,0.48,9,False,0.8,0.25,0.08
ACKO,Motor,Motor Trade Internal Risk,Long Term Package,Annual,Addon,Invoice Cover,Addon Claim,Addon Trigger,Low,High,60000,800000,Yes,No,Yes,Medium,Medium,High,Invoice|Survey Report,Addon Conditions Not Met,Loss Heavy,0.05,0.9,3000.0,1.08,0.26,Rural,Karnataka,Ahmedabad,0.31,0.33,0.65,8,False,0.77,0.25,0.08
ACKO,Motor,Motor Trade Internal Risk,Long Term Package,Annual,Addon,PAYD Benefit,Addon Claim,Addon Trigger,Low,High,60000,800000,Yes,No,Yes,Medium,Medium,High,Invoice|Survey Report,Addon Conditions Not Met,Loss Heavy,0.05,0.9,3000.0,1.08,0.35,Metro,Delhi,Ahmedabad,0.81,0.25,0.42,12,False,0.67,0.25,0.08
ACKO,Motor,Motor Trade Internal Risk,Long Term Package,Annual,Addon,EV Addon,Addon Claim,Addon Trigger,Low,High,60000,800000,Yes,No,Yes,Medium,Medium,High,Invoice|Survey Report,Addon Conditions Not Met,Loss Heavy,0.05,0.9,3000.0,1.08,0.41,Rural,Tamil Nadu,Chennai,0.52,0.77,0.74,14,False,0.77,0.25,0.08
ACKO,Motor,Motor Trade Internal Risk,Long Term Package,Annual,Addon,EMI Protector,Addon Claim,Addon Trigger,Low,High,60000,800000,Yes,No,Yes,Medium,Medium,High,Invoice|Survey Report,Addon Conditions Not Met,Loss Heavy,0.05,0.9,3000.0,1.08,0.6,Rural,Tamil Nadu,Mumbai,0.31,0.24,0.79,14,False,0.64,0.25,0.08
ACKO,Motor,Motor Trade Internal Risk,Long Term Package,Annual,Addon,Loss of Use,Addon Claim,Addon Trigger,Low,High,60000,800000,Yes,No,Yes,Medium,Medium,High,Invoice|Survey Report,Addon Conditions Not Met,Loss Heavy,0.05,0.9,3000.0,1.08,0.5,Metro,Maharashtra,Delhi,0.4,0.25,0.85,13,False,0.58,0.25,0.08
ACKO,Motor,Motor Trade Internal Risk,Long Term Package,Annual,Addon,Key Protect,Addon Claim,Addon Trigger,Low,High,60000,800000,Yes,No,Yes,Medium,Medium,High,Invoice|Survey Report,Addon Conditions Not Met,Loss Heavy,0.05,0.9,3000.0,1.08,0.46,Urban,Delhi,Delhi,0.52,0.25,0.77,13,False,0.52,0.25,0.08
ACKO,Motor,Motor Trade Internal Risk,Long Term Package,Annual,Addon,Personal Belongings,Addon Claim,Addon Trigger,Low,High,60000,800000,Yes,No,Yes,Medium,Medium,High,Invoice|Survey Report,Addon Conditions Not Met,Loss Heavy,0.05,0.9,3000.0,1.08,0.29,Metro,Maharashtra,Bangalore,0.62,0.4,0.89,10,False,0.5,0.25,0.08
GoDigit,Motor,Private Car,Package,Annual,Base,Own Damage,Accident / Liability,Policy Defined Event,Medium,Medium,35000,300000,Yes,Yes,Yes,Medium,Low,Medium,Claim Form|FIR|Photos,Policy Breach,Balanced,0.15,0.9,5250.0,1.08,0.22,Rural,Tamil Nadu,Bangalore,0.76,0.33,0.4,7,False,0.62,0.25,0.03
GoDigit,Motor,Private Car,Package,Annual,Base,Third Party,Accident / Liability,Policy Defined Event,Medium,Medium,35000,300000,Yes,Yes,Yes,Medium,Low,Medium,Claim Form|FIR|Photos,Policy Breach,Balanced,0.15,0.9,5250.0,1.08,0.57,Metro,Delhi,Mumbai,0.67,0.39,0.52,10,False,0.78,0.25,0.03
GoDigit,Motor,Private Car,Package,Annual,Base,Personal Accident,Accident / Liability,Policy Defined Event,Medium,Medium,35000,300000,Yes,Yes,Yes,Medium,Low,Medium,Claim Form|FIR|Photos,Policy Breach,Balanced,0.15,0.9,5250.0,1.08,0.52,Rural,Delhi,Ahmedabad,0.89,0.78,0.69,7,False,0.52,0.25,0.03
GoDigit,Motor,Private Car,Package,Annual,Addon,Zero Depreciation,Addon Claim,Addon Trigger,Low,High,60000,800000,Yes,No,Yes,Medium,Medium,High,Invoice|Survey Report,Addon Conditions Not Met,Loss Heavy,0.05,0.9,3000.0,1.08,0.31,Metro,Maharashtra,Ahmedabad,0.84,0.53,0.44,11,False,0.57,0.25,0.08
GoDigit,Motor,Private Car,Package,Annual,Addon,Engine Protect,Addon Claim,Addon Trigger,Low,High,60000,800000,Yes,No,Yes,Medium,Medium,High,Invoice|Survey Report,Addon Conditions Not Met,Loss Heavy,0.05,0.9,3000.0,1.08,0.67,Urban,Delhi,Mumbai,0.84,0.57,0.53,13,False,0.6,0.25,0.08
GoDigit,Motor,Private Car,Package,Annual,Addon,Gearbox Protect,Addon Claim,Addon Trigger,Low,High,60000,800000,Yes,No,Yes,Medium,Medium,High,Invoice|Survey Report,Addon Conditions Not Met,Loss Heavy,0.05,0.9,3000.0,1.08,0.21,Metro,Gujarat,Delhi,0.3,0.24,0.39,12,False,0.78,0.25,0.08
GoDigit,Motor,Private Car,Package,Annual,Addon,Consumables,Addon Claim,Addon Trigger,Low,High,60000,800000,Yes,No,Yes,Medium,Medium,High,Invoice|Survey Report,Addon Conditions Not Met,Loss Heavy,0.05,0.9,3000.0,1.08,0.53,Metro,Tamil Nadu,Chennai,0.55,0.3,0.85,8,False,0.52,0.25,0.08
GoDigit,Motor,Private Car,Package,Annual,Addon,Tyre Protect,Addon Claim,Addon Trigger,Low,High,60000,800000,Yes,No,Yes,Medium,Medium,High,Invoice|Survey Report,Addon Conditions Not Met,Loss Heavy,0.05,0.9,3000.0,1.08,0.67,Rural,Delhi,Mumbai,0.3,0.22,0.48,10,False,0.57,0.25,0.08
GoDigit,Motor,Private Car,Package,Annual,Addon,Roadside Assistance,Addon Claim,Addon Trigger,Low,High,60000,800000,Yes,No,Yes,Medium,Medium,High,Invoice|Survey Report,Addon Conditions Not Met,Loss Heavy,0.05,0.9,3000.0,1.08,0.41,Metro,Tamil Nadu,Bangalore,0.5,0.61,0.34,12,False,0.58,0.25,0.08
GoDigit,Motor,Private Car,Package,Annual,Addon,NCB Protect,Addon Claim,Addon Trigger,Low,High,60000,800000,Yes,No,Yes,Medium,Medium,High,Invoice|Survey Report,Addon Conditions Not Met,Loss Heavy,0.05,0.9,3000.0,1.08,0.64,Rural,Gujarat,Mumbai,0.75,0.29,0.86,13,False,0.82,0.25,0.08
GoDigit,Motor,Private Car,Package,Annual,Addon,Return to Invoice,Addon Claim,Addon Trigger,Low,High,60000,800000,Yes,No,Yes,Medium,Medium,High,Invoice|Survey Report,Addon Conditions Not Met,Loss Heavy,0.05,0.9,3000.0,1.08,0.53,Urban,Karnataka,Bangalore,0.9,0.47,0.86,8,False,0.69,0.25,0.08
GoDigit,Motor,Private Car,Package,Annual,Addon,Invoice Cover,Addon Claim,Addon Trigger,Low,High,60000,800000,Yes,No,Yes,Medium,Medium,High,Invoice|Survey Report,Addon Conditions Not Met,Loss Heavy,0.05,0.9,3000.0,1.08,0.39,Metro,Maharashtra,Chennai,0.83,0.6,0.87,14,False,0.83,0.25,0.08
GoDigit,Motor,Private Car,Package,Annual,Addon,PAYD Benefit,Addon Claim,Addon Trigger,Low,High,60000,800000,Yes,No,Yes,Medium,Medium,High,Invoice|Survey Report,Addon Conditions Not Met,Loss Heavy,0.05,0.9,3000.0,1.08,0.59,Rural,Karnataka,Ahmedabad,0.41,0.31,0.71,10,False,0.76,0.25,0.08
GoDigit,Motor,Private Car,Package,Annual,Addon,EV Addon,Addon Claim,Addon Trigger,Low,High,60000,800000,Yes,No,Yes,Medium,Medium,High,Invoice|Survey Report,Addon Conditions Not Met,Loss Heavy,0.05,0.9,3000.0,1.08,0.22,Urban,Karnataka,Ahmedabad,0.33,0.78,0.77,14,False,0.67,0.25,0.08
GoDigit,Motor,Private Car,Package,Annual,Addon,EMI Protector,Addon Claim,Addon Trigger,Low,High,60000,800000,Yes,No,Yes,Medium,Medium,High,Invoice|Survey Report,Addon Conditions Not Met,Loss Heavy,0.05,0.9,3000.0,1.08,0.38,Metro,Maharashtra,Delhi,0.67,0.42,0.57,13,False,0.69,0.25,0.08
GoDigit,Motor,Private Car,Package,Annual,Addon,Loss of Use,Addon Claim,Addon Trigger,Low,High,60000,800000,Yes,No,Yes,Medium,Medium,High,Invoice|Survey Report,Addon Conditions Not Met,Loss Heavy,0.05,0.9,3000.0,1.08,0.39,Metro,Karnataka,Delhi,0.35,0.55,0.68,12,False,0.52,0.25,0.08
GoDigit,Motor,Private Car,Package,Annual,Addon,Key Protect,Addon Claim,Addon Trigger,Low,High,60000,800000,Yes,No,Yes,Medium,Medium,High,Invoice|Survey Report,Addon Conditions Not Met,Loss Heavy,0.05,0.9,3000.0,1.08,0.61,Rural,Tamil Nadu,Mumbai,0.75,0.75,0.81,13,False,0.68,0.25,0.08
GoDigit,Motor,Private Car,Package,Annual,Addon,Personal Belongings,Addon Claim,Addon Trigger,Low,High,60000,800000,Yes,No,Yes,Medium,Medium,High,Invoice|Survey Report,Addon Conditions Not Met,Loss Heavy,0.05,0.9,3000.0,1.08,0.31,Rural,Gujarat,Bangalore,0.55,0.2,0.77,9,False,0.68,0.25,0.08
GoDigit,Motor,Private Car,Bundled,Annual,Base,Own Damage,Accident / Liability,Policy Defined Event,Medium,Medium,35000,300000,Yes,Yes,Yes,Medium,Low,Medium,Claim Form|FIR|Photos,Policy Breach,Balanced,0.15,0.9,5250.0,1.08,0.26,Metro,Tamil Nadu,Mumbai,0.48,0.72,0.3,8,False,0.7,0.25,0.03
GoDigit,Motor,Private Car,Bundled,Annual,Base,Third Party,Accident / Liability,Policy Defined Event,Medium,Medium,35000,300000,Yes,Yes,Yes,Medium,Low,Medium,Claim Form|FIR|Photos,Policy Breach,Balanced,0.15,0.9,5250.0,1.08,0.67,Rural,Maharashtra,Mumbai,0.73,0.46,0.37,14,False,0.84,0.25,0.03
GoDigit,Motor,Private Car,Bundled,Annual,Base,Personal Accident,Accident / Liability,Policy Defined Event,Medium,Medium,35000,300000,Yes,Yes,Yes,Medium,Low,Medium,Claim Form|FIR|Photos,Policy Breach,Balanced,0.15,0.9,5250.0,1.08,0.65,Rural,Maharashtra,Delhi,0.69,0.61,0.57,13,False,0.51,0.25,0.03
GoDigit,Motor,Private Car,Bundled,Annual,Addon,Zero Depreciation,Addon Claim,Addon Trigger,Low,High,60000,800000,Yes,No,Yes,Medium,Medium,High,Invoice|Survey Report,Addon Conditions Not Met,Loss Heavy,0.05,0.9,3000.0,1.08,0.69,Urban,Gujarat,Chennai,0.61,0.4,0.43,10,False,0.62,0.25,0.08
GoDigit,Motor,Private Car,Bundled,Annual,Addon,Engine Protect,Addon Claim,Addon Trigger,Low,High,60000,800000,Yes,No,Yes,Medium,Medium,High,Invoice|Survey Report,Addon Conditions Not Met,Loss Heavy,0.05,0.9,3000.0,1.08,0.47,Urban,Tamil Nadu,Delhi,0.52,0.42,0.46,14,False,0.67,0.25,0.08
GoDigit,Motor,Private Car,Bundled,Annual,Addon,Gearbox Protect,Addon Claim,Addon Trigger,Low,High,60000,800000,Yes,No,Yes,Medium,Medium,High,Invoice|Survey Report,Addon Conditions Not Met,Loss Heavy,0.05,0.9,3000.0,1.08,0.27,Urban,Karnataka,Delhi,0.89,0.74,0.55,14,False,0.85,0.25,0.08
GoDigit,Motor,Private Car,Bundled,Annual,Addon,Consumables,Addon Claim,Addon Trigger,Low,High,60000,800000,Yes,No,Yes,Medium,Medium,High,Invoice|Survey Report,Addon Conditions Not Met,Loss Heavy,0.05,0.9,3000.0,1.08,0.43,Metro,Karnataka,Delhi,0.45,0.76,0.49,14,False,0.53,0.25,0.08
GoDigit,Motor,Private Car,Bundled,Annual,Addon,Tyre Protect,Addon Claim,Addon Trigger,Low,High,60000,800000,Yes,No,Yes,Medium,Medium,High,Invoice|Survey Report,Addon Conditions Not Met,Loss Heavy,0.05,0.9,3000.0,1.08,0.28,Metro,Maharashtra,Mumbai,0.45,0.35,0.69,12,False,0.74,0.25,0.08
GoDigit,Motor,Private Car,Bundled,Annual,Addon,Roadside Assistance,Addon Claim,Addon Trigger,Low,High,60000,800000,Yes,No,Yes,Medium,Medium,High,Invoice|Survey Report,Addon Conditions Not Met,Loss Heavy,0.05,0.9,3000.0,1.08,0.62,Rural,Gujarat,Chennai,0.54,0.54,0.51,10,False,0.74,0.25,0.08
GoDigit,Motor,Private Car,Bundled,Annual,Addon,NCB Protect,Addon Claim,Addon Trigger,Low,High,60000,800000,Yes,No,Yes,Medium,Medium,High,Invoice|Survey Report,Addon Conditions Not Met,Loss Heavy,0.05,0.9,3000.0,1.08,0.49,Rural,Gujarat,Ahmedabad,0.75,0.68,0.73,9,False,0.7,0.25,0.08
GoDigit,Motor,Private Car,Bundled,Annual,Addon,Return to Invoice,Addon Claim,Addon Trigger,Low,High,60000,800000,Yes,No,Yes,Medium,Medium,High,Invoice|Survey Report,Addon Conditions Not Met,Loss Heavy,0.05,0.9,3000.0,1.08,0.35,Rural,Delhi,Chennai,0.43,0.58,0.34,9,False,0.67,0.25,0.08
GoDigit,Motor,Private Car,Bundled,Annual,Addon,Invoice Cover,Addon Claim,Addon Trigger,Low,High,60000,800000,Yes,No,Yes,Medium,Medium,High,Invoice|Survey Report,Addon Conditions Not Met,Loss Heavy,0.05,0.9,3000.0,1.08,0.57,Urban,Maharashtra,Ahmedabad,0.66,0.34,0.31,7,False,0.67,0.25,0.08
GoDigit,Motor,Private Car,Bundled,Annual,Addon,PAYD Benefit,Addon Claim,Addon Trigger,Low,High,60000,800000,Yes,No,Yes,Medium,Medium,High,Invoice|Survey Report,Addon Conditions Not Met,Loss Heavy,0.05,0.9,3000.0,1.08,0.58,Rural,Tamil Nadu,Bangalore,0.3,0.79,0.82,7,False,0.57,0.25,0.08
GoDigit,Motor,Private Car,Bundled,Annual,Addon,EV Addon,Addon Claim,Addon Trigger,Low,High,60000,800000,Yes,No,Yes,Medium,Medium,High,Invoice|Survey Report,Addon Conditions Not Met,Loss Heavy,0.05,0.9,3000.0,1.08,0.28,Metro,Maharashtra,Mumbai,0.46,0.56,0.74,14,False,0.82,0.25,0.08
GoDigit,Motor,Private Car,Bundled,Annual,Addon,EMI Protector,Addon Claim,Addon Trigger,Low,High,60000,800000,Yes,No,Yes,Medium,Medium,High,Invoice|Survey Report,Addon Conditions Not Met,Loss Heavy,0.05,0.9,3000.0,1.08,0.48,Urban,Delhi,Chennai,0.4,0.33,0.58,9,False,0.84,0.25,0.08
GoDigit,Motor,Private Car,Bundled,Annual,Addon,Loss of Use,Addon Claim,Addon Trigger,Low,High,60000,800000,Yes,No,Yes,Medium,Medium,High,Invoice|Survey Report,Addon Conditions Not Met,Loss Heavy,0.05,0.9,3000.0,1.08,0.41,Rural,Gujarat,Bangalore,0.54,0.33,0.64,9,False,0.68,0.25,0.08
GoDigit,Motor,Private Car,Bundled,Annual,Addon,Key Protect,Addon Claim,Addon Trigger,Low,High,60000,800000,Yes,No,Yes,Medium,Medium,High,Invoice|Survey Report,Addon Conditions Not Met,Loss Heavy,0.05,0.9,3000.0,1.08,0.58,Urban,Tamil Nadu,Bangalore,0.39,0.26,0.32,7,False,0.62,0.25,0.08
GoDigit,Motor,Private Car,Bundled,Annual,Addon,Personal Belongings,Addon Claim,Addon Trigger,Low,High,60000,800000,Yes,No,Yes,Medium,Medium,High,Invoice|Survey Report,Addon Conditions Not Met,Loss Heavy,0.05,0.9,3000.0,1.08,0.37,Urban,Karnataka,Delhi,0.58,0.27,0.75,13,False,0.64,0.25,0.08
GoDigit,Motor,Private Car,Standalone Own Damage,Annual,Base,Own Damage,Accident / Liability,Policy Defined Event,Medium,Medium,35000,300000,Yes,Yes,Yes,Medium,Low,Medium,Claim Form|FIR|Photos,Policy Breach,Balanced,0.15,0.9,5250.0,1.08,0.6,Urban,Karnataka,Bangalore,0.72,0.5,0.3,9,False,0.51,0.25,0.03
GoDigit,Motor,Private Car,Standalone Own Damage,Annual,Base,Personal Accident,Accident / Liability,Policy Defined Event,Medium,Medium,35000,300000,Yes,Yes,Yes,Medium,Low,Medium,Claim Form|FIR|Photos,Policy Breach,Balanced,0.15,0.9,5250.0,1.08,0.66,Urban,Tamil Nadu,Delhi,0.84,0.43,0.46,13,False,0.77,0.25,0.03
GoDigit,Motor,Private Car,Standalone Own Damage,Annual,Addon,Zero Depreciation,Addon Claim,Addon Trigger,Low,High,60000,800000,Yes,No,Yes,Medium,Medium,High,Invoice|Survey Report,Addon Conditions Not Met,Loss Heavy,0.05,0.9,3000.0,1.08,0.64,Rural,Maharashtra,Delhi,0.79,0.43,0.89,14,False,0.52,0.25,0.08
GoDigit,Motor,Private Car,Standalone Own Damage,Annual,Addon,Engine Protect,Addon Claim,Addon Trigger,Low,High,60000,800000,Yes,No,Yes,Medium,Medium,High,Invoice|Survey Report,Addon Conditions Not Met,Loss Heavy,0.05,0.9,3000.0,1.08,0.36,Urban,Tamil Nadu,Mumbai,0.78,0.36,0.56,14,False,0.77,0.25,0.08
GoDigit,Motor,Private Car,Standalone Own Damage,Annual,Addon,Gearbox Protect,Addon Claim,Addon Trigger,Low,High,60000,800000,Yes,No,Yes,Medium,Medium,High,Invoice|Survey Report,Addon Conditions Not Met,Loss Heavy,0.05,0.9,3000.0,1.08,0.48,Metro,Delhi,Chennai,0.6,0.41,0.87,11,False,0.69,0.25,0.08
GoDigit,Motor,Private Car,Standalone Own Damage,Annual,Addon,Consumables,Addon Claim,Addon Trigger,Low,High,60000,800000,Yes,No,Yes,Medium,Medium,High,Invoice|Survey Report,Addon Conditions Not Met,Loss Heavy,0.05,0.9,3000.0,1.08,0.3,Metro,Gujarat,Chennai,0.54,0.67,0.69,13,False,0.5,0.25,0.08
GoDigit,Motor,Private Car,Standalone Own Damage,Annual,Addon,Tyre Protect,Addon Claim,Addon Trigger,Low,High,60000,800000,Yes,No,Yes,Medium,Medium,High,Invoice|Survey Report,Addon Conditions Not Met,Loss Heavy,0.05,0.9,3000.0,1.08,0.31,Urban,Maharashtra,Delhi,0.72,0.43,0.52,10,False,0.78,0.25,0.08
GoDigit,Motor,Private Car,Standalone Own Damage,Annual,Addon,Roadside Assistance,Addon Claim,Addon Trigger,Low,High,60000,800000,Yes,No,Yes,Medium,Medium,High,Invoice|Survey Report,Addon Conditions Not Met,Loss Heavy,0.05,0.9,3000.0,1.08,0.31,Rural,Gujarat,Bangalore,0.33,0.6,0.64,14,False,0.64,0.25,0.08
GoDigit,Motor,Private Car,Standalone Own Damage,Annual,Addon,NCB Protect,Addon Claim,Addon Trigger,Low,High,60000,800000,Yes,No,Yes,Medium,Medium,High,Invoice|Survey Report,Addon Conditions Not Met,Loss Heavy,0.05,0.9,3000.0,1.08,0.39,Metro,Karnataka,Bangalore,0.35,0.27,0.71,9,False,0.61,0.25,0.08
GoDigit,Motor,Private Car,Standalone Own Damage,Annual,Addon,Return to Invoice,Addon Claim,Addon Trigger,Low,High,60000,800000,Yes,No,Yes,Medium,Medium,High,Invoice|Survey Report,Addon Conditions Not Met,Loss Heavy,0.05,0.9,3000.0,1.08,0.66,Urban,Gujarat,Bangalore,0.8,0.59,0.54,9,False,0.71,0.25,0.08
GoDigit,Motor,Private Car,Standalone Own Damage,Annual,Addon,Invoice Cover,Addon Claim,Addon Trigger,Low,High,60000,800000,Yes,No,Yes,Medium,Medium,High,Invoice|Survey Report,Addon Conditions Not Met,Loss Heavy,0.05,0.9,3000.0,1.08,0.32,Urban,Karnataka,Bangalore,0.9,0.58,0.44,7,False,0.57,0.25,0.08
GoDigit,Motor,Private Car,Standalone Own Damage,Annual,Addon,PAYD Benefit,Addon Claim,Addon Trigger,Low,High,60000,800000,Yes,No,Yes,Medium,Medium,High,Invoice|Survey Report,Addon Conditions Not Met,Loss Heavy,0.05,0.9,3000.0,1.08,0.46,Rural,Maharashtra,Ahmedabad,0.53,0.38,0.82,10,False,0.74,0.25,0.08
GoDigit,Motor,Private Car,Standalone Own Damage,Annual,Addon,EV Addon,Addon Claim,Addon Trigger,Low,High,60000,800000,Yes,No,Yes,Medium,Medium,High,Invoice|Survey Report,Addon Conditions Not Met,Loss Heavy,0.05,0.9,3000.0,1.08,0.29,Metro,Maharashtra,Ahmedabad,0.31,0.71,0.4,7,False,0.84,0.25,0.08
GoDigit,Motor,Private Car,Standalone Own Damage,Annual,Addon,EMI Protector,Addon Claim,Addon Trigger,Low,High,60000,800000,Yes,No,Yes,Medium,Medium,High,Invoice|Survey Report,Addon Conditions Not Met,Loss Heavy,0.05,0.9,3000.0,1.08,0.5,Rural,Gujarat,Ahmedabad,0.83,0.36,0.5,9,False,0.63,0.25,0.08
GoDigit,Motor,Private Car,Standalone Own Damage,Annual,Addon,Loss of Use,Addon Claim,Addon Trigger,Low,High,60000,800000,Yes,No,Yes,Medium,Medium,High,Invoice|Survey Report,Addon Conditions Not Met,Loss Heavy,0.05,0.9,3000.0,1.08,0.45,Rural,Maharashtra,Delhi,0.43,0.56,0.89,9,False,0.76,0.25,0.08
GoDigit,Motor,Private Car,Standalone Own Damage,Annual,Addon,Key Protect,Addon Claim,Addon Trigger,Low,High,60000,800000,Yes,No,Yes,Medium,Medium,High,Invoice|Survey Report,Addon Conditions Not Met,Loss Heavy,0.05,0.9,3000.0,1.08,0.24,Urban,Delhi,Chennai,0.76,0.28,0.54,13,False,0.76,0.25,0.08
GoDigit,Motor,Private Car,Standalone Own Damage,Annual,Addon,Personal Belongings,Addon Claim,Addon Trigger,Low,High,60000,800000,Yes,No,Yes,Medium,Medium,High,Invoice|Survey Report,Addon Conditions Not Met,Loss Heavy,0.05,0.9,3000.0,1.08,0.55,Urban,Tamil Nadu,Mumbai,0.52,0.46,0.65,7,False,0.53,0.25,0.08
GoDigit,Motor,Private Car,Liability Only,Annual,Base,Third Party,Accident / Liability,Policy Defined Event,Medium,Medium,35000,300000,Yes,Yes,Yes,Medium,Low,Medium,Claim Form|FIR|Photos,Policy Breach,Balanced,0.15,0.9,5250.0,1.08,0.36,Urban,Delhi,Mumbai,0.73,0.43,0.65,13,False,0.68,0.25,0.03
GoDigit,Motor,Private Car,Liability Only,Annual,Base,Personal Accident,Accident / Liability,Policy Defined Event,Medium,Medium,35000,300000,Yes,Yes,Yes,Medium,Low,Medium,Claim Form|FIR|Photos,Policy Breach,Balanced,0.15,0.9,5250.0,1.08,0.34,Urban,Gujarat,Ahmedabad,0.69,0.52,0.47,9,False,0.75,0.25,0.03
GoDigit,Motor,Private Car,Long Term Package,Annual,Base,Own Damage,Accident / Liability,Policy Defined Event,Medium,Medium,35000,300000,Yes,Yes,Yes,Medium,Low,Medium,Claim Form|FIR|Photos,Policy Breach,Balanced,0.15,0.9,5250.0,1.08,0.46,Metro,Delhi,Chennai,0.67,0.35,0.52,10,False,0.82,0.25,0.03
GoDigit,Motor,Private Car,Long Term Package,Annual,Base,Third Party,Accident / Liability,Policy Defined Event,Medium,Medium,35000,300000,Yes,Yes,Yes,Medium,Low,Medium,Claim Form|FIR|Photos,Policy Breach,Balanced,0.15,0.9,5250.0,1.08,0.58,Urban,Karnataka,Bangalore,0.32,0.63,0.67,12,False,0.84,0.25,0.03
GoDigit,Motor,Private Car,Long Term Package,Annual,Base,Personal Accident,Accident / Liability,Policy Defined Event,Medium,Medium,35000,300000,Yes,Yes,Yes,Medium,Low,Medium,Claim Form|FIR|Photos,Policy Breach,Balanced,0.15,0.9,5250.0,1.08,0.47,Rural,Maharashtra,Delhi,0.68,0.57,0.77,11,False,0.78,0.25,0.03
GoDigit,Motor,Private Car,Long Term Package,Annual,Addon,Zero Depreciation,Addon Claim,Addon Trigger,Low,High,60000,800000,Yes,No,Yes,Medium,Medium,High,Invoice|Survey Report,Addon Conditions Not Met,Loss Heavy,0.05,0.9,3000.0,1.08,0.36,Urban,Maharashtra,Delhi,0.79,0.39,0.8,10,False,0.81,0.25,0.08
GoDigit,Motor,Private Car,Long Term Package,Annual,Addon,Engine Protect,Addon Claim,Addon Trigger,Low,High,60000,800000,Yes,No,Yes,Medium,Medium,High,Invoice|Survey Report,Addon Conditions Not Met,Loss Heavy,0.05,0.9,3000.0,1.08,0.61,Metro,Delhi,Delhi,0.36,0.44,0.42,13,False,0.61,0.25,0.08
GoDigit,Motor,Private Car,Long Term Package,Annual,Addon,Gearbox Protect,Addon Claim,Addon Trigger,Low,High,60000,800000,Yes,No,Yes,Medium,Medium,High,Invoice|Survey Report,Addon Conditions Not Met,Loss Heavy,0.05,0.9,3000.0,1.08,0.47,Rural,Maharashtra,Mumbai,0.87,0.34,0.84,13,False,0.69,0.25,0.08
GoDigit,Motor,Private Car,Long Term Package,Annual,Addon,Consumables,Addon Claim,Addon Trigger,Low,High,60000,800000,Yes,No,Yes,Medium,Medium,High,Invoice|Survey Report,Addon Conditions Not Met,Loss Heavy,0.05,0.9,3000.0,1.08,0.31,Metro,Karnataka,Bangalore,0.71,0.73,0.82,12,False,0.62,0.25,0.08
GoDigit,Motor,Private Car,Long Term Package,Annual,Addon,Tyre Protect,Addon Claim,Addon Trigger,Low,High,60000,800000,Yes,No,Yes,Medium,Medium,High,Invoice|Survey Report,Addon Conditions Not Met,Loss Heavy,0.05,0.9,3000.0,1.08,0.27,Rural,Tamil Nadu,Bangalore,0.41,0.78,0.57,13,False,0.53,0.25,0.08
GoDigit,Motor,Private Car,Long Term Package,Annual,Addon,Roadside Assistance,Addon Claim,Addon Trigger,Low,High,60000,800000,Yes,No,Yes,Medium,Medium,High,Invoice|Survey Report,Addon Conditions Not Met,Loss Heavy,0.05,0.9,3000.0,1.08,0.56,Urban,Gujarat,Chennai,0.81,0.21,0.43,13,False,0.76,0.25,0.08
GoDigit,Motor,Private Car,Long Term Package,Annual,Addon,NCB Protect,Addon Claim,Addon Trigger,Low,High,60000,800000,Yes,No,Yes,Medium,Medium,High,Invoice|Survey Report,Addon Conditions Not Met,Loss Heavy,0.05,0.9,3000.0,1.08,0.48,Urban,Maharashtra,Chennai,0.31,0.44,0.5,11,False,0.77,0.25,0.08
GoDigit,Motor,Private Car,Long Term Package,Annual,Addon,Return to Invoice,Addon Claim,Addon Trigger,Low,High,60000,800000,Yes,No,Yes,Medium,Medium,High,Invoice|Survey Report,Addon Conditions Not Met,Loss Heavy,0.05,0.9,3000.0,1.08,0.7,Rural,Gujarat,Delhi,0.56,0.79,0.88,14,False,0.62,0.25,0.08
GoDigit,Motor,Private Car,Long Term Package,Annual,Addon,Invoice Cover,Addon Claim,Addon Trigger,Low,High,60000,800000,Yes,No,Yes,Medium,Medium,High,Invoice|Survey Report,Addon Conditions Not Met,Loss Heavy,0.05,0.9,3000.0,1.08,0.3,Metro,Karnataka,Bangalore,0.45,0.63,0.37,9,False,0.84,0.25,0.08
GoDigit,Motor,Private Car,Long Term Package,Annual,Addon,PAYD Benefit,Addon Claim,Addon Trigger,Low,High,60000,800000,Yes,No,Yes,Medium,Medium,High,Invoice|Survey Report,Addon Conditions Not Met,Loss Heavy,0.05,0.9,3000.0,1.08,0.48,Metro,Maharashtra,Mumbai,0.52,0.68,0.44,8,False,0.53,0.25,0.08
GoDigit,Motor,Private Car,Long Term Package,Annual,Addon,EV Addon,Addon Claim,Addon Trigger,Low,High,60000,800000,Yes,No,Yes,Medium,Medium,High,Invoice|Survey Report,Addon Conditions Not Met,Loss Heavy,0.05,0.9,3000.0,1.08,0.66,Rural,Gujarat,Bangalore,0.72,0.26,0.84,7,False,0.66,0.25,0.08
GoDigit,Motor,Private Car,Long Term Package,Annual,Addon,EMI Protector,Addon Claim,Addon Trigger,Low,High,60000,800000,Yes,No,Yes,Medium,Medium,High,Invoice|Survey Report,Addon Conditions Not Met,Loss Heavy,0.05,0.9,3000.0,1.08,0.21,Rural,Karnataka,Mumbai,0.71,0.7,0.49,12,False,0.56,0.25,0.08
GoDigit,Motor,Private Car,Long Term Package,Annual,Addon,Loss of Use,Addon Claim,Addon Trigger,Low,High,60000,800000,Yes,No,Yes,Medium,Medium,High,Invoice|Survey Report,Addon Conditions Not Met,Loss Heavy,0.05,0.9,3000.0,1.08,0.39,Rural,Maharashtra,Chennai,0.32,0.26,0.85,14,False,0.71,0.25,0.08
GoDigit,Motor,Private Car,Long Term Package,Annual,Addon,Key Protect,Addon Claim,Addon Trigger,Low,High,60000,800000,Yes,No,Yes,Medium,Medium,High,Invoice|Survey Report,Addon Conditions Not Met,Loss Heavy,0.05,0.9,3000.0,1.08,0.55,Rural,Karnataka,Bangalore,0.34,0.76,0.52,7,False,0.84,0.25,0.08
GoDigit,Motor,Private Car,Long Term Package,Annual,Addon,Personal Belongings,Addon Claim,Addon Trigger,Low,High,60000,800000,Yes,No,Yes,Medium,Medium,High,Invoice|Survey Report,Addon Conditions Not Met,Loss Heavy,0.05,0.9,3000.0,1.08,0.24,Urban,Delhi,Ahmedabad,0.58,0.56,0.48,10,False,0.57,0.25,0.08
GoDigit,Motor,Two Wheeler,Package,Annual,Base,Own Damage,Accident / Liability,Policy Defined Event,Medium,Medium,35000,300000,Yes,Yes,Yes,Medium,Low,Medium,Claim Form|FIR|Photos,Policy Breach,Balanced,0.15,0.9,5250.0,1.08,0.34,Urban,Maharashtra,Bangalore,0.35,0.76,0.62,7,False,0.7,0.25,0.03
GoDigit,Motor,Two Wheeler,Package,Annual,Base,Third Party,Accident / Liability,Policy Defined Event,Medium,Medium,35000,300000,Yes,Yes,Yes,Medium,Low,Medium,Claim Form|FIR|Photos,Policy Breach,Balanced,0.15,0.9,5250.0,1.08,0.52,Urban,Tamil Nadu,Delhi,0.63,0.29,0.73,13,False,0.69,0.25,0.03
GoDigit,Motor,Two Wheeler,Package,Annual,Base,Personal Accident,Accident / Liability,Policy Defined Event,Medium,Medium,35000,300000,Yes,Yes,Yes,Medium,Low,Medium,Claim Form|FIR|Photos,Policy Breach,Balanced,0.15,0.9,5250.0,1.08,0.49,Metro,Karnataka,Chennai,0.51,0.57,0.75,9,False,0.85,0.25,0.03
GoDigit,Motor,Two Wheeler,Package,Annual,Addon,Zero Depreciation,Addon Claim,Addon Trigger,Low,High,60000,800000,Yes,No,Yes,Medium,Medium,High,Invoice|Survey Report,Addon Conditions Not Met,Loss Heavy,0.05,0.9,3000.0,1.08,0.44,Metro,Maharashtra,Delhi,0.48,0.47,0.49,14,False,0.75,0.25,0.08
GoDigit,Motor,Two Wheeler,Package,Annual,Addon,Engine Protect,Addon Claim,Addon Trigger,Low,High,60000,800000,Yes,No,Yes,Medium,Medium,High,Invoice|Survey Report,Addon Conditions Not Met,Loss Heavy,0.05,0.9,3000.0,1.08,0.59,Rural,Maharashtra,Delhi,0.74,0.26,0.5,12,False,0.6,0.25,0.08
GoDigit,Motor,Two Wheeler,Package,Annual,Addon,Gearbox Protect,Addon Claim,Addon Trigger,Low,High,60000,800000,Yes,No,Yes,Medium,Medium,High,Invoice|Survey Report,Addon Conditions Not Met,Loss Heavy,0.05,0.9,3000.0,1.08,0.61,Metro,Delhi,Ahmedabad,0.66,0.65,0.76,13,False,0.74,0.25,0.08
GoDigit,Motor,Two Wheeler,Package,Annual,Addon,Consumables,Addon Claim,Addon Trigger,Low,High,60000,800000,Yes,No,Yes,Medium,Medium,High,Invoice|Survey Report,Addon Conditions Not Met,Loss Heavy,0.05,0.9,3000.0,1.08,0.29,Rural,Karnataka,Bangalore,0.85,0.29,0.73,13,False,0.7,0.25,0.08
GoDigit,Motor,Two Wheeler,Package,Annual,Addon,Tyre Protect,Addon Claim,Addon Trigger,Low,High,60000,800000,Yes,No,Yes,Medium,Medium,High,Invoice|Survey Report,Addon Conditions Not Met,Loss Heavy,0.05,0.9,3000.0,1.08,0.25,Urban,Gujarat,Ahmedabad,0.53,0.67,0.34,13,False,0.54,0.25,0.08
GoDigit,Motor,Two Wheeler,Package,Annual,Addon,Roadside Assistance,Addon Claim,Addon Trigger,Low,High,60000,800000,Yes,No,Yes,Medium,Medium,High,Invoice|Survey Report,Addon Conditions Not Met,Loss Heavy,0.05,0.9,3000.0,1.08,0.29,Metro,Maharashtra,Bangalore,0.72,0.22,0.64,14,False,0.78,0.25,0.08
GoDigit,Motor,Two Wheeler,Package,Annual,Addon,NCB Protect,Addon Claim,Addon Trigger,Low,High,60000,800000,Yes,No,Yes,Medium,Medium,High,Invoice|Survey Report,Addon Conditions Not Met,Loss Heavy,0.05,0.9,3000.0,1.08,0.48,Urban,Gujarat,Bangalore,0.44,0.45,0.51,12,False,0.7,0.25,0.08
GoDigit,Motor,Two Wheeler,Package,Annual,Addon,Return to Invoice,Addon Claim,Addon Trigger,Low,High,60000,800000,Yes,No,Yes,Medium,Medium,High,Invoice|Survey Report,Addon Conditions Not Met,Loss Heavy,0.05,0.9,3000.0,1.08,0.3,Rural,Gujarat,Mumbai,0.42,0.23,0.45,13,False,0.61,0.25,0.08
GoDigit,Motor,Two Wheeler,Package,Annual,Addon,Invoice Cover,Addon Claim,Addon Trigger,Low,High,60000,800000,Yes,No,Yes,Medium,Medium,High,Invoice|Survey Report,Addon Conditions Not Met,Loss Heavy,0.05,0.9,3000.0,1.08,0.26,Metro,Tamil Nadu,Chennai,0.36,0.68,0.84,9,False,0.51,0.25,0.08
GoDigit,Motor,Two Wheeler,Package,Annual,Addon,PAYD Benefit,Addon Claim,Addon Trigger,Low,High,60000,800000,Yes,No,Yes,Medium,Medium,High,Invoice|Survey Report,Addon Conditions Not Met,Loss Heavy,0.05,0.9,3000.0,1.08,0.4,Metro,Tamil Nadu,Delhi,0.6,0.22,0.56,10,False,0.54,0.25,0.08
GoDigit,Motor,Two Wheeler,Package,Annual,Addon,EV Addon,Addon Claim,Addon Trigger,Low,High,60000,800000,Yes,No,Yes,Medium,Medium,High,Invoice|Survey Report,Addon Conditions Not Met,Loss Heavy,0.05,0.9,3000.0,1.08,0.4,Metro,Gujarat,Bangalore,0.83,0.38,0.32,7,False,0.81,0.25,0.08
GoDigit,Motor,Two Wheeler,Package,Annual,Addon,EMI Protector,Addon Claim,Addon Trigger,Low,High,60000,800000,Yes,No,Yes,Medium,Medium,High,Invoice|Survey Report,Addon Conditions Not Met,Loss Heavy,0.05,0.9,3000.0,1.08,0.63,Urban,Karnataka,Ahmedabad,0.53,0.6,0.42,7,False,0.63,0.25,0.08
GoDigit,Motor,Two Wheeler,Package,Annual,Addon,Loss of Use,Addon Claim,Addon Trigger,Low,High,60000,800000,Yes,No,Yes,Medium,Medium,High,Invoice|Survey Report,Addon Conditions Not Met,Loss Heavy,0.05,0.9,3000.0,1.08,0.48,Urban,Karnataka,Chennai,0.32,0.35,0.81,10,False,0.78,0.25,0.08
GoDigit,Motor,Two Wheeler,Package,Annual,Addon,Key Protect,Addon Claim,Addon Trigger,Low,High,60000,800000,Yes,No,Yes,Medium,Medium,High,Invoice|Survey Report,Addon Conditions Not Met,Loss Heavy,0.05,0.9,3000.0,1.08,0.54,Metro,Maharashtra,Mumbai,0.48,0.35,0.4,14,False,0.78,0.25,0.08
GoDigit,Motor,Two Wheeler,Package,Annual,Addon,Personal Belongings,Addon Claim,Addon Trigger,Low,High,60000,800000,Yes,No,Yes,Medium,Medium,High,Invoice|Survey Report,Addon Conditions Not Met,Loss Heavy,0.05,0.9,3000.0,1.08,0.41,Urban,Gujarat,Ahmedabad,0.86,0.25,0.6,11,False,0.84,0.25,0.08
GoDigit,Motor,Two Wheeler,Bundled,Annual,Base,Own Damage,Accident / Liability,Policy Defined Event,Medium,Medium,35000,300000,Yes,Yes,Yes,Medium,Low,Medium,Claim Form|FIR|Photos,Policy Breach,Balanced,0.15,0.9,5250.0,1.08,0.41,Metro,Delhi,Ahmedabad,0.51,0.47,0.64,14,False,0.62,0.25,0.03
GoDigit,Motor,Two Wheeler,Bundled,Annual,Base,Third Party,Accident / Liability,Policy Defined Event,Medium,Medium,35000,300000,Yes,Yes,Yes,Medium,Low,Medium,Claim Form|FIR|Photos,Policy Breach,Balanced,0.15,0.9,5250.0,1.08,0.29,Urban,Gujarat,Ahmedabad,0.76,0.55,0.74,8,False,0.81,0.25,0.03
GoDigit,Motor,Two Wheeler,Bundled,Annual,Base,Personal Accident,Accident / Liability,Policy Defined Event,Medium,Medium,35000,300000,Yes,Yes,Yes,Medium,Low,Medium,Claim Form|FIR|Photos,Policy Breach,Balanced,0.15,0.9,5250.0,1.08,0.42,Rural,Gujarat,Bangalore,0.66,0.31,0.61,8,False,0.69,0.25,0.03
GoDigit,Motor,Two Wheeler,Bundled,Annual,Addon,Zero Depreciation,Addon Claim,Addon Trigger,Low,High,60000,800000,Yes,No,Yes,Medium,Medium,High,Invoice|Survey Report,Addon Conditions Not Met,Loss Heavy,0.05,0.9,3000.0,1.08,0.28,Metro,Delhi,Mumbai,0.49,0.21,0.39,7,False,0.78,0.25,0.08
GoDigit,Motor,Two Wheeler,Bundled,Annual,Addon,Engine Protect,Addon Claim,Addon Trigger,Low,High,60000,800000,Yes,No,Yes,Medium,Medium,High,Invoice|Survey Report,Addon Conditions Not Met,Loss Heavy,0.05,0.9,3000.0,1.08,0.66,Urban,Tamil Nadu,Chennai,0.68,0.5,0.75,13,False,0.5,0.25,0.08
GoDigit,Motor,Two Wheeler,Bundled,Annual,Addon,Gearbox Protect,Addon Claim,Addon Trigger,Low,High,60000,800000,Yes,No,Yes,Medium,Medium,High,Invoice|Survey Report,Addon Conditions Not Met,Loss Heavy,0.05,0.9,3000.0,1.08,0.34,Rural,Maharashtra,Mumbai,0.64,0.71,0.37,8,False,0.66,0.25,0.08
GoDigit,Motor,Two Wheeler,Bundled,Annual,Addon,Consumables,Addon Claim,Addon Trigger,Low,High,60000,800000,Yes,No,Yes,Medium,Medium,High,Invoice|Survey Report,Addon Conditions Not Met,Loss Heavy,0.05,0.9,3000.0,1.08,0.29,Urban,Maharashtra,Bangalore,0.84,0.64,0.51,9,False,0.76,0.25,0.08
GoDigit,Motor,Two Wheeler,Bundled,Annual,Addon,Tyre Protect,Addon Claim,Addon Trigger,Low,High,60000,800000,Yes,No,Yes,Medium,Medium,High,Invoice|Survey Report,Addon Conditions Not Met,Loss Heavy,0.05,0.9,3000.0,1.08,0.65,Metro,Gujarat,Chennai,0.66,0.27,0.61,7,False,0.69,0.25,0.08
GoDigit,Motor,Two Wheeler,Bundled,Annual,Addon,Roadside Assistance,Addon Claim,Addon Trigger,Low,High,60000,800000,Yes,No,Yes,Medium,Medium,High,Invoice|Survey Report,Addon Conditions Not Met,Loss Heavy,0.05,0.9,3000.0,1.08,0.32,Urban,Gujarat,Bangalore,0.52,0.73,0.37,14,False,0.51,0.25,0.08
GoDigit,Motor,Two Wheeler,Bundled,Annual,Addon,NCB Protect,Addon Claim,Addon Trigger,Low,High,60000,800000,Yes,No,Yes,Medium,Medium,High,Invoice|Survey Report,Addon Conditions Not Met,Loss Heavy,0.05,0.9,3000.0,1.08,0.41,Metro,Tamil Nadu,Delhi,0.6,0.26,0.43,9,False,0.84,0.25,0.08
GoDigit,Motor,Two Wheeler,Bundled,Annual,Addon,Return to Invoice,Addon Claim,Addon Trigger,Low,High,60000,800000,Yes,No,Yes,Medium,Medium,High,Invoice|Survey Report,Addon Conditions Not Met,Loss Heavy,0.05,0.9,3000.0,1.08,0.34,Rural,Karnataka,Delhi,0.88,0.52,0.48,8,False,0.51,0.25,0.08
GoDigit,Motor,Two Wheeler,Bundled,Annual,Addon,Invoice Cover,Addon Claim,Addon Trigger,Low,High,60000,800000,Yes,No,Yes,Medium,Medium,High,Invoice|Survey Report,Addon Conditions Not Met,Loss Heavy,0.05,0.9,3000.0,1.08,0.49,Metro,Gujarat,Delhi,0.4,0.23,0.73,10,False,0.74,0.25,0.08
GoDigit,Motor,Two Wheeler,Bundled,Annual,Addon,PAYD Benefit,Addon Claim,Addon Trigger,Low,High,60000,800000,Yes,No,Yes,Medium,Medium,High,Invoice|Survey Report,Addon Conditions Not Met,Loss Heavy,0.05,0.9,3000.0,1.08,0.55,Urban,Maharashtra,Chennai,0.32,0.66,0.34,13,False,0.64,0.25,0.08
GoDigit,Motor,Two Wheeler,Bundled,Annual,Addon,EV Addon,Addon Claim,Addon Trigger,Low,High,60000,800000,Yes,No,Yes,Medium,Medium,High,Invoice|Survey Report,Addon Conditions Not Met,Loss Heavy,0.05,0.9,3000.0,1.08,0.26,Rural,Delhi,Delhi,0.75,0.38,0.69,11,False,0.58,0.25,0.08
GoDigit,Motor,Two Wheeler,Bundled,Annual,Addon,EMI Protector,Addon Claim,Addon Trigger,Low,High,60000,800000,Yes,No,Yes,Medium,Medium,High,Invoice|Survey Report,Addon Conditions Not Met,Loss Heavy,0.05,0.9,3000.0,1.08,0.59,Urban,Delhi,Bangalore,0.35,0.6,0.37,13,False,0.76,0.25,0.08
GoDigit,Motor,Two Wheeler,Bundled,Annual,Addon,Loss of Use,Addon Claim,Addon Trigger,Low,High,60000,800000,Yes,No,Yes,Medium,Medium,High,Invoice|Survey Report,Addon Conditions Not Met,Loss Heavy,0.05,0.9,3000.0,1.08,0.51,Urban,Tamil Nadu,Bangalore,0.56,0.28,0.61,10,False,0.82,0.25,0.08
GoDigit,Motor,Two Wheeler,Bundled,Annual,Addon,Key Protect,Addon Claim,Addon Trigger,Low,High,60000,800000,Yes,No,Yes,Medium,Medium,High,Invoice|Survey Report,Addon Conditions Not Met,Loss Heavy,0.05,0.9,3000.0,1.08,0.48,Rural,Delhi,Delhi,0.33,0.28,0.75,12,False,0.81,0.25,0.08
GoDigit,Motor,Two Wheeler,Bundled,Annual,Addon,Personal Belongings,Addon Claim,Addon Trigger,Low,High,60000,800000,Yes,No,Yes,Medium,Medium,High,Invoice|Survey Report,Addon Conditions Not Met,Loss Heavy,0.05,0.9,3000.0,1.08,0.69,Rural,Tamil Nadu,Chennai,0.88,0.39,0.79,9,False,0.55,0.25,0.08
GoDigit,Motor,Two Wheeler,Standalone Own Damage,Annual,Base,Own Damage,Accident / Liability,Policy Defined Event,Medium,Medium,35000,300000,Yes,Yes,Yes,Medium,Low,Medium,Claim Form|FIR|Photos,Policy Breach,Balanced,0.15,0.9,5250.0,1.08,0.2,Urban,Karnataka,Mumbai,0.48,0.72,0.78,12,False,0.57,0.25,0.03
GoDigit,Motor,Two Wheeler,Standalone Own Damage,Annual,Base,Personal Accident,Accident / Liability,Policy Defined Event,Medium,Medium,35000,300000,Yes,Yes,Yes,Medium,Low,Medium,Claim Form|FIR|Photos,Policy Breach,Balanced,0.15,0.9,5250.0,1.08,0.69,Rural,Delhi,Chennai,0.69,0.58,0.84,10,False,0.7,0.25,0.03
GoDigit,Motor,Two Wheeler,Standalone Own Damage,Annual,Addon,Zero Depreciation,Addon Claim,Addon Trigger,Low,High,60000,800000,Yes,No,Yes,Medium,Medium,High,Invoice|Survey Report,Addon Conditions Not Met,Loss Heavy,0.05,0.9,3000.0,1.08,0.36,Rural,Tamil Nadu,Delhi,0.41,0.71,0.88,10,False,0.8,0.25,0.08
GoDigit,Motor,Two Wheeler,Standalone Own Damage,Annual,Addon,Engine Protect,Addon Claim,Addon Trigger,Low,High,60000,800000,Yes,No,Yes,Medium,Medium,High,Invoice|Survey Report,Addon Conditions Not Met,Loss Heavy,0.05,0.9,3000.0,1.08,0.21,Urban,Gujarat,Bangalore,0.4,0.76,0.74,11,False,0.53,0.25,0.08
GoDigit,Motor,Two Wheeler,Standalone Own Damage,Annual,Addon,Gearbox Protect,Addon Claim,Addon Trigger,Low,High,60000,800000,Yes,No,Yes,Medium,Medium,High,Invoice|Survey Report,Addon Conditions Not Met,Loss Heavy,0.05,0.9,3000.0,1.08,0.64,Rural,Karnataka,Ahmedabad,0.76,0.75,0.46,9,False,0.79,0.25,0.08
GoDigit,Motor,Two Wheeler,Standalone Own Damage,Annual,Addon,Consumables,Addon Claim,Addon Trigger,Low,High,60000,800000,Yes,No,Yes,Medium,Medium,High,Invoice|Survey Report,Addon Conditions Not Met,Loss Heavy,0.05,0.9,3000.0,1.08,0.57,Urban,Delhi,Delhi,0.66,0.77,0.38,13,False,0.57,0.25,0.08
GoDigit,Motor,Two Wheeler,Standalone Own Damage,Annual,Addon,Tyre Protect,Addon Claim,Addon Trigger,Low,High,60000,800000,Yes,No,Yes,Medium,Medium,High,Invoice|Survey Report,Addon Conditions Not Met,Loss Heavy,0.05,0.9,3000.0,1.08,0.24,Urban,Karnataka,Ahmedabad,0.71,0.46,0.59,14,False,0.61,0.25,0.08
GoDigit,Motor,Two Wheeler,Standalone Own Damage,Annual,Addon,Roadside Assistance,Addon Claim,Addon Trigger,Low,High,60000,800000,Yes,No,Yes,Medium,Medium,High,Invoice|Survey Report,Addon Conditions Not Met,Loss Heavy,0.05,0.9,3000.0,1.08,0.29,Rural,Delhi,Bangalore,0.64,0.58,0.84,14,False,0.55,0.25,0.08
GoDigit,Motor,Two Wheeler,Standalone Own Damage,Annual,Addon,NCB Protect,Addon Claim,Addon Trigger,Low,High,60000,800000,Yes,No,Yes,Medium,Medium,High,Invoice|Survey Report,Addon Conditions Not Met,Loss Heavy,0.05,0.9,3000.0,1.08,0.68,Rural,Karnataka,Mumbai,0.81,0.76,0.83,11,False,0.55,0.25,0.08
GoDigit,Motor,Two Wheeler,Standalone Own Damage,Annual,Addon,Return to Invoice,Addon Claim,Addon Trigger,Low,High,60000,800000,Yes,No,Yes,Medium,Medium,High,Invoice|Survey Report,Addon Conditions Not Met,Loss Heavy,0.05,0.9,3000.0,1.08,0.41,Urban,Karnataka,Ahmedabad,0.51,0.34,0.53,9,False,0.56,0.25,0.08
GoDigit,Motor,Two Wheeler,Standalone Own Damage,Annual,Addon,Invoice Cover,Addon Claim,Addon Trigger,Low,High,60000,800000,Yes,No,Yes,Medium,Medium,High,Invoice|Survey Report,Addon Conditions Not Met,Loss Heavy,0.05,0.9,3000.0,1.08,0.42,Rural,Karnataka,Ahmedabad,0.61,0.55,0.33,12,False,0.68,0.25,0.08
GoDigit,Motor,Two Wheeler,Standalone Own Damage,Annual,Addon,PAYD Benefit,Addon Claim,Addon Trigger,Low,High,60000,800000,Yes,No,Yes,Medium,Medium,High,Invoice|Survey Report,Addon Conditions Not Met,Loss Heavy,0.05,0.9,3000.0,1.08,0.3,Metro,Maharashtra,Ahmedabad,0.78,0.39,0.78,7,False,0.64,0.25,0.08
GoDigit,Motor,Two Wheeler,Standalone Own Damage,Annual,Addon,EV Addon,Addon Claim,Addon Trigger,Low,High,60000,800000,Yes,No,Yes,Medium,Medium,High,Invoice|Survey Report,Addon Conditions Not Met,Loss Heavy,0.05,0.9,3000.0,1.08,0.22,Rural,Delhi,Mumbai,0.43,0.61,0.68,7,False,0.76,0.25,0.08
GoDigit,Motor,Two Wheeler,Standalone Own Damage,Annual,Addon,EMI Protector,Addon Claim,Addon Trigger,Low,High,60000,800000,Yes,No,Yes,Medium,Medium,High,Invoice|Survey Report,Addon Conditions Not Met,Loss Heavy,0.05,0.9,3000.0,1.08,0.21,Urban,Maharashtra,Ahmedabad,0.33,0.72,0.68,13,False,0.79,0.25,0.08
GoDigit,Motor,Two Wheeler,Standalone Own Damage,Annual,Addon,Loss of Use,Addon Claim,Addon Trigger,Low,High,60000,800000,Yes,No,Yes,Medium,Medium,High,Invoice|Survey Report,Addon Conditions Not Met,Loss Heavy,0.05,0.9,3000.0,1.08,0.24,Metro,Karnataka,Ahmedabad,0.63,0.25,0.47,8,False,0.83,0.25,0.08
GoDigit,Motor,Two Wheeler,Standalone Own Damage,Annual,Addon,Key Protect,Addon Claim,Addon Trigger,Low,High,60000,800000,Yes,No,Yes,Medium,Medium,High,Invoice|Survey Report,Addon Conditions Not Met,Loss Heavy,0.05,0.9,3000.0,1.08,0.59,Rural,Tamil Nadu,Ahmedabad,0.84,0.39,0.72,14,False,0.83,0.25,0.08
GoDigit,Motor,Two Wheeler,Standalone Own Damage,Annual,Addon,Personal Belongings,Addon Claim,Addon Trigger,Low,High,60000,800000,Yes,No,Yes,Medium,Medium,High,Invoice|Survey Report,Addon Conditions Not Met,Loss Heavy,0.05,0.9,3000.0,1.08,0.42,Metro,Delhi,Mumbai,0.63,0.73,0.45,9,False,0.72,0.25,0.08
GoDigit,Motor,Two Wheeler,Liability Only,Annual,Base,Third Party,Accident / Liability,Policy Defined Event,Medium,Medium,35000,300000,Yes,Yes,Yes,Medium,Low,Medium,Claim Form|FIR|Photos,Policy Breach,Balanced,0.15,0.9,5250.0,1.08,0.39,Rural,Maharashtra,Mumbai,0.77,0.36,0.74,8,False,0.74,0.25,0.03
GoDigit,Motor,Two Wheeler,Liability Only,Annual,Base,Personal Accident,Accident / Liability,Policy Defined Event,Medium,Medium,35000,300000,Yes,Yes,Yes,Medium,Low,Medium,Claim Form|FIR|Photos,Policy Breach,Balanced,0.15,0.9,5250.0,1.08,0.51,Rural,Gujarat,Bangalore,0.5,0.28,0.86,11,False,0.57,0.25,0.03
GoDigit,Motor,Two Wheeler,Long Term Package,Annual,Base,Own Damage,Accident / Liability,Policy Defined Event,Medium,Medium,35000,300000,Yes,Yes,Yes,Medium,Low,Medium,Claim Form|FIR|Photos,Policy Breach,Balanced,0.15,0.9,5250.0,1.08,0.6,Urban,Karnataka,Bangalore,0.47,0.44,0.53,12,False,0.65,0.25,0.03
GoDigit,Motor,Two Wheeler,Long Term Package,Annual,Base,Third Party,Accident / Liability,Policy Defined Event,Medium,Medium,35000,300000,Yes,Yes,Yes,Medium,Low,Medium,Claim Form|FIR|Photos,Policy Breach,Balanced,0.15,0.9,5250.0,1.08,0.51,Urban,Karnataka,Chennai,0.62,0.63,0.5,8,False,0.53,0.25,0.03
GoDigit,Motor,Two Wheeler,Long Term Package,Annual,Base,Personal Accident,Accident / Liability,Policy Defined Event,Medium,Medium,35000,300000,Yes,Yes,Yes,Medium,Low,Medium,Claim Form|FIR|Photos,Policy Breach,Balanced,0.15,0.9,5250.0,1.08,0.35,Metro,Delhi,Ahmedabad,0.34,0.7,0.68,9,False,0.78,0.25,0.03
GoDigit,Motor,Two Wheeler,Long Term Package,Annual,Addon,Zero Depreciation,Addon Claim,Addon Trigger,Low,High,60000,800000,Yes,No,Yes,Medium,Medium,High,Invoice|Survey Report,Addon Conditions Not Met,Loss Heavy,0.05,0.9,3000.0,1.08,0.69,Metro,Maharashtra,Chennai,0.39,0.6,0.87,11,False,0.82,0.25,0.08
GoDigit,Motor,Two Wheeler,Long Term Package,Annual,Addon,Engine Protect,Addon Claim,Addon Trigger,Low,High,60000,800000,Yes,No,Yes,Medium,Medium,High,Invoice|Survey Report,Addon Conditions Not Met,Loss Heavy,0.05,0.9,3000.0,1.08,0.23,Urban,Gujarat,Delhi,0.57,0.65,0.58,13,False,0.57,0.25,0.08
GoDigit,Motor,Two Wheeler,Long Term Package,Annual,Addon,Gearbox Protect,Addon Claim,Addon Trigger,Low,High,60000,800000,Yes,No,Yes,Medium,Medium,High,Invoice|Survey Report,Addon Conditions Not Met,Loss Heavy,0.05,0.9,3000.0,1.08,0.67,Urban,Maharashtra,Mumbai,0.31,0.31,0.76,8,False,0.75,0.25,0.08
GoDigit,Motor,Two Wheeler,Long Term Package,Annual,Addon,Consumables,Addon Claim,Addon Trigger,Low,High,60000,800000,Yes,No,Yes,Medium,Medium,High,Invoice|Survey Report,Addon Conditions Not Met,Loss Heavy,0.05,0.9,3000.0,1.08,0.28,Rural,Gujarat,Ahmedabad,0.66,0.64,0.7,8,False,0.81,0.25,0.08
GoDigit,Motor,Two Wheeler,Long Term Package,Annual,Addon,Tyre Protect,Addon Claim,Addon Trigger,Low,High,60000,800000,Yes,No,Yes,Medium,Medium,High,Invoice|Survey Report,Addon Conditions Not Met,Loss Heavy,0.05,0.9,3000.0,1.08,0.47,Metro,Gujarat,Delhi,0.49,0.33,0.47,14,False,0.73,0.25,0.08
GoDigit,Motor,Two Wheeler,Long Term Package,Annual,Addon,Roadside Assistance,Addon Claim,Addon Trigger,Low,High,60000,800000,Yes,No,Yes,Medium,Medium,High,Invoice|Survey Report,Addon Conditions Not Met,Loss Heavy,0.05,0.9,3000.0,1.08,0.36,Urban,Gujarat,Chennai,0.66,0.78,0.35,14,False,0.81,0.25,0.08
GoDigit,Motor,Two Wheeler,Long Term Package,Annual,Addon,NCB Protect,Addon Claim,Addon Trigger,Low,High,60000,800000,Yes,No,Yes,Medium,Medium,High,Invoice|Survey Report,Addon Conditions Not Met,Loss Heavy,0.05,0.9,3000.0,1.08,0.69,Rural,Gujarat,Chennai,0.43,0.23,0.58,14,False,0.71,0.25,0.08
GoDigit,Motor,Two Wheeler,Long Term Package,Annual,Addon,Return to Invoice,Addon Claim,Addon Trigger,Low,High,60000,800000,Yes,No,Yes,Medium,Medium,High,Invoice|Survey Report,Addon Conditions Not Met,Loss Heavy,0.05,0.9,3000.0,1.08,0.24,Rural,Gujarat,Delhi,0.46,0.49,0.41,8,False,0.63,0.25,0.08
GoDigit,Motor,Two Wheeler,Long Term Package,Annual,Addon,Invoice Cover,Addon Claim,Addon Trigger,Low,High,60000,800000,Yes,No,Yes,Medium,Medium,High,Invoice|Survey Report,Addon Conditions Not Met,Loss Heavy,0.05,0.9,3000.0,1.08,0.48,Urban,Tamil Nadu,Ahmedabad,0.88,0.29,0.4,13,False,0.65,0.25,0.08
GoDigit,Motor,Two Wheeler,Long Term Package,Annual,Addon,PAYD Benefit,Addon Claim,Addon Trigger,Low,High,60000,800000,Yes,No,Yes,Medium,Medium,High,Invoice|Survey Report,Addon Conditions Not Met,Loss Heavy,0.05,0.9,3000.0,1.08,0.22,Urban,Tamil Nadu,Delhi,0.82,0.71,0.53,9,False,0.64,0.25,0.08
GoDigit,Motor,Two Wheeler,Long Term Package,Annual,Addon,EV Addon,Addon Claim,Addon Trigger,Low,High,60000,800000,Yes,No,Yes,Medium,Medium,High,Invoice|Survey Report,Addon Conditions Not Met,Loss Heavy,0.05,0.9,3000.0,1.08,0.21,Metro,Delhi,Bangalore,0.48,0.62,0.45,9,False,0.68,0.25,0.08
GoDigit,Motor,Two Wheeler,Long Term Package,Annual,Addon,EMI Protector,Addon Claim,Addon Trigger,Low,High,60000,800000,Yes,No,Yes,Medium,Medium,High,Invoice|Survey Report,Addon Conditions Not Met,Loss Heavy,0.05,0.9,3000.0,1.08,0.65,Rural,Delhi,Bangalore,0.65,0.32,0.87,7,False,0.63,0.25,0.08
GoDigit,Motor,Two Wheeler,Long Term Package,Annual,Addon,Loss of Use,Addon Claim,Addon Trigger,Low,High,60000,800000,Yes,No,Yes,Medium,Medium,High,Invoice|Survey Report,Addon Conditions Not Met,Loss Heavy,0.05,0.9,3000.0,1.08,0.21,Rural,Karnataka,Mumbai,0.79,0.64,0.59,8,False,0.73,0.25,0.08
GoDigit,Motor,Two Wheeler,Long Term Package,Annual,Addon,Key Protect,Addon Claim,Addon Trigger,Low,High,60000,800000,Yes,No,Yes,Medium,Medium,High,Invoice|Survey Report,Addon Conditions Not Met,Loss Heavy,0.05,0.9,3000.0,1.08,0.6,Metro,Maharashtra,Mumbai,0.74,0.74,0.35,11,False,0.52,0.25,0.08
GoDigit,Motor,Two Wheeler,Long Term Package,Annual,Addon,Personal Belongings,Addon Claim,Addon Trigger,Low,High,60000,800000,Yes,No,Yes,Medium,Medium,High,Invoice|Survey Report,Addon Conditions Not Met,Loss Heavy,0.05,0.9,3000.0,1.08,0.65,Urban,Gujarat,Ahmedabad,0.87,0.39,0.53,11,False,0.77,0.25,0.08
GoDigit,Motor,Commercial GCV,Package,Annual,Base,Own Damage,Accident / Liability,Policy Defined Event,Medium,Medium,35000,300000,Yes,Yes,Yes,Medium,Low,Medium,Claim Form|FIR|Photos,Policy Breach,Balanced,0.15,0.9,5250.0,1.08,0.37,Rural,Tamil Nadu,Mumbai,0.49,0.56,0.69,10,False,0.67,0.25,0.03
GoDigit,Motor,Commercial GCV,Package,Annual,Base,Third Party,Accident / Liability,Policy Defined Event,Medium,Medium,35000,300000,Yes,Yes,Yes,Medium,Low,Medium,Claim Form|FIR|Photos,Policy Breach,Balanced,0.15,0.9,5250.0,1.08,0.49,Metro,Tamil Nadu,Delhi,0.89,0.45,0.41,7,False,0.77,0.25,0.03
GoDigit,Motor,Commercial GCV,Package,Annual,Base,Personal Accident,Accident / Liability,Policy Defined Event,Medium,Medium,35000,300000,Yes,Yes,Yes,Medium,Low,Medium,Claim Form|FIR|Photos,Policy Breach,Balanced,0.15,0.9,5250.0,1.08,0.28,Urban,Delhi,Chennai,0.39,0.33,0.87,11,False,0.63,0.25,0.03
GoDigit,Motor,Commercial GCV,Package,Annual,Addon,Zero Depreciation,Addon Claim,Addon Trigger,Low,High,60000,800000,Yes,No,Yes,Medium,Medium,High,Invoice|Survey Report,Addon Conditions Not Met,Loss Heavy,0.05,0.9,3000.0,1.08,0.24,Metro,Gujarat,Bangalore,0.42,0.37,0.79,12,False,0.53,0.25,0.08
GoDigit,Motor,Commercial GCV,Package,Annual,Addon,Engine Protect,Addon Claim,Addon Trigger,Low,High,60000,800000,Yes,No,Yes,Medium,Medium,High,Invoice|Survey Report,Addon Conditions Not Met,Loss Heavy,0.05,0.9,3000.0,1.08,0.66,Rural,Karnataka,Ahmedabad,0.47,0.62,0.73,8,False,0.76,0.25,0.08
GoDigit,Motor,Commercial GCV,Package,Annual,Addon,Gearbox Protect,Addon Claim,Addon Trigger,Low,High,60000,800000,Yes,No,Yes,Medium,Medium,High,Invoice|Survey Report,Addon Conditions Not Met,Loss Heavy,0.05,0.9,3000.0,1.08,0.39,Urban,Delhi,Delhi,0.58,0.29,0.43,13,False,0.57,0.25,0.08
GoDigit,Motor,Commercial GCV,Package,Annual,Addon,Consumables,Addon Claim,Addon Trigger,Low,High,60000,800000,Yes,No,Yes,Medium,Medium,High,Invoice|Survey Report,Addon Conditions Not Met,Loss Heavy,0.05,0.9,3000.0,1.08,0.54,Metro,Tamil Nadu,Mumbai,0.86,0.74,0.47,9,False,0.59,0.25,0.08
GoDigit,Motor,Commercial GCV,Package,Annual,Addon,Tyre Protect,Addon Claim,Addon Trigger,Low,High,60000,800000,Yes,No,Yes,Medium,Medium,High,Invoice|Survey Report,Addon Conditions Not Met,Loss Heavy,0.05,0.9,3000.0,1.08,0.57,Metro,Gujarat,Chennai,0.71,0.74,0.37,9,False,0.57,0.25,0.08
GoDigit,Motor,Commercial GCV,Package,Annual,Addon,Roadside Assistance,Addon Claim,Addon Trigger,Low,High,60000,800000,Yes,No,Yes,Medium,Medium,High,Invoice|Survey Report,Addon Conditions Not Met,Loss Heavy,0.05,0.9,3000.0,1.08,0.21,Metro,Delhi,Ahmedabad,0.62,0.69,0.71,13,False,0.74,0.25,0.08
GoDigit,Motor,Commercial GCV,Package,Annual,Addon,NCB Protect,Addon Claim,Addon Trigger,Low,High,60000,800000,Yes,No,Yes,Medium,Medium,High,Invoice|Survey Report,Addon Conditions Not Met,Loss Heavy,0.05,0.9,3000.0,1.08,0.7,Metro,Karnataka,Delhi,0.34,0.8,0.59,12,False,0.8,0.25,0.08
GoDigit,Motor,Commercial GCV,Package,Annual,Addon,Return to Invoice,Addon Claim,Addon Trigger,Low,High,60000,800000,Yes,No,Yes,Medium,Medium,High,Invoice|Survey Report,Addon Conditions Not Met,Loss Heavy,0.05,0.9,3000.0,1.08,0.27,Metro,Maharashtra,Ahmedabad,0.55,0.31,0.85,11,False,0.7,0.25,0.08
GoDigit,Motor,Commercial GCV,Package,Annual,Addon,Invoice Cover,Addon Claim,Addon Trigger,Low,High,60000,800000,Yes,No,Yes,Medium,Medium,High,Invoice|Survey Report,Addon Conditions Not Met,Loss Heavy,0.05,0.9,3000.0,1.08,0.7,Rural,Gujarat,Bangalore,0.65,0.49,0.84,14,False,0.54,0.25,0.08
GoDigit,Motor,Commercial GCV,Package,Annual,Addon,PAYD Benefit,Addon Claim,Addon Trigger,Low,High,60000,800000,Yes,No,Yes,Medium,Medium,High,Invoice|Survey Report,Addon Conditions Not Met,Loss Heavy,0.05,0.9,3000.0,1.08,0.45,Metro,Karnataka,Delhi,0.42,0.46,0.47,11,False,0.69,0.25,0.08
GoDigit,Motor,Commercial GCV,Package,Annual,Addon,EV Addon,Addon Claim,Addon Trigger,Low,High,60000,800000,Yes,No,Yes,Medium,Medium,High,Invoice|Survey Report,Addon Conditions Not Met,Loss Heavy,0.05,0.9,3000.0,1.08,0.38,Rural,Karnataka,Chennai,0.82,0.33,0.86,11,False,0.84,0.25,0.08
GoDigit,Motor,Commercial GCV,Package,Annual,Addon,EMI Protector,Addon Claim,Addon Trigger,Low,High,60000,800000,Yes,No,Yes,Medium,Medium,High,Invoice|Survey Report,Addon Conditions Not Met,Loss Heavy,0.05,0.9,3000.0,1.08,0.45,Rural,Maharashtra,Delhi,0.48,0.66,0.4,9,False,0.78,0.25,0.08
GoDigit,Motor,Commercial GCV,Package,Annual,Addon,Loss of Use,Addon Claim,Addon Trigger,Low,High,60000,800000,Yes,No,Yes,Medium,Medium,High,Invoice|Survey Report,Addon Conditions Not Met,Loss Heavy,0.05,0.9,3000.0,1.08,0.3,Rural,Karnataka,Ahmedabad,0.39,0.44,0.57,11,False,0.61,0.25,0.08
GoDigit,Motor,Commercial GCV,Package,Annual,Addon,Key Protect,Addon Claim,Addon Trigger,Low,High,60000,800000,Yes,No,Yes,Medium,Medium,High,Invoice|Survey Report,Addon Conditions Not Met,Loss Heavy,0.05,0.9,3000.0,1.08,0.2,Urban,Delhi,Bangalore,0.31,0.22,0.7,8,False,0.66,0.25,0.08
GoDigit,Motor,Commercial GCV,Package,Annual,Addon,Personal Belongings,Addon Claim,Addon Trigger,Low,High,60000,800000,Yes,No,Yes,Medium,Medium,High,Invoice|Survey Report,Addon Conditions Not Met,Loss Heavy,0.05,0.9,3000.0,1.08,0.57,Rural,Karnataka,Ahmedabad,0.56,0.35,0.58,11,False,0.79,0.25,0.08
GoDigit,Motor,Commercial GCV,Bundled,Annual,Base,Own Damage,Accident / Liability,Policy Defined Event,Medium,Medium,35000,300000,Yes,Yes,Yes,Medium,Low,Medium,Claim Form|FIR|Photos,Policy Breach,Balanced,0.15,0.9,5250.0,1.08,0.3,Metro,Gujarat,Bangalore,0.7,0.56,0.86,10,False,0.62,0.25,0.03
GoDigit,Motor,Commercial GCV,Bundled,Annual,Base,Third Party,Accident / Liability,Policy Defined Event,Medium,Medium,35000,300000,Yes,Yes,Yes,Medium,Low,Medium,Claim Form|FIR|Photos,Policy Breach,Balanced,0.15,0.9,5250.0,1.08,0.41,Urban,Gujarat,Mumbai,0.33,0.38,0.86,12,False,0.59,0.25,0.03
GoDigit,Motor,Commercial GCV,Bundled,Annual,Base,Personal Accident,Accident / Liability,Policy Defined Event,Medium,Medium,35000,300000,Yes,Yes,Yes,Medium,Low,Medium,Claim Form|FIR|Photos,Policy Breach,Balanced,0.15,0.9,5250.0,1.08,0.3,Metro,Karnataka,Ahmedabad,0.8,0.42,0.82,13,False,0.78,0.25,0.03
GoDigit,Motor,Commercial GCV,Bundled,Annual,Addon,Zero Depreciation,Addon Claim,Addon Trigger,Low,High,60000,800000,Yes,No,Yes,Medium,Medium,High,Invoice|Survey Report,Addon Conditions Not Met,Loss Heavy,0.05,0.9,3000.0,1.08,0.49,Rural,Tamil Nadu,Ahmedabad,0.84,0.4,0.34,9,False,0.55,0.25,0.08
GoDigit,Motor,Commercial GCV,Bundled,Annual,Addon,Engine Protect,Addon Claim,Addon Trigger,Low,High,60000,800000,Yes,No,Yes,Medium,Medium,High,Invoice|Survey Report,Addon Conditions Not Met,Loss Heavy,0.05,0.9,3000.0,1.08,0.32,Urban,Maharashtra,Bangalore,0.89,0.66,0.9,8,False,0.52,0.25,0.08
GoDigit,Motor,Commercial GCV,Bundled,Annual,Addon,Gearbox Protect,Addon Claim,Addon Trigger,Low,High,60000,800000,Yes,No,Yes,Medium,Medium,High,Invoice|Survey Report,Addon Conditions Not Met,Loss Heavy,0.05,0.9,3000.0,1.08,0.69,Rural,Tamil Nadu,Chennai,0.88,0.57,0.55,7,False,0.84,0.25,0.08
GoDigit,Motor,Commercial GCV,Bundled,Annual,Addon,Consumables,Addon Claim,Addon Trigger,Low,High,60000,800000,Yes,No,Yes,Medium,Medium,High,Invoice|Survey Report,Addon Conditions Not Met,Loss Heavy,0.05,0.9,3000.0,1.08,0.33,Urban,Tamil Nadu,Delhi,0.49,0.3,0.89,12,False,0.71,0.25,0.08
GoDigit,Motor,Commercial GCV,Bundled,Annual,Addon,Tyre Protect,Addon Claim,Addon Trigger,Low,High,60000,800000,Yes,No,Yes,Medium,Medium,High,Invoice|Survey Report,Addon Conditions Not Met,Loss Heavy,0.05,0.9,3000.0,1.08,0.35,Urban,Maharashtra,Mumbai,0.74,0.64,0.33,13,False,0.75,0.25,0.08
GoDigit,Motor,Commercial GCV,Bundled,Annual,Addon,Roadside Assistance,Addon Claim,Addon Trigger,Low,High,60000,800000,Yes,No,Yes,Medium,Medium,High,Invoice|Survey Report,Addon Conditions Not Met,Loss Heavy,0.05,0.9,3000.0,1.08,0.42,Urban,Tamil Nadu,Bangalore,0.46,0.79,0.76,12,False,0.79,0.25,0.08
GoDigit,Motor,Commercial GCV,Bundled,Annual,Addon,NCB Protect,Addon Claim,Addon Trigger,Low,High,60000,800000,Yes,No,Yes,Medium,Medium,High,Invoice|Survey Report,Addon Conditions Not Met,Loss Heavy,0.05,0.9,3000.0,1.08,0.42,Metro,Karnataka,Chennai,0.85,0.43,0.73,9,False,0.5,0.25,0.08
GoDigit,Motor,Commercial GCV,Bundled,Annual,Addon,Return to Invoice,Addon Claim,Addon Trigger,Low,High,60000,800000,Yes,No,Yes,Medium,Medium,High,Invoice|Survey Report,Addon Conditions Not Met,Loss Heavy,0.05,0.9,3000.0,1.08,0.4,Metro,Delhi,Chennai,0.71,0.75,0.89,7,False,0.78,0.25,0.08
GoDigit,Motor,Commercial GCV,Bundled,Annual,Addon,Invoice Cover,Addon Claim,Addon Trigger,Low,High,60000,800000,Yes,No,Yes,Medium,Medium,High,Invoice|Survey Report,Addon Conditions Not Met,Loss Heavy,0.05,0.9,3000.0,1.08,0.34,Rural,Karnataka,Bangalore,0.74,0.24,0.66,10,False,0.51,0.25,0.08
GoDigit,Motor,Commercial GCV,Bundled,Annual,Addon,PAYD Benefit,Addon Claim,Addon Trigger,Low,High,60000,800000,Yes,No,Yes,Medium,Medium,High,Invoice|Survey Report,Addon Conditions Not Met,Loss Heavy,0.05,0.9,3000.0,1.08,0.55,Metro,Maharashtra,Mumbai,0.37,0.4,0.73,12,False,0.54,0.25,0.08
GoDigit,Motor,Commercial GCV,Bundled,Annual,Addon,EV Addon,Addon Claim,Addon Trigger,Low,High,60000,800000,Yes,No,Yes,Medium,Medium,High,Invoice|Survey Report,Addon Conditions Not Met,Loss Heavy,0.05,0.9,3000.0,1.08,0.34,Rural,Tamil Nadu,Chennai,0.73,0.21,0.51,10,False,0.77,0.25,0.08
GoDigit,Motor,Commercial GCV,Bundled,Annual,Addon,EMI Protector,Addon Claim,Addon Trigger,Low,High,60000,800000,Yes,No,Yes,Medium,Medium,High,Invoice|Survey Report,Addon Conditions Not Met,Loss Heavy,0.05,0.9,3000.0,1.08,0.56,Urban,Tamil Nadu,Bangalore,0.45,0.74,0.74,9,False,0.71,0.25,0.08
GoDigit,Motor,Commercial GCV,Bundled,Annual,Addon,Loss of Use,Addon Claim,Addon Trigger,Low,High,60000,800000,Yes,No,Yes,Medium,Medium,High,Invoice|Survey Report,Addon Conditions Not Met,Loss Heavy,0.05,0.9,3000.0,1.08,0.56,Urban,Delhi,Chennai,0.66,0.66,0.73,10,False,0.8,0.25,0.08
GoDigit,Motor,Commercial GCV,Bundled,Annual,Addon,Key Protect,Addon Claim,Addon Trigger,Low,High,60000,800000,Yes,No,Yes,Medium,Medium,High,Invoice|Survey Report,Addon Conditions Not Met,Loss Heavy,0.05,0.9,3000.0,1.08,0.23,Urban,Maharashtra,Delhi,0.75,0.66,0.45,10,False,0.85,0.25,0.08
GoDigit,Motor,Commercial GCV,Bundled,Annual,Addon,Personal Belongings,Addon Claim,Addon Trigger,Low,High,60000,800000,Yes,No,Yes,Medium,Medium,High,Invoice|Survey Report,Addon Conditions Not Met,Loss Heavy,0.05,0.9,3000.0,1.08,0.67,Rural,Gujarat,Mumbai,0.53,0.36,0.43,8,False,0.64,0.25,0.08
GoDigit,Motor,Commercial GCV,Standalone Own Damage,Annual,Base,Own Damage,Accident / Liability,Policy Defined Event,Medium,Medium,35000,300000,Yes,Yes,Yes,Medium,Low,Medium,Claim Form|FIR|Photos,Policy Breach,Balanced,0.15,0.9,5250.0,1.08,0.58,Metro,Maharashtra,Mumbai,0.68,0.32,0.39,7,False,0.83,0.25,0.03
GoDigit,Motor,Commercial GCV,Standalone Own Damage,Annual,Base,Personal Accident,Accident / Liability,Policy Defined Event,Medium,Medium,35000,300000,Yes,Yes,Yes,Medium,Low,Medium,Claim Form|FIR|Photos,Policy Breach,Balanced,0.15,0.9,5250.0,1.08,0.56,Rural,Gujarat,Delhi,0.46,0.53,0.67,13,False,0.73,0.25,0.03
GoDigit,Motor,Commercial GCV,Standalone Own Damage,Annual,Addon,Zero Depreciation,Addon Claim,Addon Trigger,Low,High,60000,800000,Yes,No,Yes,Medium,Medium,High,Invoice|Survey Report,Addon Conditions Not Met,Loss Heavy,0.05,0.9,3000.0,1.08,0.23,Rural,Gujarat,Ahmedabad,0.89,0.31,0.31,13,False,0.6,0.25,0.08
GoDigit,Motor,Commercial GCV,Standalone Own Damage,Annual,Addon,Engine Protect,Addon Claim,Addon Trigger,Low,High,60000,800000,Yes,No,Yes,Medium,Medium,High,Invoice|Survey Report,Addon Conditions Not Met,Loss Heavy,0.05,0.9,3000.0,1.08,0.53,Metro,Karnataka,Chennai,0.77,0.53,0.73,14,False,0.61,0.25,0.08
GoDigit,Motor,Commercial GCV,Standalone Own Damage,Annual,Addon,Gearbox Protect,Addon Claim,Addon Trigger,Low,High,60000,800000,Yes,No,Yes,Medium,Medium,High,Invoice|Survey Report,Addon Conditions Not Met,Loss Heavy,0.05,0.9,3000.0,1.08,0.65,Metro,Karnataka,Delhi,0.5,0.25,0.38,9,False,0.69,0.25,0.08
GoDigit,Motor,Commercial GCV,Standalone Own Damage,Annual,Addon,Consumables,Addon Claim,Addon Trigger,Low,High,60000,800000,Yes,No,Yes,Medium,Medium,High,Invoice|Survey Report,Addon Conditions Not Met,Loss Heavy,0.05,0.9,3000.0,1.08,0.25,Urban,Tamil Nadu,Mumbai,0.36,0.43,0.63,8,False,0.64,0.25,0.08
GoDigit,Motor,Commercial GCV,Standalone Own Damage,Annual,Addon,Tyre Protect,Addon Claim,Addon Trigger,Low,High,60000,800000,Yes,No,Yes,Medium,Medium,High,Invoice|Survey Report,Addon Conditions Not Met,Loss Heavy,0.05,0.9,3000.0,1.08,0.58,Urban,Karnataka,Bangalore,0.81,0.35,0.84,14,False,0.63,0.25,0.08
GoDigit,Motor,Commercial GCV,Standalone Own Damage,Annual,Addon,Roadside Assistance,Addon Claim,Addon Trigger,Low,High,60000,800000,Yes,No,Yes,Medium,Medium,High,Invoice|Survey Report,Addon Conditions Not Met,Loss Heavy,0.05,0.9,3000.0,1.08,0.49,Metro,Gujarat,Ahmedabad,0.64,0.54,0.59,11,False,0.58,0.25,0.08
GoDigit,Motor,Commercial GCV,Standalone Own Damage,Annual,Addon,NCB Protect,Addon Claim,Addon Trigger,Low,High,60000,800000,Yes,No,Yes,Medium,Medium,High,Invoice|Survey Report,Addon Conditions Not Met,Loss Heavy,0.05,0.9,3000.0,1.08,0.36,Metro,Delhi,Bangalore,0.39,0.77,0.37,13,False,0.78,0.25,0.08
GoDigit,Motor,Commercial GCV,Standalone Own Damage,Annual,Addon,Return to Invoice,Addon Claim,Addon Trigger,Low,High,60000,800000,Yes,No,Yes,Medium,Medium,High,Invoice|Survey Report,Addon Conditions Not Met,Loss Heavy,0.05,0.9,3000.0,1.08,0.39,Urban,Delhi,Ahmedabad,0.57,0.51,0.55,13,False,0.71,0.25,0.08
GoDigit,Motor,Commercial GCV,Standalone Own Damage,Annual,Addon,Invoice Cover,Addon Claim,Addon Trigger,Low,High,60000,800000,Yes,No,Yes,Medium,Medium,High,Invoice|Survey Report,Addon Conditions Not Met,Loss Heavy,0.05,0.9,3000.0,1.08,0.51,Urban,Karnataka,Bangalore,0.63,0.49,0.3,12,False,0.66,0.25,0.08
GoDigit,Motor,Commercial GCV,Standalone Own Damage,Annual,Addon,PAYD Benefit,Addon Claim,Addon Trigger,Low,High,60000,800000,Yes,No,Yes,Medium,Medium,High,Invoice|Survey Report,Addon Conditions Not Met,Loss Heavy,0.05,0.9,3000.0,1.08,0.65,Rural,Tamil Nadu,Chennai,0.43,0.57,0.38,13,False,0.61,0.25,0.08
GoDigit,Motor,Commercial GCV,Standalone Own Damage,Annual,Addon,EV Addon,Addon Claim,Addon Trigger,Low,High,60000,800000,Yes,No,Yes,Medium,Medium,High,Invoice|Survey Report,Addon Conditions Not Met,Loss Heavy,0.05,0.9,3000.0,1.08,0.28,Rural,Maharashtra,Ahmedabad,0.74,0.38,0.87,12,False,0.53,0.25,0.08
GoDigit,Motor,Commercial GCV,Standalone Own Damage,Annual,Addon,EMI Protector,Addon Claim,Addon Trigger,Low,High,60000,800000,Yes,No,Yes,Medium,Medium,High,Invoice|Survey Report,Addon Conditions Not Met,Loss Heavy,0.05,0.9,3000.0,1.08,0.44,Metro,Gujarat,Chennai,0.9,0.29,0.52,14,False,0.68,0.25,0.08
GoDigit,Motor,Commercial GCV,Standalone Own Damage,Annual,Addon,Loss of Use,Addon Claim,Addon Trigger,Low,High,60000,800000,Yes,No,Yes,Medium,Medium,High,Invoice|Survey Report,Addon Conditions Not Met,Loss Heavy,0.05,0.9,3000.0,1.08,0.67,Rural,Gujarat,Mumbai,0.3,0.53,0.52,10,False,0.65,0.25,0.08
GoDigit,Motor,Commercial GCV,Standalone Own Damage,Annual,Addon,Key Protect,Addon Claim,Addon Trigger,Low,High,60000,800000,Yes,No,Yes,Medium,Medium,High,Invoice|Survey Report,Addon Conditions Not Met,Loss Heavy,0.05,0.9,3000.0,1.08,0.21,Urban,Gujarat,Chennai,0.78,0.49,0.44,7,False,0.69,0.25,0.08
GoDigit,Motor,Commercial GCV,Standalone Own Damage,Annual,Addon,Personal Belongings,Addon Claim,Addon Trigger,Low,High,60000,800000,Yes,No,Yes,Medium,Medium,High,Invoice|Survey Report,Addon Conditions Not Met,Loss Heavy,0.05,0.9,3000.0,1.08,0.45,Metro,Gujarat,Ahmedabad,0.64,0.54,0.84,9,False,0.78,0.25,0.08
GoDigit,Motor,Commercial GCV,Liability Only,Annual,Base,Third Party,Accident / Liability,Policy Defined Event,Medium,Medium,35000,300000,Yes,Yes,Yes,Medium,Low,Medium,Claim Form|FIR|Photos,Policy Breach,Balanced,0.15,0.9,5250.0,1.08,0.23,Metro,Delhi,Mumbai,0.5,0.51,0.62,11,False,0.52,0.25,0.03
GoDigit,Motor,Commercial GCV,Liability Only,Annual,Base,Personal Accident,Accident / Liability,Policy Defined Event,Medium,Medium,35000,300000,Yes,Yes,Yes,Medium,Low,Medium,Claim Form|FIR|Photos,Policy Breach,Balanced,0.15,0.9,5250.0,1.08,0.26,Rural,Delhi,Delhi,0.85,0.65,0.66,9,False,0.83,0.25,0.03
GoDigit,Motor,Commercial GCV,Long Term Package,Annual,Base,Own Damage,Accident / Liability,Policy Defined Event,Medium,Medium,35000,300000,Yes,Yes,Yes,Medium,Low,Medium,Claim Form|FIR|Photos,Policy Breach,Balanced,0.15,0.9,5250.0,1.08,0.48,Rural,Delhi,Ahmedabad,0.32,0.44,0.43,11,False,0.79,0.25,0.03
GoDigit,Motor,Commercial GCV,Long Term Package,Annual,Base,Third Party,Accident / Liability,Policy Defined Event,Medium,Medium,35000,300000,Yes,Yes,Yes,Medium,Low,Medium,Claim Form|FIR|Photos,Policy Breach,Balanced,0.15,0.9,5250.0,1.08,0.21,Metro,Delhi,Mumbai,0.42,0.46,0.88,9,False,0.79,0.25,0.03
GoDigit,Motor,Commercial GCV,Long Term Package,Annual,Base,Personal Accident,Accident / Liability,Policy Defined Event,Medium,Medium,35000,300000,Yes,Yes,Yes,Medium,Low,Medium,Claim Form|FIR|Photos,Policy Breach,Balanced,0.15,0.9,5250.0,1.08,0.41,Metro,Delhi,Ahmedabad,0.44,0.62,0.77,11,False,0.81,0.25,0.03
GoDigit,Motor,Commercial GCV,Long Term Package,Annual,Addon,Zero Depreciation,Addon Claim,Addon Trigger,Low,High,60000,800000,Yes,No,Yes,Medium,Medium,High,Invoice|Survey Report,Addon Conditions Not Met,Loss Heavy,0.05,0.9,3000.0,1.08,0.45,Rural,Karnataka,Delhi,0.9,0.2,0.56,13,False,0.52,0.25,0.08
GoDigit,Motor,Commercial GCV,Long Term Package,Annual,Addon,Engine Protect,Addon Claim,Addon Trigger,Low,High,60000,800000,Yes,No,Yes,Medium,Medium,High,Invoice|Survey Report,Addon Conditions Not Met,Loss Heavy,0.05,0.9,3000.0,1.08,0.53,Rural,Gujarat,Chennai,0.61,0.22,0.65,14,False,0.74,0.25,0.08
GoDigit,Motor,Commercial GCV,Long Term Package,Annual,Addon,Gearbox Protect,Addon Claim,Addon Trigger,Low,High,60000,800000,Yes,No,Yes,Medium,Medium,High,Invoice|Survey Report,Addon Conditions Not Met,Loss Heavy,0.05,0.9,3000.0,1.08,0.33,Urban,Tamil Nadu,Bangalore,0.81,0.71,0.82,8,False,0.8,0.25,0.08
GoDigit,Motor,Commercial GCV,Long Term Package,Annual,Addon,Consumables,Addon Claim,Addon Trigger,Low,High,60000,800000,Yes,No,Yes,Medium,Medium,High,Invoice|Survey Report,Addon Conditions Not Met,Loss Heavy,0.05,0.9,3000.0,1.08,0.52,Rural,Maharashtra,Delhi,0.84,0.58,0.48,8,False,0.62,0.25,0.08
GoDigit,Motor,Commercial GCV,Long Term Package,Annual,Addon,Tyre Protect,Addon Claim,Addon Trigger,Low,High,60000,800000,Yes,No,Yes,Medium,Medium,High,Invoice|Survey Report,Addon Conditions Not Met,Loss Heavy,0.05,0.9,3000.0,1.08,0.51,Metro,Gujarat,Bangalore,0.85,0.29,0.81,12,False,0.51,0.25,0.08
GoDigit,Motor,Commercial GCV,Long Term Package,Annual,Addon,Roadside Assistance,Addon Claim,Addon Trigger,Low,High,60000,800000,Yes,No,Yes,Medium,Medium,High,Invoice|Survey Report,Addon Conditions Not Met,Loss Heavy,0.05,0.9,3000.0,1.08,0.41,Urban,Gujarat,Delhi,0.49,0.37,0.58,10,False,0.7,0.25,0.08
GoDigit,Motor,Commercial GCV,Long Term Package,Annual,Addon,NCB Protect,Addon Claim,Addon Trigger,Low,High,60000,800000,Yes,No,Yes,Medium,Medium,High,Invoice|Survey Report,Addon Conditions Not Met,Loss Heavy,0.05,0.9,3000.0,1.08,0.28,Urban,Tamil Nadu,Mumbai,0.42,0.41,0.7,11,False,0.78,0.25,0.08
GoDigit,Motor,Commercial GCV,Long Term Package,Annual,Addon,Return to Invoice,Addon Claim,Addon Trigger,Low,High,60000,800000,Yes,No,Yes,Medium,Medium,High,Invoice|Survey Report,Addon Conditions Not Met,Loss Heavy,0.05,0.9,3000.0,1.08,0.6,Rural,Maharashtra,Mumbai,0.32,0.3,0.69,10,False,0.55,0.25,0.08
GoDigit,Motor,Commercial GCV,Long Term Package,Annual,Addon,Invoice Cover,Addon Claim,Addon Trigger,Low,High,60000,800000,Yes,No,Yes,Medium,Medium,High,Invoice|Survey Report,Addon Conditions Not Met,Loss Heavy,0.05,0.9,3000.0,1.08,0.65,Metro,Delhi,Bangalore,0.41,0.54,0.71,9,False,0.73,0.25,0.08
GoDigit,Motor,Commercial GCV,Long Term Package,Annual,Addon,PAYD Benefit,Addon Claim,Addon Trigger,Low,High,60000,800000,Yes,No,Yes,Medium,Medium,High,Invoice|Survey Report,Addon Conditions Not Met,Loss Heavy,0.05,0.9,3000.0,1.08,0.58,Rural,Maharashtra,Chennai,0.51,0.25,0.8,12,False,0.69,0.25,0.08
GoDigit,Motor,Commercial GCV,Long Term Package,Annual,Addon,EV Addon,Addon Claim,Addon Trigger,Low,High,60000,800000,Yes,No,Yes,Medium,Medium,High,Invoice|Survey Report,Addon Conditions Not Met,Loss Heavy,0.05,0.9,3000.0,1.08,0.51,Urban,Karnataka,Ahmedabad,0.45,0.73,0.65,8,False,0.61,0.25,0.08
GoDigit,Motor,Commercial GCV,Long Term Package,Annual,Addon,EMI Protector,Addon Claim,Addon Trigger,Low,High,60000,800000,Yes,No,Yes,Medium,Medium,High,Invoice|Survey Report,Addon Conditions Not Met,Loss Heavy,0.05,0.9,3000.0,1.08,0.37,Rural,Maharashtra,Ahmedabad,0.5,0.71,0.58,7,False,0.68,0.25,0.08
GoDigit,Motor,Commercial GCV,Long Term Package,Annual,Addon,Loss of Use,Addon Claim,Addon Trigger,Low,High,60000,800000,Yes,No,Yes,Medium,Medium,High,Invoice|Survey Report,Addon Conditions Not Met,Loss Heavy,0.05,0.9,3000.0,1.08,0.6,Urban,Karnataka,Ahmedabad,0.73,0.5,0.72,14,False,0.67,0.25,0.08
GoDigit,Motor,Commercial GCV,Long Term Package,Annual,Addon,Key Protect,Addon Claim,Addon Trigger,Low,High,60000,800000,Yes,No,Yes,Medium,Medium,High,Invoice|Survey Report,Addon Conditions Not Met,Loss Heavy,0.05,0.9,3000.0,1.08,0.44,Urban,Karnataka,Chennai,0.5,0.37,0.85,9,False,0.71,0.25,0.08
GoDigit,Motor,Commercial GCV,Long Term Package,Annual,Addon,Personal Belongings,Addon Claim,Addon Trigger,Low,High,60000,800000,Yes,No,Yes,Medium,Medium,High,Invoice|Survey Report,Addon Conditions Not Met,Loss Heavy,0.05,0.9,3000.0,1.08,0.61,Urban,Delhi,Delhi,0.47,0.55,0.68,14,False,0.61,0.25,0.08
GoDigit,Motor,Commercial PCV,Package,Annual,Base,Own Damage,Accident / Liability,Policy Defined Event,Medium,Medium,35000,300000,Yes,Yes,Yes,Medium,Low,Medium,Claim Form|FIR|Photos,Policy Breach,Balanced,0.15,0.9,5250.0,1.08,0.31,Metro,Gujarat,Chennai,0.34,0.44,0.31,11,False,0.71,0.25,0.03
GoDigit,Motor,Commercial PCV,Package,Annual,Base,Third Party,Accident / Liability,Policy Defined Event,Medium,Medium,35000,300000,Yes,Yes,Yes,Medium,Low,Medium,Claim Form|FIR|Photos,Policy Breach,Balanced,0.15,0.9,5250.0,1.08,0.49,Rural,Gujarat,Delhi,0.33,0.3,0.45,8,False,0.74,0.25,0.03
GoDigit,Motor,Commercial PCV,Package,Annual,Base,Personal Accident,Accident / Liability,Policy Defined Event,Medium,Medium,35000,300000,Yes,Yes,Yes,Medium,Low,Medium,Claim Form|FIR|Photos,Policy Breach,Balanced,0.15,0.9,5250.0,1.08,0.48,Urban,Karnataka,Ahmedabad,0.65,0.77,0.48,11,False,0.6,0.25,0.03
GoDigit,Motor,Commercial PCV,Package,Annual,Addon,Zero Depreciation,Addon Claim,Addon Trigger,Low,High,60000,800000,Yes,No,Yes,Medium,Medium,High,Invoice|Survey Report,Addon Conditions Not Met,Loss Heavy,0.05,0.9,3000.0,1.08,0.47,Metro,Gujarat,Chennai,0.65,0.64,0.76,12,False,0.62,0.25,0.08
GoDigit,Motor,Commercial PCV,Package,Annual,Addon,Engine Protect,Addon Claim,Addon Trigger,Low,High,60000,800000,Yes,No,Yes,Medium,Medium,High,Invoice|Survey Report,Addon Conditions Not Met,Loss Heavy,0.05,0.9,3000.0,1.08,0.36,Urban,Delhi,Mumbai,0.5,0.22,0.79,11,False,0.76,0.25,0.08
GoDigit,Motor,Commercial PCV,Package,Annual,Addon,Gearbox Protect,Addon Claim,Addon Trigger,Low,High,60000,800000,Yes,No,Yes,Medium,Medium,High,Invoice|Survey Report,Addon Conditions Not Met,Loss Heavy,0.05,0.9,3000.0,1.08,0.21,Metro,Gujarat,Chennai,0.53,0.56,0.67,12,False,0.81,0.25,0.08
GoDigit,Motor,Commercial PCV,Package,Annual,Addon,Consumables,Addon Claim,Addon Trigger,Low,High,60000,800000,Yes,No,Yes,Medium,Medium,High,Invoice|Survey Report,Addon Conditions Not Met,Loss Heavy,0.05,0.9,3000.0,1.08,0.42,Metro,Tamil Nadu,Bangalore,0.44,0.48,0.37,12,False,0.68,0.25,0.08
GoDigit,Motor,Commercial PCV,Package,Annual,Addon,Tyre Protect,Addon Claim,Addon Trigger,Low,High,60000,800000,Yes,No,Yes,Medium,Medium,High,Invoice|Survey Report,Addon Conditions Not Met,Loss Heavy,0.05,0.9,3000.0,1.08,0.44,Urban,Tamil Nadu,Chennai,0.64,0.27,0.84,14,False,0.72,0.25,0.08
GoDigit,Motor,Commercial PCV,Package,Annual,Addon,Roadside Assistance,Addon Claim,Addon Trigger,Low,High,60000,800000,Yes,No,Yes,Medium,Medium,High,Invoice|Survey Report,Addon Conditions Not Met,Loss Heavy,0.05,0.9,3000.0,1.08,0.43,Urban,Gujarat,Chennai,0.56,0.74,0.53,9,False,0.68,0.25,0.08
GoDigit,Motor,Commercial PCV,Package,Annual,Addon,NCB Protect,Addon Claim,Addon Trigger,Low,High,60000,800000,Yes,No,Yes,Medium,Medium,High,Invoice|Survey Report,Addon Conditions Not Met,Loss Heavy,0.05,0.9,3000.0,1.08,0.48,Metro,Gujarat,Ahmedabad,0.3,0.43,0.53,14,False,0.6,0.25,0.08
GoDigit,Motor,Commercial PCV,Package,Annual,Addon,Return to Invoice,Addon Claim,Addon Trigger,Low,High,60000,800000,Yes,No,Yes,Medium,Medium,High,Invoice|Survey Report,Addon Conditions Not Met,Loss Heavy,0.05,0.9,3000.0,1.08,0.32,Rural,Karnataka,Ahmedabad,0.43,0.4,0.82,11,False,0.8,0.25,0.08
GoDigit,Motor,Commercial PCV,Package,Annual,Addon,Invoice Cover,Addon Claim,Addon Trigger,Low,High,60000,800000,Yes,No,Yes,Medium,Medium,High,Invoice|Survey Report,Addon Conditions Not Met,Loss Heavy,0.05,0.9,3000.0,1.08,0.45,Rural,Karnataka,Ahmedabad,0.58,0.4,0.44,10,False,0.64,0.25,0.08
GoDigit,Motor,Commercial PCV,Package,Annual,Addon,PAYD Benefit,Addon Claim,Addon Trigger,Low,High,60000,800000,Yes,No,Yes,Medium,Medium,High,Invoice|Survey Report,Addon Conditions Not Met,Loss Heavy,0.05,0.9,3000.0,1.08,0.62,Rural,Gujarat,Delhi,0.65,0.7,0.81,8,False,0.68,0.25,0.08
GoDigit,Motor,Commercial PCV,Package,Annual,Addon,EV Addon,Addon Claim,Addon Trigger,Low,High,60000,800000,Yes,No,Yes,Medium,Medium,High,Invoice|Survey Report,Addon Conditions Not Met,Loss Heavy,0.05,0.9,3000.0,1.08,0.33,Rural,Karnataka,Ahmedabad,0.7,0.72,0.86,7,False,0.53,0.25,0.08
GoDigit,Motor,Commercial PCV,Package,Annual,Addon,EMI Protector,Addon Claim,Addon Trigger,Low,High,60000,800000,Yes,No,Yes,Medium,Medium,High,Invoice|Survey Report,Addon Conditions Not Met,Loss Heavy,0.05,0.9,3000.0,1.08,0.57,Urban,Gujarat,Mumbai,0.47,0.57,0.89,7,False,0.57,0.25,0.08
GoDigit,Motor,Commercial PCV,Package,Annual,Addon,Loss of Use,Addon Claim,Addon Trigger,Low,High,60000,800000,Yes,No,Yes,Medium,Medium,High,Invoice|Survey Report,Addon Conditions Not Met,Loss Heavy,0.05,0.9,3000.0,1.08,0.22,Metro,Gujarat,Delhi,0.43,0.76,0.33,9,False,0.57,0.25,0.08
GoDigit,Motor,Commercial PCV,Package,Annual,Addon,Key Protect,Addon Claim,Addon Trigger,Low,High,60000,800000,Yes,No,Yes,Medium,Medium,High,Invoice|Survey Report,Addon Conditions Not Met,Loss Heavy,0.05,0.9,3000.0,1.08,0.47,Urban,Gujarat,Mumbai,0.82,0.53,0.54,13,False,0.53,0.25,0.08
GoDigit,Motor,Commercial PCV,Package,Annual,Addon,Personal Belongings,Addon Claim,Addon Trigger,Low,High,60000,800000,Yes,No,Yes,Medium,Medium,High,Invoice|Survey Report,Addon Conditions Not Met,Loss Heavy,0.05,0.9,3000.0,1.08,0.22,Metro,Karnataka,Chennai,0.9,0.48,0.66,10,False,0.64,0.25,0.08
GoDigit,Motor,Commercial PCV,Bundled,Annual,Base,Own Damage,Accident / Liability,Policy Defined Event,Medium,Medium,35000,300000,Yes,Yes,Yes,Medium,Low,Medium,Claim Form|FIR|Photos,Policy Breach,Balanced,0.15,0.9,5250.0,1.08,0.49,Urban,Maharashtra,Mumbai,0.41,0.41,0.8,14,False,0.79,0.25,0.03
GoDigit,Motor,Commercial PCV,Bundled,Annual,Base,Third Party,Accident / Liability,Policy Defined Event,Medium,Medium,35000,300000,Yes,Yes,Yes,Medium,Low,Medium,Claim Form|FIR|Photos,Policy Breach,Balanced,0.15,0.9,5250.0,1.08,0.61,Urban,Karnataka,Ahmedabad,0.5,0.53,0.61,9,False,0.83,0.25,0.03
GoDigit,Motor,Commercial PCV,Bundled,Annual,Base,Personal Accident,Accident / Liability,Policy Defined Event,Medium,Medium,35000,300000,Yes,Yes,Yes,Medium,Low,Medium,Claim Form|FIR|Photos,Policy Breach,Balanced,0.15,0.9,5250.0,1.08,0.65,Rural,Gujarat,Delhi,0.33,0.54,0.72,14,False,0.68,0.25,0.03
GoDigit,Motor,Commercial PCV,Bundled,Annual,Addon,Zero Depreciation,Addon Claim,Addon Trigger,Low,High,60000,800000,Yes,No,Yes,Medium,Medium,High,Invoice|Survey Report,Addon Conditions Not Met,Loss Heavy,0.05,0.9,3000.0,1.08,0.34,Urban,Karnataka,Bangalore,0.46,0.6,0.72,13,False,0.67,0.25,0.08
GoDigit,Motor,Commercial PCV,Bundled,Annual,Addon,Engine Protect,Addon Claim,Addon Trigger,Low,High,60000,800000,Yes,No,Yes,Medium,Medium,High,Invoice|Survey Report,Addon Conditions Not Met,Loss Heavy,0.05,0.9,3000.0,1.08,0.67,Urban,Tamil Nadu,Delhi,0.38,0.54,0.77,12,False,0.57,0.25,0.08
GoDigit,Motor,Commercial PCV,Bundled,Annual,Addon,Gearbox Protect,Addon Claim,Addon Trigger,Low,High,60000,800000,Yes,No,Yes,Medium,Medium,High,Invoice|Survey Report,Addon Conditions Not Met,Loss Heavy,0.05,0.9,3000.0,1.08,0.24,Urban,Delhi,Chennai,0.45,0.46,0.86,12,False,0.55,0.25,0.08
GoDigit,Motor,Commercial PCV,Bundled,Annual,Addon,Consumables,Addon Claim,Addon Trigger,Low,High,60000,800000,Yes,No,Yes,Medium,Medium,High,Invoice|Survey Report,Addon Conditions Not Met,Loss Heavy,0.05,0.9,3000.0,1.08,0.49,Urban,Tamil Nadu,Bangalore,0.7,0.2,0.4,8,False,0.78,0.25,0.08
GoDigit,Motor,Commercial PCV,Bundled,Annual,Addon,Tyre Protect,Addon Claim,Addon Trigger,Low,High,60000,800000,Yes,No,Yes,Medium,Medium,High,Invoice|Survey Report,Addon Conditions Not Met,Loss Heavy,0.05,0.9,3000.0,1.08,0.26,Metro,Gujarat,Chennai,0.76,0.7,0.36,7,False,0.83,0.25,0.08
GoDigit,Motor,Commercial PCV,Bundled,Annual,Addon,Roadside Assistance,Addon Claim,Addon Trigger,Low,High,60000,800000,Yes,No,Yes,Medium,Medium,High,Invoice|Survey Report,Addon Conditions Not Met,Loss Heavy,0.05,0.9,3000.0,1.08,0.44,Rural,Karnataka,Chennai,0.51,0.73,0.77,12,False,0.76,0.25,0.08
GoDigit,Motor,Commercial PCV,Bundled,Annual,Addon,NCB Protect,Addon Claim,Addon Trigger,Low,High,60000,800000,Yes,No,Yes,Medium,Medium,High,Invoice|Survey Report,Addon Conditions Not Met,Loss Heavy,0.05,0.9,3000.0,1.08,0.59,Urban,Delhi,Delhi,0.81,0.38,0.59,8,False,0.71,0.25,0.08
GoDigit,Motor,Commercial PCV,Bundled,Annual,Addon,Return to Invoice,Addon Claim,Addon Trigger,Low,High,60000,800000,Yes,No,Yes,Medium,Medium,High,Invoice|Survey Report,Addon Conditions Not Met,Loss Heavy,0.05,0.9,3000.0,1.08,0.41,Rural,Karnataka,Delhi,0.32,0.51,0.82,9,False,0.82,0.25,0.08
GoDigit,Motor,Commercial PCV,Bundled,Annual,Addon,Invoice Cover,Addon Claim,Addon Trigger,Low,High,60000,800000,Yes,No,Yes,Medium,Medium,High,Invoice|Survey Report,Addon Conditions Not Met,Loss Heavy,0.05,0.9,3000.0,1.08,0.61,Rural,Delhi,Ahmedabad,0.63,0.56,0.31,8,False,0.74,0.25,0.08
GoDigit,Motor,Commercial PCV,Bundled,Annual,Addon,PAYD Benefit,Addon Claim,Addon Trigger,Low,High,60000,800000,Yes,No,Yes,Medium,Medium,High,Invoice|Survey Report,Addon Conditions Not Met,Loss Heavy,0.05,0.9,3000.0,1.08,0.67,Urban,Delhi,Delhi,0.35,0.25,0.81,8,False,0.59,0.25,0.08
GoDigit,Motor,Commercial PCV,Bundled,Annual,Addon,EV Addon,Addon Claim,Addon Trigger,Low,High,60000,800000,Yes,No,Yes,Medium,Medium,High,Invoice|Survey Report,Addon Conditions Not Met,Loss Heavy,0.05,0.9,3000.0,1.08,0.48,Metro,Gujarat,Delhi,0.42,0.53,0.81,7,False,0.82,0.25,0.08
GoDigit,Motor,Commercial PCV,Bundled,Annual,Addon,EMI Protector,Addon Claim,Addon Trigger,Low,High,60000,800000,Yes,No,Yes,Medium,Medium,High,Invoice|Survey Report,Addon Conditions Not Met,Loss Heavy,0.05,0.9,3000.0,1.08,0.39,Metro,Karnataka,Bangalore,0.77,0.43,0.75,10,False,0.51,0.25,0.08
GoDigit,Motor,Commercial PCV,Bundled,Annual,Addon,Loss of Use,Addon Claim,Addon Trigger,Low,High,60000,800000,Yes,No,Yes,Medium,Medium,High,Invoice|Survey Report,Addon Conditions Not Met,Loss Heavy,0.05,0.9,3000.0,1.08,0.6,Urban,Tamil Nadu,Bangalore,0.34,0.22,0.43,13,False,0.56,0.25,0.08
GoDigit,Motor,Commercial PCV,Bundled,Annual,Addon,Key Protect,Addon Claim,Addon Trigger,Low,High,60000,800000,Yes,No,Yes,Medium,Medium,High,Invoice|Survey Report,Addon Conditions Not Met,Loss Heavy,0.05,0.9,3000.0,1.08,0.61,Urban,Gujarat,Chennai,0.71,0.47,0.62,13,False,0.61,0.25,0.08
GoDigit,Motor,Commercial PCV,Bundled,Annual,Addon,Personal Belongings,Addon Claim,Addon Trigger,Low,High,60000,800000,Yes,No,Yes,Medium,Medium,High,Invoice|Survey Report,Addon Conditions Not Met,Loss Heavy,0.05,0.9,3000.0,1.08,0.46,Metro,Delhi,Ahmedabad,0.42,0.38,0.78,14,False,0.63,0.25,0.08
GoDigit,Motor,Commercial PCV,Standalone Own Damage,Annual,Base,Own Damage,Accident / Liability,Policy Defined Event,Medium,Medium,35000,300000,Yes,Yes,Yes,Medium,Low,Medium,Claim Form|FIR|Photos,Policy Breach,Balanced,0.15,0.9,5250.0,1.08,0.53,Rural,Delhi,Chennai,0.38,0.71,0.39,13,False,0.63,0.25,0.03
GoDigit,Motor,Commercial PCV,Standalone Own Damage,Annual,Base,Personal Accident,Accident / Liability,Policy Defined Event,Medium,Medium,35000,300000,Yes,Yes,Yes,Medium,Low,Medium,Claim Form|FIR|Photos,Policy Breach,Balanced,0.15,0.9,5250.0,1.08,0.47,Rural,Gujarat,Chennai,0.6,0.78,0.5,8,False,0.67,0.25,0.03
GoDigit,Motor,Commercial PCV,Standalone Own Damage,Annual,Addon,Zero Depreciation,Addon Claim,Addon Trigger,Low,High,60000,800000,Yes,No,Yes,Medium,Medium,High,Invoice|Survey Report,Addon Conditions Not Met,Loss Heavy,0.05,0.9,3000.0,1.08,0.21,Metro,Gujarat,Ahmedabad,0.46,0.75,0.77,9,False,0.58,0.25,0.08
GoDigit,Motor,Commercial PCV,Standalone Own Damage,Annual,Addon,Engine Protect,Addon Claim,Addon Trigger,Low,High,60000,800000,Yes,No,Yes,Medium,Medium,High,Invoice|Survey Report,Addon Conditions Not Met,Loss Heavy,0.05,0.9,3000.0,1.08,0.48,Rural,Tamil Nadu,Delhi,0.6,0.26,0.62,13,False,0.71,0.25,0.08
GoDigit,Motor,Commercial PCV,Standalone Own Damage,Annual,Addon,Gearbox Protect,Addon Claim,Addon Trigger,Low,High,60000,800000,Yes,No,Yes,Medium,Medium,High,Invoice|Survey Report,Addon Conditions Not Met,Loss Heavy,0.05,0.9,3000.0,1.08,0.39,Urban,Delhi,Chennai,0.33,0.74,0.48,12,False,0.51,0.25,0.08
GoDigit,Motor,Commercial PCV,Standalone Own Damage,Annual,Addon,Consumables,Addon Claim,Addon Trigger,Low,High,60000,800000,Yes,No,Yes,Medium,Medium,High,Invoice|Survey Report,Addon Conditions Not Met,Loss Heavy,0.05,0.9,3000.0,1.08,0.45,Metro,Tamil Nadu,Ahmedabad,0.75,0.35,0.49,8,False,0.83,0.25,0.08
GoDigit,Motor,Commercial PCV,Standalone Own Damage,Annual,Addon,Tyre Protect,Addon Claim,Addon Trigger,Low,High,60000,800000,Yes,No,Yes,Medium,Medium,High,Invoice|Survey Report,Addon Conditions Not Met,Loss Heavy,0.05,0.9,3000.0,1.08,0.25,Rural,Karnataka,Ahmedabad,0.62,0.59,0.55,11,False,0.71,0.25,0.08
GoDigit,Motor,Commercial PCV,Standalone Own Damage,Annual,Addon,Roadside Assistance,Addon Claim,Addon Trigger,Low,High,60000,800000,Yes,No,Yes,Medium,Medium,High,Invoice|Survey Report,Addon Conditions Not Met,Loss Heavy,0.05,0.9,3000.0,1.08,0.45,Urban,Karnataka,Bangalore,0.72,0.57,0.74,9,False,0.57,0.25,0.08
GoDigit,Motor,Commercial PCV,Standalone Own Damage,Annual,Addon,NCB Protect,Addon Claim,Addon Trigger,Low,High,60000,800000,Yes,No,Yes,Medium,Medium,High,Invoice|Survey Report,Addon Conditions Not Met,Loss Heavy,0.05,0.9,3000.0,1.08,0.29,Rural,Delhi,Delhi,0.69,0.47,0.63,7,False,0.81,0.25,0.08
GoDigit,Motor,Commercial PCV,Standalone Own Damage,Annual,Addon,Return to Invoice,Addon Claim,Addon Trigger,Low,High,60000,800000,Yes,No,Yes,Medium,Medium,High,Invoice|Survey Report,Addon Conditions Not Met,Loss Heavy,0.05,0.9,3000.0,1.08,0.48,Metro,Tamil Nadu,Bangalore,0.42,0.61,0.74,9,False,0.54,0.25,0.08
GoDigit,Motor,Commercial PCV,Standalone Own Damage,Annual,Addon,Invoice Cover,Addon Claim,Addon Trigger,Low,High,60000,800000,Yes,No,Yes,Medium,Medium,High,Invoice|Survey Report,Addon Conditions Not Met,Loss Heavy,0.05,0.9,3000.0,1.08,0.23,Rural,Karnataka,Mumbai,0.43,0.35,0.55,7,False,0.55,0.25,0.08
GoDigit,Motor,Commercial PCV,Standalone Own Damage,Annual,Addon,PAYD Benefit,Addon Claim,Addon Trigger,Low,High,60000,800000,Yes,No,Yes,Medium,Medium,High,Invoice|Survey Report,Addon Conditions Not Met,Loss Heavy,0.05,0.9,3000.0,1.08,0.31,Metro,Delhi,Delhi,0.53,0.67,0.8,9,False,0.62,0.25,0.08
GoDigit,Motor,Commercial PCV,Standalone Own Damage,Annual,Addon,EV Addon,Addon Claim,Addon Trigger,Low,High,60000,800000,Yes,No,Yes,Medium,Medium,High,Invoice|Survey Report,Addon Conditions Not Met,Loss Heavy,0.05,0.9,3000.0,1.08,0.21,Urban,Delhi,Mumbai,0.66,0.62,0.46,10,False,0.63,0.25,0.08
GoDigit,Motor,Commercial PCV,Standalone Own Damage,Annual,Addon,EMI Protector,Addon Claim,Addon Trigger,Low,High,60000,800000,Yes,No,Yes,Medium,Medium,High,Invoice|Survey Report,Addon Conditions Not Met,Loss Heavy,0.05,0.9,3000.0,1.08,0.64,Urban,Delhi,Chennai,0.76,0.51,0.87,8,False,0.71,0.25,0.08
GoDigit,Motor,Commercial PCV,Standalone Own Damage,Annual,Addon,Loss of Use,Addon Claim,Addon Trigger,Low,High,60000,800000,Yes,No,Yes,Medium,Medium,High,Invoice|Survey Report,Addon Conditions Not Met,Loss Heavy,0.05,0.9,3000.0,1.08,0.52,Rural,Karnataka,Bangalore,0.87,0.75,0.53,14,False,0.53,0.25,0.08
GoDigit,Motor,Commercial PCV,Standalone Own Damage,Annual,Addon,Key Protect,Addon Claim,Addon Trigger,Low,High,60000,800000,Yes,No,Yes,Medium,Medium,High,Invoice|Survey Report,Addon Conditions Not Met,Loss Heavy,0.05,0.9,3000.0,1.08,0.66,Urban,Tamil Nadu,Delhi,0.41,0.4,0.33,10,False,0.67,0.25,0.08
GoDigit,Motor,Commercial PCV,Standalone Own Damage,Annual,Addon,Personal Belongings,Addon Claim,Addon Trigger,Low,High,60000,800000,Yes,No,Yes,Medium,Medium,High,Invoice|Survey Report,Addon Conditions Not Met,Loss Heavy,0.05,0.9,3000.0,1.08,0.28,Urban,Tamil Nadu,Bangalore,0.88,0.44,0.61,10,False,0.63,0.25,0.08
GoDigit,Motor,Commercial PCV,Liability Only,Annual,Base,Third Party,Accident / Liability,Policy Defined Event,Medium,Medium,35000,300000,Yes,Yes,Yes,Medium,Low,Medium,Claim Form|FIR|Photos,Policy Breach,Balanced,0.15,0.9,5250.0,1.08,0.68,Rural,Tamil Nadu,Ahmedabad,0.67,0.39,0.79,8,False,0.76,0.25,0.03
GoDigit,Motor,Commercial PCV,Liability Only,Annual,Base,Personal Accident,Accident / Liability,Policy Defined Event,Medium,Medium,35000,300000,Yes,Yes,Yes,Medium,Low,Medium,Claim Form|FIR|Photos,Policy Breach,Balanced,0.15,0.9,5250.0,1.08,0.32,Urban,Gujarat,Ahmedabad,0.5,0.76,0.71,10,False,0.57,0.25,0.03
GoDigit,Motor,Commercial PCV,Long Term Package,Annual,Base,Own Damage,Accident / Liability,Policy Defined Event,Medium,Medium,35000,300000,Yes,Yes,Yes,Medium,Low,Medium,Claim Form|FIR|Photos,Policy Breach,Balanced,0.15,0.9,5250.0,1.08,0.59,Urban,Karnataka,Mumbai,0.66,0.28,0.57,14,False,0.62,0.25,0.03
GoDigit,Motor,Commercial PCV,Long Term Package,Annual,Base,Third Party,Accident / Liability,Policy Defined Event,Medium,Medium,35000,300000,Yes,Yes,Yes,Medium,Low,Medium,Claim Form|FIR|Photos,Policy Breach,Balanced,0.15,0.9,5250.0,1.08,0.45,Metro,Karnataka,Delhi,0.81,0.58,0.32,7,False,0.52,0.25,0.03
GoDigit,Motor,Commercial PCV,Long Term Package,Annual,Base,Personal Accident,Accident / Liability,Policy Defined Event,Medium,Medium,35000,300000,Yes,Yes,Yes,Medium,Low,Medium,Claim Form|FIR|Photos,Policy Breach,Balanced,0.15,0.9,5250.0,1.08,0.65,Rural,Delhi,Bangalore,0.83,0.78,0.52,14,False,0.79,0.25,0.03
GoDigit,Motor,Commercial PCV,Long Term Package,Annual,Addon,Zero Depreciation,Addon Claim,Addon Trigger,Low,High,60000,800000,Yes,No,Yes,Medium,Medium,High,Invoice|Survey Report,Addon Conditions Not Met,Loss Heavy,0.05,0.9,3000.0,1.08,0.69,Urban,Karnataka,Ahmedabad,0.39,0.73,0.76,9,False,0.82,0.25,0.08
GoDigit,Motor,Commercial PCV,Long Term Package,Annual,Addon,Engine Protect,Addon Claim,Addon Trigger,Low,High,60000,800000,Yes,No,Yes,Medium,Medium,High,Invoice|Survey Report,Addon Conditions Not Met,Loss Heavy,0.05,0.9,3000.0,1.08,0.24,Urban,Tamil Nadu,Mumbai,0.37,0.38,0.36,13,False,0.65,0.25,0.08
GoDigit,Motor,Commercial PCV,Long Term Package,Annual,Addon,Gearbox Protect,Addon Claim,Addon Trigger,Low,High,60000,800000,Yes,No,Yes,Medium,Medium,High,Invoice|Survey Report,Addon Conditions Not Met,Loss Heavy,0.05,0.9,3000.0,1.08,0.49,Metro,Karnataka,Delhi,0.44,0.4,0.38,12,False,0.8,0.25,0.08
GoDigit,Motor,Commercial PCV,Long Term Package,Annual,Addon,Consumables,Addon Claim,Addon Trigger,Low,High,60000,800000,Yes,No,Yes,Medium,Medium,High,Invoice|Survey Report,Addon Conditions Not Met,Loss Heavy,0.05,0.9,3000.0,1.08,0.34,Urban,Gujarat,Mumbai,0.41,0.64,0.39,10,False,0.68,0.25,0.08
GoDigit,Motor,Commercial PCV,Long Term Package,Annual,Addon,Tyre Protect,Addon Claim,Addon Trigger,Low,High,60000,800000,Yes,No,Yes,Medium,Medium,High,Invoice|Survey Report,Addon Conditions Not Met,Loss Heavy,0.05,0.9,3000.0,1.08,0.66,Metro,Gujarat,Delhi,0.47,0.57,0.33,11,False,0.71,0.25,0.08
GoDigit,Motor,Commercial PCV,Long Term Package,Annual,Addon,Roadside Assistance,Addon Claim,Addon Trigger,Low,High,60000,800000,Yes,No,Yes,Medium,Medium,High,Invoice|Survey Report,Addon Conditions Not Met,Loss Heavy,0.05,0.9,3000.0,1.08,0.23,Rural,Maharashtra,Chennai,0.3,0.22,0.33,7,False,0.81,0.25,0.08
GoDigit,Motor,Commercial PCV,Long Term Package,Annual,Addon,NCB Protect,Addon Claim,Addon Trigger,Low,High,60000,800000,Yes,No,Yes,Medium,Medium,High,Invoice|Survey Report,Addon Conditions Not Met,Loss Heavy,0.05,0.9,3000.0,1.08,0.27,Metro,Tamil Nadu,Bangalore,0.6,0.7,0.7,8,False,0.83,0.25,0.08
GoDigit,Motor,Commercial PCV,Long Term Package,Annual,Addon,Return to Invoice,Addon Claim,Addon Trigger,Low,High,60000,800000,Yes,No,Yes,Medium,Medium,High,Invoice|Survey Report,Addon Conditions Not Met,Loss Heavy,0.05,0.9,3000.0,1.08,0.4,Metro,Karnataka,Mumbai,0.87,0.79,0.7,10,False,0.51,0.25,0.08
GoDigit,Motor,Commercial PCV,Long Term Package,Annual,Addon,Invoice Cover,Addon Claim,Addon Trigger,Low,High,60000,800000,Yes,No,Yes,Medium,Medium,High,Invoice|Survey Report,Addon Conditions Not Met,Loss Heavy,0.05,0.9,3000.0,1.08,0.43,Metro,Gujarat,Delhi,0.35,0.21,0.7,9,False,0.65,0.25,0.08
GoDigit,Motor,Commercial PCV,Long Term Package,Annual,Addon,PAYD Benefit,Addon Claim,Addon Trigger,Low,High,60000,800000,Yes,No,Yes,Medium,Medium,High,Invoice|Survey Report,Addon Conditions Not Met,Loss Heavy,0.05,0.9,3000.0,1.08,0.57,Metro,Tamil Nadu,Ahmedabad,0.36,0.6,0.78,13,False,0.55,0.25,0.08
GoDigit,Motor,Commercial PCV,Long Term Package,Annual,Addon,EV Addon,Addon Claim,Addon Trigger,Low,High,60000,800000,Yes,No,Yes,Medium,Medium,High,Invoice|Survey Report,Addon Conditions Not Met,Loss Heavy,0.05,0.9,3000.0,1.08,0.26,Metro,Gujarat,Bangalore,0.64,0.23,0.75,14,False,0.59,0.25,0.08
GoDigit,Motor,Commercial PCV,Long Term Package,Annual,Addon,EMI Protector,Addon Claim,Addon Trigger,Low,High,60000,800000,Yes,No,Yes,Medium,Medium,High,Invoice|Survey Report,Addon Conditions Not Met,Loss Heavy,0.05,0.9,3000.0,1.08,0.43,Urban,Tamil Nadu,Ahmedabad,0.77,0.74,0.65,7,False,0.78,0.25,0.08
GoDigit,Motor,Commercial PCV,Long Term Package,Annual,Addon,Loss of Use,Addon Claim,Addon Trigger,Low,High,60000,800000,Yes,No,Yes,Medium,Medium,High,Invoice|Survey Report,Addon Conditions Not Met,Loss Heavy,0.05,0.9,3000.0,1.08,0.33,Metro,Delhi,Mumbai,0.76,0.63,0.4,8,False,0.84,0.25,0.08
GoDigit,Motor,Commercial PCV,Long Term Package,Annual,Addon,Key Protect,Addon Claim,Addon Trigger,Low,High,60000,800000,Yes,No,Yes,Medium,Medium,High,Invoice|Survey Report,Addon Conditions Not Met,Loss Heavy,0.05,0.9,3000.0,1.08,0.24,Metro,Maharashtra,Bangalore,0.84,0.51,0.76,10,False,0.69,0.25,0.08
GoDigit,Motor,Commercial PCV,Long Term Package,Annual,Addon,Personal Belongings,Addon Claim,Addon Trigger,Low,High,60000,800000,Yes,No,Yes,Medium,Medium,High,Invoice|Survey Report,Addon Conditions Not Met,Loss Heavy,0.05,0.9,3000.0,1.08,0.38,Metro,Maharashtra,Bangalore,0.34,0.69,0.68,10,False,0.67,0.25,0.08
GoDigit,Motor,Commercial Misc,Package,Annual,Base,Own Damage,Accident / Liability,Policy Defined Event,Medium,Medium,35000,300000,Yes,Yes,Yes,Medium,Low,Medium,Claim Form|FIR|Photos,Policy Breach,Balanced,0.15,0.9,5250.0,1.08,0.3,Metro,Tamil Nadu,Ahmedabad,0.48,0.35,0.51,10,False,0.66,0.25,0.03
GoDigit,Motor,Commercial Misc,Package,Annual,Base,Third Party,Accident / Liability,Policy Defined Event,Medium,Medium,35000,300000,Yes,Yes,Yes,Medium,Low,Medium,Claim Form|FIR|Photos,Policy Breach,Balanced,0.15,0.9,5250.0,1.08,0.5,Metro,Karnataka,Delhi,0.75,0.32,0.31,8,False,0.54,0.25,0.03
GoDigit,Motor,Commercial Misc,Package,Annual,Base,Personal Accident,Accident / Liability,Policy Defined Event,Medium,Medium,35000,300000,Yes,Yes,Yes,Medium,Low,Medium,Claim Form|FIR|Photos,Policy Breach,Balanced,0.15,0.9,5250.0,1.08,0.23,Urban,Delhi,Chennai,0.61,0.46,0.4,13,False,0.53,0.25,0.03
GoDigit,Motor,Commercial Misc,Package,Annual,Addon,Zero Depreciation,Addon Claim,Addon Trigger,Low,High,60000,800000,Yes,No,Yes,Medium,Medium,High,Invoice|Survey Report,Addon Conditions Not Met,Loss Heavy,0.05,0.9,3000.0,1.08,0.32,Urban,Gujarat,Bangalore,0.63,0.49,0.45,8,False,0.81,0.25,0.08
GoDigit,Motor,Commercial Misc,Package,Annual,Addon,Engine Protect,Addon Claim,Addon Trigger,Low,High,60000,800000,Yes,No,Yes,Medium,Medium,High,Invoice|Survey Report,Addon Conditions Not Met,Loss Heavy,0.05,0.9,3000.0,1.08,0.3,Metro,Karnataka,Bangalore,0.54,0.58,0.68,13,False,0.6,0.25,0.08
GoDigit,Motor,Commercial Misc,Package,Annual,Addon,Gearbox Protect,Addon Claim,Addon Trigger,Low,High,60000,800000,Yes,No,Yes,Medium,Medium,High,Invoice|Survey Report,Addon Conditions Not Met,Loss Heavy,0.05,0.9,3000.0,1.08,0.62,Rural,Delhi,Ahmedabad,0.85,0.58,0.85,12,False,0.84,0.25,0.08
GoDigit,Motor,Commercial Misc,Package,Annual,Addon,Consumables,Addon Claim,Addon Trigger,Low,High,60000,800000,Yes,No,Yes,Medium,Medium,High,Invoice|Survey Report,Addon Conditions Not Met,Loss Heavy,0.05,0.9,3000.0,1.08,0.62,Rural,Gujarat,Delhi,0.32,0.72,0.39,12,False,0.53,0.25,0.08
GoDigit,Motor,Commercial Misc,Package,Annual,Addon,Tyre Protect,Addon Claim,Addon Trigger,Low,High,60000,800000,Yes,No,Yes,Medium,Medium,High,Invoice|Survey Report,Addon Conditions Not Met,Loss Heavy,0.05,0.9,3000.0,1.08,0.69,Rural,Tamil Nadu,Delhi,0.47,0.3,0.67,7,False,0.84,0.25,0.08
GoDigit,Motor,Commercial Misc,Package,Annual,Addon,Roadside Assistance,Addon Claim,Addon Trigger,Low,High,60000,800000,Yes,No,Yes,Medium,Medium,High,Invoice|Survey Report,Addon Conditions Not Met,Loss Heavy,0.05,0.9,3000.0,1.08,0.35,Metro,Gujarat,Chennai,0.8,0.6,0.52,11,False,0.55,0.25,0.08
GoDigit,Motor,Commercial Misc,Package,Annual,Addon,NCB Protect,Addon Claim,Addon Trigger,Low,High,60000,800000,Yes,No,Yes,Medium,Medium,High,Invoice|Survey Report,Addon Conditions Not Met,Loss Heavy,0.05,0.9,3000.0,1.08,0.39,Urban,Delhi,Chennai,0.86,0.7,0.79,13,False,0.58,0.25,0.08
GoDigit,Motor,Commercial Misc,Package,Annual,Addon,Return to Invoice,Addon Claim,Addon Trigger,Low,High,60000,800000,Yes,No,Yes,Medium,Medium,High,Invoice|Survey Report,Addon Conditions Not Met,Loss Heavy,0.05,0.9,3000.0,1.08,0.51,Rural,Karnataka,Mumbai,0.81,0.24,0.62,13,False,0.78,0.25,0.08
GoDigit,Motor,Commercial Misc,Package,Annual,Addon,Invoice Cover,Addon Claim,Addon Trigger,Low,High,60000,800000,Yes,No,Yes,Medium,Medium,High,Invoice|Survey Report,Addon Conditions Not Met,Loss Heavy,0.05,0.9,3000.0,1.08,0.31,Urban,Tamil Nadu,Delhi,0.59,0.35,0.68,12,False,0.68,0.25,0.08
GoDigit,Motor,Commercial Misc,Package,Annual,Addon,PAYD Benefit,Addon Claim,Addon Trigger,Low,High,60000,800000,Yes,No,Yes,Medium,Medium,High,Invoice|Survey Report,Addon Conditions Not Met,Loss Heavy,0.05,0.9,3000.0,1.08,0.5,Metro,Gujarat,Delhi,0.37,0.51,0.65,9,False,0.62,0.25,0.08
GoDigit,Motor,Commercial Misc,Package,Annual,Addon,EV Addon,Addon Claim,Addon Trigger,Low,High,60000,800000,Yes,No,Yes,Medium,Medium,High,Invoice|Survey Report,Addon Conditions Not Met,Loss Heavy,0.05,0.9,3000.0,1.08,0.64,Rural,Karnataka,Delhi,0.86,0.41,0.48,7,False,0.76,0.25,0.08
GoDigit,Motor,Commercial Misc,Package,Annual,Addon,EMI Protector,Addon Claim,Addon Trigger,Low,High,60000,800000,Yes,No,Yes,Medium,Medium,High,Invoice|Survey Report,Addon Conditions Not Met,Loss Heavy,0.05,0.9,3000.0,1.08,0.61,Metro,Karnataka,Mumbai,0.8,0.79,0.32,7,False,0.74,0.25,0.08
GoDigit,Motor,Commercial Misc,Package,Annual,Addon,Loss of Use,Addon Claim,Addon Trigger,Low,High,60000,800000,Yes,No,Yes,Medium,Medium,High,Invoice|Survey Report,Addon Conditions Not Met,Loss Heavy,0.05,0.9,3000.0,1.08,0.31,Rural,Maharashtra,Chennai,0.36,0.41,0.4,13,False,0.53,0.25,0.08
GoDigit,Motor,Commercial Misc,Package,Annual,Addon,Key Protect,Addon Claim,Addon Trigger,Low,High,60000,800000,Yes,No,Yes,Medium,Medium,High,Invoice|Survey Report,Addon Conditions Not Met,Loss Heavy,0.05,0.9,3000.0,1.08,0.32,Urban,Maharashtra,Delhi,0.59,0.77,0.58,14,False,0.53,0.25,0.08
GoDigit,Motor,Commercial Misc,Package,Annual,Addon,Personal Belongings,Addon Claim,Addon Trigger,Low,High,60000,800000,Yes,No,Yes,Medium,Medium,High,Invoice|Survey Report,Addon Conditions Not Met,Loss Heavy,0.05,0.9,3000.0,1.08,0.65,Urban,Tamil Nadu,Bangalore,0.32,0.67,0.57,10,False,0.79,0.25,0.08
GoDigit,Motor,Commercial Misc,Bundled,Annual,Base,Own Damage,Accident / Liability,Policy Defined Event,Medium,Medium,35000,300000,Yes,Yes,Yes,Medium,Low,Medium,Claim Form|FIR|Photos,Policy Breach,Balanced,0.15,0.9,5250.0,1.08,0.26,Metro,Gujarat,Mumbai,0.76,0.25,0.63,13,False,0.62,0.25,0.03
GoDigit,Motor,Commercial Misc,Bundled,Annual,Base,Third Party,Accident / Liability,Policy Defined Event,Medium,Medium,35000,300000,Yes,Yes,Yes,Medium,Low,Medium,Claim Form|FIR|Photos,Policy Breach,Balanced,0.15,0.9,5250.0,1.08,0.45,Rural,Maharashtra,Ahmedabad,0.45,0.29,0.42,9,False,0.8,0.25,0.03
GoDigit,Motor,Commercial Misc,Bundled,Annual,Base,Personal Accident,Accident / Liability,Policy Defined Event,Medium,Medium,35000,300000,Yes,Yes,Yes,Medium,Low,Medium,Claim Form|FIR|Photos,Policy Breach,Balanced,0.15,0.9,5250.0,1.08,0.59,Urban,Tamil Nadu,Delhi,0.57,0.49,0.33,10,False,0.69,0.25,0.03
GoDigit,Motor,Commercial Misc,Bundled,Annual,Addon,Zero Depreciation,Addon Claim,Addon Trigger,Low,High,60000,800000,Yes,No,Yes,Medium,Medium,High,Invoice|Survey Report,Addon Conditions Not Met,Loss Heavy,0.05,0.9,3000.0,1.08,0.44,Rural,Karnataka,Bangalore,0.61,0.26,0.81,9,False,0.8,0.25,0.08
GoDigit,Motor,Commercial Misc,Bundled,Annual,Addon,Engine Protect,Addon Claim,Addon Trigger,Low,High,60000,800000,Yes,No,Yes,Medium,Medium,High,Invoice|Survey Report,Addon Conditions Not Met,Loss Heavy,0.05,0.9,3000.0,1.08,0.35,Urban,Delhi,Chennai,0.46,0.5,0.55,11,False,0.54,0.25,0.08
GoDigit,Motor,Commercial Misc,Bundled,Annual,Addon,Gearbox Protect,Addon Claim,Addon Trigger,Low,High,60000,800000,Yes,No,Yes,Medium,Medium,High,Invoice|Survey Report,Addon Conditions Not Met,Loss Heavy,0.05,0.9,3000.0,1.08,0.7,Rural,Delhi,Bangalore,0.51,0.69,0.64,13,False,0.73,0.25,0.08
GoDigit,Motor,Commercial Misc,Bundled,Annual,Addon,Consumables,Addon Claim,Addon Trigger,Low,High,60000,800000,Yes,No,Yes,Medium,Medium,High,Invoice|Survey Report,Addon Conditions Not Met,Loss Heavy,0.05,0.9,3000.0,1.08,0.35,Urban,Maharashtra,Bangalore,0.72,0.33,0.63,9,False,0.67,0.25,0.08
GoDigit,Motor,Commercial Misc,Bundled,Annual,Addon,Tyre Protect,Addon Claim,Addon Trigger,Low,High,60000,800000,Yes,No,Yes,Medium,Medium,High,Invoice|Survey Report,Addon Conditions Not Met,Loss Heavy,0.05,0.9,3000.0,1.08,0.4,Urban,Delhi,Ahmedabad,0.48,0.54,0.36,10,False,0.65,0.25,0.08
GoDigit,Motor,Commercial Misc,Bundled,Annual,Addon,Roadside Assistance,Addon Claim,Addon Trigger,Low,High,60000,800000,Yes,No,Yes,Medium,Medium,High,Invoice|Survey Report,Addon Conditions Not Met,Loss Heavy,0.05,0.9,3000.0,1.08,0.53,Urban,Tamil Nadu,Bangalore,0.79,0.38,0.84,13,False,0.55,0.25,0.08
GoDigit,Motor,Commercial Misc,Bundled,Annual,Addon,NCB Protect,Addon Claim,Addon Trigger,Low,High,60000,800000,Yes,No,Yes,Medium,Medium,High,Invoice|Survey Report,Addon Conditions Not Met,Loss Heavy,0.05,0.9,3000.0,1.08,0.36,Rural,Tamil Nadu,Chennai,0.51,0.64,0.54,13,False,0.66,0.25,0.08
GoDigit,Motor,Commercial Misc,Bundled,Annual,Addon,Return to Invoice,Addon Claim,Addon Trigger,Low,High,60000,800000,Yes,No,Yes,Medium,Medium,High,Invoice|Survey Report,Addon Conditions Not Met,Loss Heavy,0.05,0.9,3000.0,1.08,0.3,Rural,Karnataka,Mumbai,0.41,0.53,0.89,10,False,0.83,0.25,0.08
GoDigit,Motor,Commercial Misc,Bundled,Annual,Addon,Invoice Cover,Addon Claim,Addon Trigger,Low,High,60000,800000,Yes,No,Yes,Medium,Medium,High,Invoice|Survey Report,Addon Conditions Not Met,Loss Heavy,0.05,0.9,3000.0,1.08,0.3,Rural,Delhi,Delhi,0.63,0.52,0.89,10,False,0.52,0.25,0.08
GoDigit,Motor,Commercial Misc,Bundled,Annual,Addon,PAYD Benefit,Addon Claim,Addon Trigger,Low,High,60000,800000,Yes,No,Yes,Medium,Medium,High,Invoice|Survey Report,Addon Conditions Not Met,Loss Heavy,0.05,0.9,3000.0,1.08,0.28,Rural,Tamil Nadu,Ahmedabad,0.72,0.4,0.51,13,False,0.72,0.25,0.08
GoDigit,Motor,Commercial Misc,Bundled,Annual,Addon,EV Addon,Addon Claim,Addon Trigger,Low,High,60000,800000,Yes,No,Yes,Medium,Medium,High,Invoice|Survey Report,Addon Conditions Not Met,Loss Heavy,0.05,0.9,3000.0,1.08,0.51,Urban,Maharashtra,Bangalore,0.84,0.41,0.51,8,False,0.62,0.25,0.08
GoDigit,Motor,Commercial Misc,Bundled,Annual,Addon,EMI Protector,Addon Claim,Addon Trigger,Low,High,60000,800000,Yes,No,Yes,Medium,Medium,High,Invoice|Survey Report,Addon Conditions Not Met,Loss Heavy,0.05,0.9,3000.0,1.08,0.56,Rural,Gujarat,Bangalore,0.78,0.34,0.85,11,False,0.71,0.25,0.08
GoDigit,Motor,Commercial Misc,Bundled,Annual,Addon,Loss of Use,Addon Claim,Addon Trigger,Low,High,60000,800000,Yes,No,Yes,Medium,Medium,High,Invoice|Survey Report,Addon Conditions Not Met,Loss Heavy,0.05,0.9,3000.0,1.08,0.53,Rural,Gujarat,Delhi,0.38,0.63,0.42,13,False,0.76,0.25,0.08
GoDigit,Motor,Commercial Misc,Bundled,Annual,Addon,Key Protect,Addon Claim,Addon Trigger,Low,High,60000,800000,Yes,No,Yes,Medium,Medium,High,Invoice|Survey Report,Addon Conditions Not Met,Loss Heavy,0.05,0.9,3000.0,1.08,0.38,Metro,Maharashtra,Mumbai,0.37,0.55,0.55,8,False,0.74,0.25,0.08
GoDigit,Motor,Commercial Misc,Bundled,Annual,Addon,Personal Belongings,Addon Claim,Addon Trigger,Low,High,60000,800000,Yes,No,Yes,Medium,Medium,High,Invoice|Survey Report,Addon Conditions Not Met,Loss Heavy,0.05,0.9,3000.0,1.08,0.69,Rural,Gujarat,Mumbai,0.66,0.21,0.52,7,False,0.52,0.25,0.08
GoDigit,Motor,Commercial Misc,Standalone Own Damage,Annual,Base,Own Damage,Accident / Liability,Policy Defined Event,Medium,Medium,35000,300000,Yes,Yes,Yes,Medium,Low,Medium,Claim Form|FIR|Photos,Policy Breach,Balanced,0.15,0.9,5250.0,1.08,0.66,Rural,Karnataka,Delhi,0.63,0.25,0.71,7,False,0.83,0.25,0.03
GoDigit,Motor,Commercial Misc,Standalone Own Damage,Annual,Base,Personal Accident,Accident / Liability,Policy Defined Event,Medium,Medium,35000,300000,Yes,Yes,Yes,Medium,Low,Medium,Claim Form|FIR|Photos,Policy Breach,Balanced,0.15,0.9,5250.0,1.08,0.29,Urban,Karnataka,Delhi,0.41,0.23,0.85,7,False,0.8,0.25,0.03
GoDigit,Motor,Commercial Misc,Standalone Own Damage,Annual,Addon,Zero Depreciation,Addon Claim,Addon Trigger,Low,High,60000,800000,Yes,No,Yes,Medium,Medium,High,Invoice|Survey Report,Addon Conditions Not Met,Loss Heavy,0.05,0.9,3000.0,1.08,0.63,Metro,Maharashtra,Ahmedabad,0.87,0.54,0.44,10,False,0.63,0.25,0.08
GoDigit,Motor,Commercial Misc,Standalone Own Damage,Annual,Addon,Engine Protect,Addon Claim,Addon Trigger,Low,High,60000,800000,Yes,No,Yes,Medium,Medium,High,Invoice|Survey Report,Addon Conditions Not Met,Loss Heavy,0.05,0.9,3000.0,1.08,0.46,Urban,Gujarat,Ahmedabad,0.77,0.5,0.85,11,False,0.68,0.25,0.08
GoDigit,Motor,Commercial Misc,Standalone Own Damage,Annual,Addon,Gearbox Protect,Addon Claim,Addon Trigger,Low,High,60000,800000,Yes,No,Yes,Medium,Medium,High,Invoice|Survey Report,Addon Conditions Not Met,Loss Heavy,0.05,0.9,3000.0,1.08,0.55,Rural,Delhi,Chennai,0.68,0.36,0.45,7,False,0.56,0.25,0.08
GoDigit,Motor,Commercial Misc,Standalone Own Damage,Annual,Addon,Consumables,Addon Claim,Addon Trigger,Low,High,60000,800000,Yes,No,Yes,Medium,Medium,High,Invoice|Survey Report,Addon Conditions Not Met,Loss Heavy,0.05,0.9,3000.0,1.08,0.34,Metro,Karnataka,Mumbai,0.63,0.57,0.68,9,False,0.75,0.25,0.08
GoDigit,Motor,Commercial Misc,Standalone Own Damage,Annual,Addon,Tyre Protect,Addon Claim,Addon Trigger,Low,High,60000,800000,Yes,No,Yes,Medium,Medium,High,Invoice|Survey Report,Addon Conditions Not Met,Loss Heavy,0.05,0.9,3000.0,1.08,0.23,Urban,Maharashtra,Bangalore,0.32,0.3,0.78,14,False,0.57,0.25,0.08
GoDigit,Motor,Commercial Misc,Standalone Own Damage,Annual,Addon,Roadside Assistance,Addon Claim,Addon Trigger,Low,High,60000,800000,Yes,No,Yes,Medium,Medium,High,Invoice|Survey Report,Addon Conditions Not Met,Loss Heavy,0.05,0.9,3000.0,1.08,0.34,Rural,Gujarat,Chennai,0.49,0.47,0.64,14,False,0.67,0.25,0.08
GoDigit,Motor,Commercial Misc,Standalone Own Damage,Annual,Addon,NCB Protect,Addon Claim,Addon Trigger,Low,High,60000,800000,Yes,No,Yes,Medium,Medium,High,Invoice|Survey Report,Addon Conditions Not Met,Loss Heavy,0.05,0.9,3000.0,1.08,0.55,Urban,Tamil Nadu,Delhi,0.32,0.37,0.44,12,False,0.8,0.25,0.08
GoDigit,Motor,Commercial Misc,Standalone Own Damage,Annual,Addon,Return to Invoice,Addon Claim,Addon Trigger,Low,High,60000,800000,Yes,No,Yes,Medium,Medium,High,Invoice|Survey Report,Addon Conditions Not Met,Loss Heavy,0.05,0.9,3000.0,1.08,0.34,Urban,Maharashtra,Ahmedabad,0.82,0.38,0.9,12,False,0.66,0.25,0.08
GoDigit,Motor,Commercial Misc,Standalone Own Damage,Annual,Addon,Invoice Cover,Addon Claim,Addon Trigger,Low,High,60000,800000,Yes,No,Yes,Medium,Medium,High,Invoice|Survey Report,Addon Conditions Not Met,Loss Heavy,0.05,0.9,3000.0,1.08,0.3,Urban,Karnataka,Chennai,0.77,0.69,0.34,14,False,0.84,0.25,0.08
GoDigit,Motor,Commercial Misc,Standalone Own Damage,Annual,Addon,PAYD Benefit,Addon Claim,Addon Trigger,Low,High,60000,800000,Yes,No,Yes,Medium,Medium,High,Invoice|Survey Report,Addon Conditions Not Met,Loss Heavy,0.05,0.9,3000.0,1.08,0.34,Rural,Karnataka,Chennai,0.3,0.55,0.67,8,False,0.77,0.25,0.08
GoDigit,Motor,Commercial Misc,Standalone Own Damage,Annual,Addon,EV Addon,Addon Claim,Addon Trigger,Low,High,60000,800000,Yes,No,Yes,Medium,Medium,High,Invoice|Survey Report,Addon Conditions Not Met,Loss Heavy,0.05,0.9,3000.0,1.08,0.21,Metro,Karnataka,Ahmedabad,0.3,0.32,0.79,13,False,0.73,0.25,0.08
GoDigit,Motor,Commercial Misc,Standalone Own Damage,Annual,Addon,EMI Protector,Addon Claim,Addon Trigger,Low,High,60000,800000,Yes,No,Yes,Medium,Medium,High,Invoice|Survey Report,Addon Conditions Not Met,Loss Heavy,0.05,0.9,3000.0,1.08,0.7,Metro,Gujarat,Chennai,0.44,0.53,0.75,12,False,0.51,0.25,0.08
GoDigit,Motor,Commercial Misc,Standalone Own Damage,Annual,Addon,Loss of Use,Addon Claim,Addon Trigger,Low,High,60000,800000,Yes,No,Yes,Medium,Medium,High,Invoice|Survey Report,Addon Conditions Not Met,Loss Heavy,0.05,0.9,3000.0,1.08,0.67,Rural,Delhi,Ahmedabad,0.48,0.64,0.36,7,False,0.65,0.25,0.08
GoDigit,Motor,Commercial Misc,Standalone Own Damage,Annual,Addon,Key Protect,Addon Claim,Addon Trigger,Low,High,60000,800000,Yes,No,Yes,Medium,Medium,High,Invoice|Survey Report,Addon Conditions Not Met,Loss Heavy,0.05,0.9,3000.0,1.08,0.25,Rural,Gujarat,Chennai,0.31,0.48,0.55,10,False,0.82,0.25,0.08
GoDigit,Motor,Commercial Misc,Standalone Own Damage,Annual,Addon,Personal Belongings,Addon Claim,Addon Trigger,Low,High,60000,800000,Yes,No,Yes,Medium,Medium,High,Invoice|Survey Report,Addon Conditions Not Met,Loss Heavy,0.05,0.9,3000.0,1.08,0.59,Urban,Tamil Nadu,Mumbai,0.64,0.33,0.4,13,False,0.79,0.25,0.08
GoDigit,Motor,Commercial Misc,Liability Only,Annual,Base,Third Party,Accident / Liability,Policy Defined Event,Medium,Medium,35000,300000,Yes,Yes,Yes,Medium,Low,Medium,Claim Form|FIR|Photos,Policy Breach,Balanced,0.15,0.9,5250.0,1.08,0.47,Metro,Delhi,Mumbai,0.59,0.7,0.72,13,False,0.81,0.25,0.03
GoDigit,Motor,Commercial Misc,Liability Only,Annual,Base,Personal Accident,Accident / Liability,Policy Defined Event,Medium,Medium,35000,300000,Yes,Yes,Yes,Medium,Low,Medium,Claim Form|FIR|Photos,Policy Breach,Balanced,0.15,0.9,5250.0,1.08,0.35,Rural,Karnataka,Delhi,0.88,0.56,0.86,10,False,0.85,0.25,0.03
GoDigit,Motor,Commercial Misc,Long Term Package,Annual,Base,Own Damage,Accident / Liability,Policy Defined Event,Medium,Medium,35000,300000,Yes,Yes,Yes,Medium,Low,Medium,Claim Form|FIR|Photos,Policy Breach,Balanced,0.15,0.9,5250.0,1.08,0.45,Rural,Tamil Nadu,Bangalore,0.77,0.23,0.73,11,False,0.53,0.25,0.03
GoDigit,Motor,Commercial Misc,Long Term Package,Annual,Base,Third Party,Accident / Liability,Policy Defined Event,Medium,Medium,35000,300000,Yes,Yes,Yes,Medium,Low,Medium,Claim Form|FIR|Photos,Policy Breach,Balanced,0.15,0.9,5250.0,1.08,0.21,Urban,Delhi,Delhi,0.86,0.63,0.39,9,False,0.76,0.25,0.03
GoDigit,Motor,Commercial Misc,Long Term Package,Annual,Base,Personal Accident,Accident / Liability,Policy Defined Event,Medium,Medium,35000,300000,Yes,Yes,Yes,Medium,Low,Medium,Claim Form|FIR|Photos,Policy Breach,Balanced,0.15,0.9,5250.0,1.08,0.57,Urban,Delhi,Ahmedabad,0.87,0.63,0.31,14,False,0.7,0.25,0.03
GoDigit,Motor,Commercial Misc,Long Term Package,Annual,Addon,Zero Depreciation,Addon Claim,Addon Trigger,Low,High,60000,800000,Yes,No,Yes,Medium,Medium,High,Invoice|Survey Report,Addon Conditions Not Met,Loss Heavy,0.05,0.9,3000.0,1.08,0.6,Metro,Gujarat,Delhi,0.73,0.79,0.78,7,False,0.84,0.25,0.08
GoDigit,Motor,Commercial Misc,Long Term Package,Annual,Addon,Engine Protect,Addon Claim,Addon Trigger,Low,High,60000,800000,Yes,No,Yes,Medium,Medium,High,Invoice|Survey Report,Addon Conditions Not Met,Loss Heavy,0.05,0.9,3000.0,1.08,0.56,Rural,Maharashtra,Bangalore,0.81,0.56,0.89,10,False,0.62,0.25,0.08
GoDigit,Motor,Commercial Misc,Long Term Package,Annual,Addon,Gearbox Protect,Addon Claim,Addon Trigger,Low,High,60000,800000,Yes,No,Yes,Medium,Medium,High,Invoice|Survey Report,Addon Conditions Not Met,Loss Heavy,0.05,0.9,3000.0,1.08,0.29,Metro,Karnataka,Bangalore,0.4,0.62,0.56,7,False,0.71,0.25,0.08
GoDigit,Motor,Commercial Misc,Long Term Package,Annual,Addon,Consumables,Addon Claim,Addon Trigger,Low,High,60000,800000,Yes,No,Yes,Medium,Medium,High,Invoice|Survey Report,Addon Conditions Not Met,Loss Heavy,0.05,0.9,3000.0,1.08,0.59,Urban,Karnataka,Mumbai,0.89,0.26,0.49,11,False,0.75,0.25,0.08
GoDigit,Motor,Commercial Misc,Long Term Package,Annual,Addon,Tyre Protect,Addon Claim,Addon Trigger,Low,High,60000,800000,Yes,No,Yes,Medium,Medium,High,Invoice|Survey Report,Addon Conditions Not Met,Loss Heavy,0.05,0.9,3000.0,1.08,0.66,Rural,Tamil Nadu,Chennai,0.56,0.35,0.57,14,False,0.65,0.25,0.08
GoDigit,Motor,Commercial Misc,Long Term Package,Annual,Addon,Roadside Assistance,Addon Claim,Addon Trigger,Low,High,60000,800000,Yes,No,Yes,Medium,Medium,High,Invoice|Survey Report,Addon Conditions Not Met,Loss Heavy,0.05,0.9,3000.0,1.08,0.33,Rural,Delhi,Bangalore,0.35,0.54,0.51,7,False,0.6,0.25,0.08
GoDigit,Motor,Commercial Misc,Long Term Package,Annual,Addon,NCB Protect,Addon Claim,Addon Trigger,Low,High,60000,800000,Yes,No,Yes,Medium,Medium,High,Invoice|Survey Report,Addon Conditions Not Met,Loss Heavy,0.05,0.9,3000.0,1.08,0.31,Urban,Delhi,Delhi,0.66,0.5,0.67,9,False,0.62,0.25,0.08
GoDigit,Motor,Commercial Misc,Long Term Package,Annual,Addon,Return to Invoice,Addon Claim,Addon Trigger,Low,High,60000,800000,Yes,No,Yes,Medium,Medium,High,Invoice|Survey Report,Addon Conditions Not Met,Loss Heavy,0.05,0.9,3000.0,1.08,0.58,Rural,Maharashtra,Ahmedabad,0.74,0.48,0.69,7,False,0.82,0.25,0.08
GoDigit,Motor,Commercial Misc,Long Term Package,Annual,Addon,Invoice Cover,Addon Claim,Addon Trigger,Low,High,60000,800000,Yes,No,Yes,Medium,Medium,High,Invoice|Survey Report,Addon Conditions Not Met,Loss Heavy,0.05,0.9,3000.0,1.08,0.31,Metro,Tamil Nadu,Chennai,0.62,0.39,0.49,8,False,0.83,0.25,0.08
GoDigit,Motor,Commercial Misc,Long Term Package,Annual,Addon,PAYD Benefit,Addon Claim,Addon Trigger,Low,High,60000,800000,Yes,No,Yes,Medium,Medium,High,Invoice|Survey Report,Addon Conditions Not Met,Loss Heavy,0.05,0.9,3000.0,1.08,0.42,Urban,Maharashtra,Chennai,0.49,0.7,0.46,10,False,0.65,0.25,0.08
GoDigit,Motor,Commercial Misc,Long Term Package,Annual,Addon,EV Addon,Addon Claim,Addon Trigger,Low,High,60000,800000,Yes,No,Yes,Medium,Medium,High,Invoice|Survey Report,Addon Conditions Not Met,Loss Heavy,0.05,0.9,3000.0,1.08,0.22,Rural,Tamil Nadu,Chennai,0.51,0.59,0.78,12,False,0.63,0.25,0.08
GoDigit,Motor,Commercial Misc,Long Term Package,Annual,Addon,EMI Protector,Addon Claim,Addon Trigger,Low,High,60000,800000,Yes,No,Yes,Medium,Medium,High,Invoice|Survey Report,Addon Conditions Not Met,Loss Heavy,0.05,0.9,3000.0,1.08,0.35,Metro,Delhi,Mumbai,0.77,0.33,0.85,12,False,0.85,0.25,0.08
GoDigit,Motor,Commercial Misc,Long Term Package,Annual,Addon,Loss of Use,Addon Claim,Addon Trigger,Low,High,60000,800000,Yes,No,Yes,Medium,Medium,High,Invoice|Survey Report,Addon Conditions Not Met,Loss Heavy,0.05,0.9,3000.0,1.08,0.58,Metro,Gujarat,Chennai,0.36,0.75,0.84,12,False,0.78,0.25,0.08
GoDigit,Motor,Commercial Misc,Long Term Package,Annual,Addon,Key Protect,Addon Claim,Addon Trigger,Low,High,60000,800000,Yes,No,Yes,Medium,Medium,High,Invoice|Survey Report,Addon Conditions Not Met,Loss Heavy,0.05,0.9,3000.0,1.08,0.22,Rural,Delhi,Chennai,0.84,0.75,0.34,10,False,0.67,0.25,0.08
GoDigit,Motor,Commercial Misc,Long Term Package,Annual,Addon,Personal Belongings,Addon Claim,Addon Trigger,Low,High,60000,800000,Yes,No,Yes,Medium,Medium,High,Invoice|Survey Report,Addon Conditions Not Met,Loss Heavy,0.05,0.9,3000.0,1.08,0.4,Metro,Delhi,Bangalore,0.75,0.67,0.86,13,False,0.66,0.25,0.08
GoDigit,Motor,Trailer,Package,Annual,Base,Own Damage,Accident / Liability,Policy Defined Event,Medium,Medium,35000,300000,Yes,Yes,Yes,Medium,Low,Medium,Claim Form|FIR|Photos,Policy Breach,Balanced,0.15,0.9,5250.0,1.08,0.24,Urban,Tamil Nadu,Delhi,0.67,0.65,0.84,7,False,0.82,0.25,0.03
GoDigit,Motor,Trailer,Package,Annual,Base,Third Party,Accident / Liability,Policy Defined Event,Medium,Medium,35000,300000,Yes,Yes,Yes,Medium,Low,Medium,Claim Form|FIR|Photos,Policy Breach,Balanced,0.15,0.9,5250.0,1.08,0.56,Metro,Delhi,Mumbai,0.88,0.45,0.85,8,False,0.83,0.25,0.03
GoDigit,Motor,Trailer,Package,Annual,Base,Personal Accident,Accident / Liability,Policy Defined Event,Medium,Medium,35000,300000,Yes,Yes,Yes,Medium,Low,Medium,Claim Form|FIR|Photos,Policy Breach,Balanced,0.15,0.9,5250.0,1.08,0.43,Metro,Karnataka,Bangalore,0.43,0.74,0.84,7,False,0.51,0.25,0.03
GoDigit,Motor,Trailer,Package,Annual,Addon,Zero Depreciation,Addon Claim,Addon Trigger,Low,High,60000,800000,Yes,No,Yes,Medium,Medium,High,Invoice|Survey Report,Addon Conditions Not Met,Loss Heavy,0.05,0.9,3000.0,1.08,0.4,Metro,Tamil Nadu,Bangalore,0.62,0.24,0.89,9,False,0.55,0.25,0.08
GoDigit,Motor,Trailer,Package,Annual,Addon,Engine Protect,Addon Claim,Addon Trigger,Low,High,60000,800000,Yes,No,Yes,Medium,Medium,High,Invoice|Survey Report,Addon Conditions Not Met,Loss Heavy,0.05,0.9,3000.0,1.08,0.64,Metro,Karnataka,Chennai,0.52,0.28,0.71,13,False,0.73,0.25,0.08
GoDigit,Motor,Trailer,Package,Annual,Addon,Gearbox Protect,Addon Claim,Addon Trigger,Low,High,60000,800000,Yes,No,Yes,Medium,Medium,High,Invoice|Survey Report,Addon Conditions Not Met,Loss Heavy,0.05,0.9,3000.0,1.08,0.5,Rural,Gujarat,Ahmedabad,0.74,0.71,0.81,9,False,0.63,0.25,0.08
GoDigit,Motor,Trailer,Package,Annual,Addon,Consumables,Addon Claim,Addon Trigger,Low,High,60000,800000,Yes,No,Yes,Medium,Medium,High,Invoice|Survey Report,Addon Conditions Not Met,Loss Heavy,0.05,0.9,3000.0,1.08,0.6,Metro,Maharashtra,Delhi,0.61,0.22,0.36,14,False,0.68,0.25,0.08
GoDigit,Motor,Trailer,Package,Annual,Addon,Tyre Protect,Addon Claim,Addon Trigger,Low,High,60000,800000,Yes,No,Yes,Medium,Medium,High,Invoice|Survey Report,Addon Conditions Not Met,Loss Heavy,0.05,0.9,3000.0,1.08,0.67,Metro,Gujarat,Ahmedabad,0.84,0.44,0.8,10,False,0.6,0.25,0.08
GoDigit,Motor,Trailer,Package,Annual,Addon,Roadside Assistance,Addon Claim,Addon Trigger,Low,High,60000,800000,Yes,No,Yes,Medium,Medium,High,Invoice|Survey Report,Addon Conditions Not Met,Loss Heavy,0.05,0.9,3000.0,1.08,0.55,Metro,Karnataka,Bangalore,0.4,0.78,0.72,12,False,0.67,0.25,0.08
GoDigit,Motor,Trailer,Package,Annual,Addon,NCB Protect,Addon Claim,Addon Trigger,Low,High,60000,800000,Yes,No,Yes,Medium,Medium,High,Invoice|Survey Report,Addon Conditions Not Met,Loss Heavy,0.05,0.9,3000.0,1.08,0.24,Metro,Karnataka,Mumbai,0.8,0.7,0.43,14,False,0.61,0.25,0.08
GoDigit,Motor,Trailer,Package,Annual,Addon,Return to Invoice,Addon Claim,Addon Trigger,Low,High,60000,800000,Yes,No,Yes,Medium,Medium,High,Invoice|Survey Report,Addon Conditions Not Met,Loss Heavy,0.05,0.9,3000.0,1.08,0.67,Metro,Delhi,Mumbai,0.87,0.78,0.33,8,False,0.82,0.25,0.08
GoDigit,Motor,Trailer,Package,Annual,Addon,Invoice Cover,Addon Claim,Addon Trigger,Low,High,60000,800000,Yes,No,Yes,Medium,Medium,High,Invoice|Survey Report,Addon Conditions Not Met,Loss Heavy,0.05,0.9,3000.0,1.08,0.58,Rural,Karnataka,Ahmedabad,0.87,0.23,0.79,9,False,0.8,0.25,0.08
GoDigit,Motor,Trailer,Package,Annual,Addon,PAYD Benefit,Addon Claim,Addon Trigger,Low,High,60000,800000,Yes,No,Yes,Medium,Medium,High,Invoice|Survey Report,Addon Conditions Not Met,Loss Heavy,0.05,0.9,3000.0,1.08,0.53,Metro,Gujarat,Bangalore,0.71,0.36,0.7,11,False,0.6,0.25,0.08
GoDigit,Motor,Trailer,Package,Annual,Addon,EV Addon,Addon Claim,Addon Trigger,Low,High,60000,800000,Yes,No,Yes,Medium,Medium,High,Invoice|Survey Report,Addon Conditions Not Met,Loss Heavy,0.05,0.9,3000.0,1.08,0.66,Metro,Delhi,Chennai,0.76,0.28,0.78,13,False,0.82,0.25,0.08
GoDigit,Motor,Trailer,Package,Annual,Addon,EMI Protector,Addon Claim,Addon Trigger,Low,High,60000,800000,Yes,No,Yes,Medium,Medium,High,Invoice|Survey Report,Addon Conditions Not Met,Loss Heavy,0.05,0.9,3000.0,1.08,0.66,Urban,Delhi,Bangalore,0.32,0.35,0.36,14,False,0.79,0.25,0.08
GoDigit,Motor,Trailer,Package,Annual,Addon,Loss of Use,Addon Claim,Addon Trigger,Low,High,60000,800000,Yes,No,Yes,Medium,Medium,High,Invoice|Survey Report,Addon Conditions Not Met,Loss Heavy,0.05,0.9,3000.0,1.08,0.21,Metro,Gujarat,Delhi,0.71,0.68,0.81,13,False,0.69,0.25,0.08
GoDigit,Motor,Trailer,Package,Annual,Addon,Key Protect,Addon Claim,Addon Trigger,Low,High,60000,800000,Yes,No,Yes,Medium,Medium,High,Invoice|Survey Report,Addon Conditions Not Met,Loss Heavy,0.05,0.9,3000.0,1.08,0.42,Metro,Gujarat,Bangalore,0.51,0.7,0.77,13,False,0.81,0.25,0.08
GoDigit,Motor,Trailer,Package,Annual,Addon,Personal Belongings,Addon Claim,Addon Trigger,Low,High,60000,800000,Yes,No,Yes,Medium,Medium,High,Invoice|Survey Report,Addon Conditions Not Met,Loss Heavy,0.05,0.9,3000.0,1.08,0.59,Urban,Karnataka,Chennai,0.63,0.43,0.34,10,False,0.59,0.25,0.08
GoDigit,Motor,Trailer,Bundled,Annual,Base,Own Damage,Accident / Liability,Policy Defined Event,Medium,Medium,35000,300000,Yes,Yes,Yes,Medium,Low,Medium,Claim Form|FIR|Photos,Policy Breach,Balanced,0.15,0.9,5250.0,1.08,0.61,Urban,Tamil Nadu,Mumbai,0.8,0.64,0.32,11,False,0.69,0.25,0.03
GoDigit,Motor,Trailer,Bundled,Annual,Base,Third Party,Accident / Liability,Policy Defined Event,Medium,Medium,35000,300000,Yes,Yes,Yes,Medium,Low,Medium,Claim Form|FIR|Photos,Policy Breach,Balanced,0.15,0.9,5250.0,1.08,0.67,Rural,Delhi,Delhi,0.5,0.8,0.51,9,False,0.73,0.25,0.03
GoDigit,Motor,Trailer,Bundled,Annual,Base,Personal Accident,Accident / Liability,Policy Defined Event,Medium,Medium,35000,300000,Yes,Yes,Yes,Medium,Low,Medium,Claim Form|FIR|Photos,Policy Breach,Balanced,0.15,0.9,5250.0,1.08,0.53,Metro,Delhi,Ahmedabad,0.39,0.31,0.38,12,False,0.66,0.25,0.03
GoDigit,Motor,Trailer,Bundled,Annual,Addon,Zero Depreciation,Addon Claim,Addon Trigger,Low,High,60000,800000,Yes,No,Yes,Medium,Medium,High,Invoice|Survey Report,Addon Conditions Not Met,Loss Heavy,0.05,0.9,3000.0,1.08,0.47,Urban,Tamil Nadu,Chennai,0.86,0.29,0.37,14,False,0.61,0.25,0.08
GoDigit,Motor,Trailer,Bundled,Annual,Addon,Engine Protect,Addon Claim,Addon Trigger,Low,High,60000,800000,Yes,No,Yes,Medium,Medium,High,Invoice|Survey Report,Addon Conditions Not Met,Loss Heavy,0.05,0.9,3000.0,1.08,0.43,Metro,Maharashtra,Chennai,0.8,0.54,0.62,14,False,0.77,0.25,0.08
GoDigit,Motor,Trailer,Bundled,Annual,Addon,Gearbox Protect,Addon Claim,Addon Trigger,Low,High,60000,800000,Yes,No,Yes,Medium,Medium,High,Invoice|Survey Report,Addon Conditions Not Met,Loss Heavy,0.05,0.9,3000.0,1.08,0.55,Rural,Maharashtra,Ahmedabad,0.76,0.78,0.86,11,False,0.59,0.25,0.08
GoDigit,Motor,Trailer,Bundled,Annual,Addon,Consumables,Addon Claim,Addon Trigger,Low,High,60000,800000,Yes,No,Yes,Medium,Medium,High,Invoice|Survey Report,Addon Conditions Not Met,Loss Heavy,0.05,0.9,3000.0,1.08,0.29,Urban,Tamil Nadu,Bangalore,0.35,0.26,0.52,11,False,0.62,0.25,0.08
GoDigit,Motor,Trailer,Bundled,Annual,Addon,Tyre Protect,Addon Claim,Addon Trigger,Low,High,60000,800000,Yes,No,Yes,Medium,Medium,High,Invoice|Survey Report,Addon Conditions Not Met,Loss Heavy,0.05,0.9,3000.0,1.08,0.52,Metro,Tamil Nadu,Delhi,0.65,0.67,0.44,14,False,0.6,0.25,0.08
GoDigit,Motor,Trailer,Bundled,Annual,Addon,Roadside Assistance,Addon Claim,Addon Trigger,Low,High,60000,800000,Yes,No,Yes,Medium,Medium,High,Invoice|Survey Report,Addon Conditions Not Met,Loss Heavy,0.05,0.9,3000.0,1.08,0.39,Urban,Karnataka,Ahmedabad,0.82,0.26,0.33,7,False,0.53,0.25,0.08
GoDigit,Motor,Trailer,Bundled,Annual,Addon,NCB Protect,Addon Claim,Addon Trigger,Low,High,60000,800000,Yes,No,Yes,Medium,Medium,High,Invoice|Survey Report,Addon Conditions Not Met,Loss Heavy,0.05,0.9,3000.0,1.08,0.39,Metro,Delhi,Delhi,0.32,0.3,0.67,12,False,0.61,0.25,0.08
GoDigit,Motor,Trailer,Bundled,Annual,Addon,Return to Invoice,Addon Claim,Addon Trigger,Low,High,60000,800000,Yes,No,Yes,Medium,Medium,High,Invoice|Survey Report,Addon Conditions Not Met,Loss Heavy,0.05,0.9,3000.0,1.08,0.49,Urban,Delhi,Ahmedabad,0.53,0.62,0.59,10,False,0.85,0.25,0.08
GoDigit,Motor,Trailer,Bundled,Annual,Addon,Invoice Cover,Addon Claim,Addon Trigger,Low,High,60000,800000,Yes,No,Yes,Medium,Medium,High,Invoice|Survey Report,Addon Conditions Not Met,Loss Heavy,0.05,0.9,3000.0,1.08,0.58,Rural,Karnataka,Delhi,0.47,0.62,0.79,11,False,0.64,0.25,0.08
GoDigit,Motor,Trailer,Bundled,Annual,Addon,PAYD Benefit,Addon Claim,Addon Trigger,Low,High,60000,800000,Yes,No,Yes,Medium,Medium,High,Invoice|Survey Report,Addon Conditions Not Met,Loss Heavy,0.05,0.9,3000.0,1.08,0.65,Metro,Delhi,Mumbai,0.75,0.4,0.88,11,False,0.52,0.25,0.08
GoDigit,Motor,Trailer,Bundled,Annual,Addon,EV Addon,Addon Claim,Addon Trigger,Low,High,60000,800000,Yes,No,Yes,Medium,Medium,High,Invoice|Survey Report,Addon Conditions Not Met,Loss Heavy,0.05,0.9,3000.0,1.08,0.65,Metro,Delhi,Delhi,0.84,0.72,0.39,11,False,0.6,0.25,0.08
GoDigit,Motor,Trailer,Bundled,Annual,Addon,EMI Protector,Addon Claim,Addon Trigger,Low,High,60000,800000,Yes,No,Yes,Medium,Medium,High,Invoice|Survey Report,Addon Conditions Not Met,Loss Heavy,0.05,0.9,3000.0,1.08,0.6,Metro,Maharashtra,Bangalore,0.76,0.52,0.34,7,False,0.72,0.25,0.08
GoDigit,Motor,Trailer,Bundled,Annual,Addon,Loss of Use,Addon Claim,Addon Trigger,Low,High,60000,800000,Yes,No,Yes,Medium,Medium,High,Invoice|Survey Report,Addon Conditions Not Met,Loss Heavy,0.05,0.9,3000.0,1.08,0.38,Metro,Delhi,Mumbai,0.38,0.73,0.41,11,False,0.72,0.25,0.08
GoDigit,Motor,Trailer,Bundled,Annual,Addon,Key Protect,Addon Claim,Addon Trigger,Low,High,60000,800000,Yes,No,Yes,Medium,Medium,High,Invoice|Survey Report,Addon Conditions Not Met,Loss Heavy,0.05,0.9,3000.0,1.08,0.35,Rural,Delhi,Ahmedabad,0.58,0.66,0.72,12,False,0.76,0.25,0.08
GoDigit,Motor,Trailer,Bundled,Annual,Addon,Personal Belongings,Addon Claim,Addon Trigger,Low,High,60000,800000,Yes,No,Yes,Medium,Medium,High,Invoice|Survey Report,Addon Conditions Not Met,Loss Heavy,0.05,0.9,3000.0,1.08,0.36,Urban,Delhi,Delhi,0.55,0.57,0.31,14,False,0.59,0.25,0.08
GoDigit,Motor,Trailer,Standalone Own Damage,Annual,Base,Own Damage,Accident / Liability,Policy Defined Event,Medium,Medium,35000,300000,Yes,Yes,Yes,Medium,Low,Medium,Claim Form|FIR|Photos,Policy Breach,Balanced,0.15,0.9,5250.0,1.08,0.47,Rural,Maharashtra,Delhi,0.35,0.6,0.77,7,False,0.75,0.25,0.03
GoDigit,Motor,Trailer,Standalone Own Damage,Annual,Base,Personal Accident,Accident / Liability,Policy Defined Event,Medium,Medium,35000,300000,Yes,Yes,Yes,Medium,Low,Medium,Claim Form|FIR|Photos,Policy Breach,Balanced,0.15,0.9,5250.0,1.08,0.34,Metro,Delhi,Chennai,0.87,0.43,0.4,11,False,0.84,0.25,0.03
GoDigit,Motor,Trailer,Standalone Own Damage,Annual,Addon,Zero Depreciation,Addon Claim,Addon Trigger,Low,High,60000,800000,Yes,No,Yes,Medium,Medium,High,Invoice|Survey Report,Addon Conditions Not Met,Loss Heavy,0.05,0.9,3000.0,1.08,0.6,Metro,Tamil Nadu,Bangalore,0.46,0.59,0.86,13,False,0.79,0.25,0.08
GoDigit,Motor,Trailer,Standalone Own Damage,Annual,Addon,Engine Protect,Addon Claim,Addon Trigger,Low,High,60000,800000,Yes,No,Yes,Medium,Medium,High,Invoice|Survey Report,Addon Conditions Not Met,Loss Heavy,0.05,0.9,3000.0,1.08,0.69,Urban,Gujarat,Ahmedabad,0.39,0.63,0.61,13,False,0.74,0.25,0.08
GoDigit,Motor,Trailer,Standalone Own Damage,Annual,Addon,Gearbox Protect,Addon Claim,Addon Trigger,Low,High,60000,800000,Yes,No,Yes,Medium,Medium,High,Invoice|Survey Report,Addon Conditions Not Met,Loss Heavy,0.05,0.9,3000.0,1.08,0.45,Metro,Tamil Nadu,Bangalore,0.8,0.43,0.46,11,False,0.65,0.25,0.08
GoDigit,Motor,Trailer,Standalone Own Damage,Annual,Addon,Consumables,Addon Claim,Addon Trigger,Low,High,60000,800000,Yes,No,Yes,Medium,Medium,High,Invoice|Survey Report,Addon Conditions Not Met,Loss Heavy,0.05,0.9,3000.0,1.08,0.43,Rural,Delhi,Chennai,0.72,0.65,0.4,9,False,0.8,0.25,0.08
GoDigit,Motor,Trailer,Standalone Own Damage,Annual,Addon,Tyre Protect,Addon Claim,Addon Trigger,Low,High,60000,800000,Yes,No,Yes,Medium,Medium,High,Invoice|Survey Report,Addon Conditions Not Met,Loss Heavy,0.05,0.9,3000.0,1.08,0.65,Urban,Maharashtra,Mumbai,0.49,0.65,0.68,11,False,0.55,0.25,0.08
GoDigit,Motor,Trailer,Standalone Own Damage,Annual,Addon,Roadside Assistance,Addon Claim,Addon Trigger,Low,High,60000,800000,Yes,No,Yes,Medium,Medium,High,Invoice|Survey Report,Addon Conditions Not Met,Loss Heavy,0.05,0.9,3000.0,1.08,0.49,Metro,Tamil Nadu,Mumbai,0.8,0.25,0.82,13,False,0.71,0.25,0.08
GoDigit,Motor,Trailer,Standalone Own Damage,Annual,Addon,NCB Protect,Addon Claim,Addon Trigger,Low,High,60000,800000,Yes,No,Yes,Medium,Medium,High,Invoice|Survey Report,Addon Conditions Not Met,Loss Heavy,0.05,0.9,3000.0,1.08,0.66,Urban,Karnataka,Ahmedabad,0.55,0.58,0.46,7,False,0.58,0.25,0.08
GoDigit,Motor,Trailer,Standalone Own Damage,Annual,Addon,Return to Invoice,Addon Claim,Addon Trigger,Low,High,60000,800000,Yes,No,Yes,Medium,Medium,High,Invoice|Survey Report,Addon Conditions Not Met,Loss Heavy,0.05,0.9,3000.0,1.08,0.51,Urban,Delhi,Mumbai,0.63,0.45,0.77,11,False,0.66,0.25,0.08
GoDigit,Motor,Trailer,Standalone Own Damage,Annual,Addon,Invoice Cover,Addon Claim,Addon Trigger,Low,High,60000,800000,Yes,No,Yes,Medium,Medium,High,Invoice|Survey Report,Addon Conditions Not Met,Loss Heavy,0.05,0.9,3000.0,1.08,0.23,Rural,Maharashtra,Delhi,0.4,0.31,0.56,8,False,0.57,0.25,0.08
GoDigit,Motor,Trailer,Standalone Own Damage,Annual,Addon,PAYD Benefit,Addon Claim,Addon Trigger,Low,High,60000,800000,Yes,No,Yes,Medium,Medium,High,Invoice|Survey Report,Addon Conditions Not Met,Loss Heavy,0.05,0.9,3000.0,1.08,0.61,Metro,Delhi,Mumbai,0.56,0.51,0.62,9,False,0.76,0.25,0.08
GoDigit,Motor,Trailer,Standalone Own Damage,Annual,Addon,EV Addon,Addon Claim,Addon Trigger,Low,High,60000,800000,Yes,No,Yes,Medium,Medium,High,Invoice|Survey Report,Addon Conditions Not Met,Loss Heavy,0.05,0.9,3000.0,1.08,0.37,Rural,Gujarat,Bangalore,0.82,0.69,0.88,8,False,0.66,0.25,0.08
GoDigit,Motor,Trailer,Standalone Own Damage,Annual,Addon,EMI Protector,Addon Claim,Addon Trigger,Low,High,60000,800000,Yes,No,Yes,Medium,Medium,High,Invoice|Survey Report,Addon Conditions Not Met,Loss Heavy,0.05,0.9,3000.0,1.08,0.57,Metro,Maharashtra,Bangalore,0.77,0.3,0.81,14,False,0.5,0.25,0.08
GoDigit,Motor,Trailer,Standalone Own Damage,Annual,Addon,Loss of Use,Addon Claim,Addon Trigger,Low,High,60000,800000,Yes,No,Yes,Medium,Medium,High,Invoice|Survey Report,Addon Conditions Not Met,Loss Heavy,0.05,0.9,3000.0,1.08,0.54,Rural,Delhi,Ahmedabad,0.35,0.69,0.42,12,False,0.66,0.25,0.08
GoDigit,Motor,Trailer,Standalone Own Damage,Annual,Addon,Key Protect,Addon Claim,Addon Trigger,Low,High,60000,800000,Yes,No,Yes,Medium,Medium,High,Invoice|Survey Report,Addon Conditions Not Met,Loss Heavy,0.05,0.9,3000.0,1.08,0.52,Rural,Delhi,Delhi,0.76,0.32,0.48,10,False,0.56,0.25,0.08
GoDigit,Motor,Trailer,Standalone Own Damage,Annual,Addon,Personal Belongings,Addon Claim,Addon Trigger,Low,High,60000,800000,Yes,No,Yes,Medium,Medium,High,Invoice|Survey Report,Addon Conditions Not Met,Loss Heavy,0.05,0.9,3000.0,1.08,0.39,Metro,Gujarat,Ahmedabad,0.5,0.78,0.89,9,False,0.7,0.25,0.08
GoDigit,Motor,Trailer,Liability Only,Annual,Base,Third Party,Accident / Liability,Policy Defined Event,Medium,Medium,35000,300000,Yes,Yes,Yes,Medium,Low,Medium,Claim Form|FIR|Photos,Policy Breach,Balanced,0.15,0.9,5250.0,1.08,0.42,Urban,Karnataka,Bangalore,0.86,0.42,0.59,7,False,0.8,0.25,0.03
GoDigit,Motor,Trailer,Liability Only,Annual,Base,Personal Accident,Accident / Liability,Policy Defined Event,Medium,Medium,35000,300000,Yes,Yes,Yes,Medium,Low,Medium,Claim Form|FIR|Photos,Policy Breach,Balanced,0.15,0.9,5250.0,1.08,0.69,Rural,Gujarat,Ahmedabad,0.71,0.45,0.73,7,False,0.53,0.25,0.03
GoDigit,Motor,Trailer,Long Term Package,Annual,Base,Own Damage,Accident / Liability,Policy Defined Event,Medium,Medium,35000,300000,Yes,Yes,Yes,Medium,Low,Medium,Claim Form|FIR|Photos,Policy Breach,Balanced,0.15,0.9,5250.0,1.08,0.25,Rural,Tamil Nadu,Delhi,0.71,0.38,0.63,11,False,0.64,0.25,0.03
GoDigit,Motor,Trailer,Long Term Package,Annual,Base,Third Party,Accident / Liability,Policy Defined Event,Medium,Medium,35000,300000,Yes,Yes,Yes,Medium,Low,Medium,Claim Form|FIR|Photos,Policy Breach,Balanced,0.15,0.9,5250.0,1.08,0.3,Metro,Gujarat,Delhi,0.77,0.25,0.57,7,False,0.57,0.25,0.03
GoDigit,Motor,Trailer,Long Term Package,Annual,Base,Personal Accident,Accident / Liability,Policy Defined Event,Medium,Medium,35000,300000,Yes,Yes,Yes,Medium,Low,Medium,Claim Form|FIR|Photos,Policy Breach,Balanced,0.15,0.9,5250.0,1.08,0.55,Rural,Delhi,Mumbai,0.31,0.29,0.66,8,False,0.74,0.25,0.03
GoDigit,Motor,Trailer,Long Term Package,Annual,Addon,Zero Depreciation,Addon Claim,Addon Trigger,Low,High,60000,800000,Yes,No,Yes,Medium,Medium,High,Invoice|Survey Report,Addon Conditions Not Met,Loss Heavy,0.05,0.9,3000.0,1.08,0.59,Metro,Delhi,Delhi,0.85,0.77,0.61,11,False,0.69,0.25,0.08
GoDigit,Motor,Trailer,Long Term Package,Annual,Addon,Engine Protect,Addon Claim,Addon Trigger,Low,High,60000,800000,Yes,No,Yes,Medium,Medium,High,Invoice|Survey Report,Addon Conditions Not Met,Loss Heavy,0.05,0.9,3000.0,1.08,0.39,Metro,Delhi,Delhi,0.54,0.54,0.8,11,False,0.63,0.25,0.08
GoDigit,Motor,Trailer,Long Term Package,Annual,Addon,Gearbox Protect,Addon Claim,Addon Trigger,Low,High,60000,800000,Yes,No,Yes,Medium,Medium,High,Invoice|Survey Report,Addon Conditions Not Met,Loss Heavy,0.05,0.9,3000.0,1.08,0.68,Rural,Tamil Nadu,Chennai,0.62,0.52,0.39,10,False,0.58,0.25,0.08
GoDigit,Motor,Trailer,Long Term Package,Annual,Addon,Consumables,Addon Claim,Addon Trigger,Low,High,60000,800000,Yes,No,Yes,Medium,Medium,High,Invoice|Survey Report,Addon Conditions Not Met,Loss Heavy,0.05,0.9,3000.0,1.08,0.56,Urban,Karnataka,Bangalore,0.87,0.32,0.83,10,False,0.55,0.25,0.08
GoDigit,Motor,Trailer,Long Term Package,Annual,Addon,Tyre Protect,Addon Claim,Addon Trigger,Low,High,60000,800000,Yes,No,Yes,Medium,Medium,High,Invoice|Survey Report,Addon Conditions Not Met,Loss Heavy,0.05,0.9,3000.0,1.08,0.4,Urban,Karnataka,Ahmedabad,0.42,0.61,0.38,7,False,0.79,0.25,0.08
GoDigit,Motor,Trailer,Long Term Package,Annual,Addon,Roadside Assistance,Addon Claim,Addon Trigger,Low,High,60000,800000,Yes,No,Yes,Medium,Medium,High,Invoice|Survey Report,Addon Conditions Not Met,Loss Heavy,0.05,0.9,3000.0,1.08,0.34,Urban,Tamil Nadu,Bangalore,0.61,0.25,0.79,12,False,0.59,0.25,0.08
GoDigit,Motor,Trailer,Long Term Package,Annual,Addon,NCB Protect,Addon Claim,Addon Trigger,Low,High,60000,800000,Yes,No,Yes,Medium,Medium,High,Invoice|Survey Report,Addon Conditions Not Met,Loss Heavy,0.05,0.9,3000.0,1.08,0.42,Rural,Karnataka,Chennai,0.51,0.41,0.57,9,False,0.83,0.25,0.08
GoDigit,Motor,Trailer,Long Term Package,Annual,Addon,Return to Invoice,Addon Claim,Addon Trigger,Low,High,60000,800000,Yes,No,Yes,Medium,Medium,High,Invoice|Survey Report,Addon Conditions Not Met,Loss Heavy,0.05,0.9,3000.0,1.08,0.56,Metro,Maharashtra,Bangalore,0.82,0.62,0.87,8,False,0.53,0.25,0.08
GoDigit,Motor,Trailer,Long Term Package,Annual,Addon,Invoice Cover,Addon Claim,Addon Trigger,Low,High,60000,800000,Yes,No,Yes,Medium,Medium,High,Invoice|Survey Report,Addon Conditions Not Met,Loss Heavy,0.05,0.9,3000.0,1.08,0.23,Metro,Delhi,Delhi,0.44,0.36,0.51,8,False,0.73,0.25,0.08
GoDigit,Motor,Trailer,Long Term Package,Annual,Addon,PAYD Benefit,Addon Claim,Addon Trigger,Low,High,60000,800000,Yes,No,Yes,Medium,Medium,High,Invoice|Survey Report,Addon Conditions Not Met,Loss Heavy,0.05,0.9,3000.0,1.08,0.7,Urban,Delhi,Ahmedabad,0.65,0.26,0.31,11,False,0.81,0.25,0.08
GoDigit,Motor,Trailer,Long Term Package,Annual,Addon,EV Addon,Addon Claim,Addon Trigger,Low,High,60000,800000,Yes,No,Yes,Medium,Medium,High,Invoice|Survey Report,Addon Conditions Not Met,Loss Heavy,0.05,0.9,3000.0,1.08,0.27,Rural,Karnataka,Bangalore,0.63,0.29,0.58,7,False,0.62,0.25,0.08
GoDigit,Motor,Trailer,Long Term Package,Annual,Addon,EMI Protector,Addon Claim,Addon Trigger,Low,High,60000,800000,Yes,No,Yes,Medium,Medium,High,Invoice|Survey Report,Addon Conditions Not Met,Loss Heavy,0.05,0.9,3000.0,1.08,0.61,Metro,Tamil Nadu,Chennai,0.86,0.67,0.5,10,False,0.51,0.25,0.08
GoDigit,Motor,Trailer,Long Term Package,Annual,Addon,Loss of Use,Addon Claim,Addon Trigger,Low,High,60000,800000,Yes,No,Yes,Medium,Medium,High,Invoice|Survey Report,Addon Conditions Not Met,Loss Heavy,0.05,0.9,3000.0,1.08,0.57,Urban,Gujarat,Chennai,0.83,0.25,0.47,12,False,0.84,0.25,0.08
GoDigit,Motor,Trailer,Long Term Package,Annual,Addon,Key Protect,Addon Claim,Addon Trigger,Low,High,60000,800000,Yes,No,Yes,Medium,Medium,High,Invoice|Survey Report,Addon Conditions Not Met,Loss Heavy,0.05,0.9,3000.0,1.08,0.47,Rural,Gujarat,Mumbai,0.66,0.29,0.53,12,False,0.75,0.25,0.08
GoDigit,Motor,Trailer,Long Term Package,Annual,Addon,Personal Belongings,Addon Claim,Addon Trigger,Low,High,60000,800000,Yes,No,Yes,Medium,Medium,High,Invoice|Survey Report,Addon Conditions Not Met,Loss Heavy,0.05,0.9,3000.0,1.08,0.52,Rural,Delhi,Chennai,0.36,0.66,0.79,7,False,0.52,0.25,0.08
GoDigit,Motor,Motor Trade Road Risk,Package,Annual,Base,Own Damage,Accident / Liability,Policy Defined Event,Medium,Medium,35000,300000,Yes,Yes,Yes,Medium,Low,Medium,Claim Form|FIR|Photos,Policy Breach,Balanced,0.15,0.9,5250.0,1.08,0.7,Urban,Delhi,Ahmedabad,0.79,0.45,0.45,13,False,0.52,0.25,0.03
GoDigit,Motor,Motor Trade Road Risk,Package,Annual,Base,Third Party,Accident / Liability,Policy Defined Event,Medium,Medium,35000,300000,Yes,Yes,Yes,Medium,Low,Medium,Claim Form|FIR|Photos,Policy Breach,Balanced,0.15,0.9,5250.0,1.08,0.6,Urban,Maharashtra,Chennai,0.61,0.65,0.75,7,False,0.79,0.25,0.03
GoDigit,Motor,Motor Trade Road Risk,Package,Annual,Base,Personal Accident,Accident / Liability,Policy Defined Event,Medium,Medium,35000,300000,Yes,Yes,Yes,Medium,Low,Medium,Claim Form|FIR|Photos,Policy Breach,Balanced,0.15,0.9,5250.0,1.08,0.23,Urban,Gujarat,Chennai,0.41,0.67,0.47,13,False,0.69,0.25,0.03
GoDigit,Motor,Motor Trade Road Risk,Package,Annual,Addon,Zero Depreciation,Addon Claim,Addon Trigger,Low,High,60000,800000,Yes,No,Yes,Medium,Medium,High,Invoice|Survey Report,Addon Conditions Not Met,Loss Heavy,0.05,0.9,3000.0,1.08,0.22,Metro,Delhi,Delhi,0.66,0.53,0.5,10,False,0.67,0.25,0.08
GoDigit,Motor,Motor Trade Road Risk,Package,Annual,Addon,Engine Protect,Addon Claim,Addon Trigger,Low,High,60000,800000,Yes,No,Yes,Medium,Medium,High,Invoice|Survey Report,Addon Conditions Not Met,Loss Heavy,0.05,0.9,3000.0,1.08,0.63,Metro,Gujarat,Chennai,0.9,0.23,0.46,14,False,0.56,0.25,0.08
GoDigit,Motor,Motor Trade Road Risk,Package,Annual,Addon,Gearbox Protect,Addon Claim,Addon Trigger,Low,High,60000,800000,Yes,No,Yes,Medium,Medium,High,Invoice|Survey Report,Addon Conditions Not Met,Loss Heavy,0.05,0.9,3000.0,1.08,0.67,Urban,Gujarat,Bangalore,0.85,0.6,0.44,10,False,0.52,0.25,0.08
GoDigit,Motor,Motor Trade Road Risk,Package,Annual,Addon,Consumables,Addon Claim,Addon Trigger,Low,High,60000,800000,Yes,No,Yes,Medium,Medium,High,Invoice|Survey Report,Addon Conditions Not Met,Loss Heavy,0.05,0.9,3000.0,1.08,0.52,Rural,Maharashtra,Bangalore,0.58,0.42,0.65,9,False,0.52,0.25,0.08
GoDigit,Motor,Motor Trade Road Risk,Package,Annual,Addon,Tyre Protect,Addon Claim,Addon Trigger,Low,High,60000,800000,Yes,No,Yes,Medium,Medium,High,Invoice|Survey Report,Addon Conditions Not Met,Loss Heavy,0.05,0.9,3000.0,1.08,0.54,Rural,Tamil Nadu,Mumbai,0.58,0.24,0.41,14,False,0.56,0.25,0.08
GoDigit,Motor,Motor Trade Road Risk,Package,Annual,Addon,Roadside Assistance,Addon Claim,Addon Trigger,Low,High,60000,800000,Yes,No,Yes,Medium,Medium,High,Invoice|Survey Report,Addon Conditions Not Met,Loss Heavy,0.05,0.9,3000.0,1.08,0.61,Metro,Delhi,Chennai,0.86,0.66,0.55,10,False,0.57,0.25,0.08
GoDigit,Motor,Motor Trade Road Risk,Package,Annual,Addon,NCB Protect,Addon Claim,Addon Trigger,Low,High,60000,800000,Yes,No,Yes,Medium,Medium,High,Invoice|Survey Report,Addon Conditions Not Met,Loss Heavy,0.05,0.9,3000.0,1.08,0.4,Urban,Tamil Nadu,Ahmedabad,0.82,0.45,0.37,9,False,0.7,0.25,0.08
GoDigit,Motor,Motor Trade Road Risk,Package,Annual,Addon,Return to Invoice,Addon Claim,Addon Trigger,Low,High,60000,800000,Yes,No,Yes,Medium,Medium,High,Invoice|Survey Report,Addon Conditions Not Met,Loss Heavy,0.05,0.9,3000.0,1.08,0.57,Urban,Tamil Nadu,Bangalore,0.58,0.55,0.78,7,False,0.74,0.25,0.08
GoDigit,Motor,Motor Trade Road Risk,Package,Annual,Addon,Invoice Cover,Addon Claim,Addon Trigger,Low,High,60000,800000,Yes,No,Yes,Medium,Medium,High,Invoice|Survey Report,Addon Conditions Not Met,Loss Heavy,0.05,0.9,3000.0,1.08,0.58,Urban,Karnataka,Ahmedabad,0.82,0.44,0.35,11,False,0.79,0.25,0.08
GoDigit,Motor,Motor Trade Road Risk,Package,Annual,Addon,PAYD Benefit,Addon Claim,Addon Trigger,Low,High,60000,800000,Yes,No,Yes,Medium,Medium,High,Invoice|Survey Report,Addon Conditions Not Met,Loss Heavy,0.05,0.9,3000.0,1.08,0.26,Metro,Delhi,Bangalore,0.56,0.76,0.82,14,False,0.83,0.25,0.08
GoDigit,Motor,Motor Trade Road Risk,Package,Annual,Addon,EV Addon,Addon Claim,Addon Trigger,Low,High,60000,800000,Yes,No,Yes,Medium,Medium,High,Invoice|Survey Report,Addon Conditions Not Met,Loss Heavy,0.05,0.9,3000.0,1.08,0.56,Rural,Tamil Nadu,Bangalore,0.57,0.43,0.39,12,False,0.74,0.25,0.08
GoDigit,Motor,Motor Trade Road Risk,Package,Annual,Addon,EMI Protector,Addon Claim,Addon Trigger,Low,High,60000,800000,Yes,No,Yes,Medium,Medium,High,Invoice|Survey Report,Addon Conditions Not Met,Loss Heavy,0.05,0.9,3000.0,1.08,0.26,Rural,Tamil Nadu,Chennai,0.79,0.33,0.52,10,False,0.85,0.25,0.08
GoDigit,Motor,Motor Trade Road Risk,Package,Annual,Addon,Loss of Use,Addon Claim,Addon Trigger,Low,High,60000,800000,Yes,No,Yes,Medium,Medium,High,Invoice|Survey Report,Addon Conditions Not Met,Loss Heavy,0.05,0.9,3000.0,1.08,0.43,Urban,Tamil Nadu,Bangalore,0.47,0.39,0.86,10,False,0.53,0.25,0.08
GoDigit,Motor,Motor Trade Road Risk,Package,Annual,Addon,Key Protect,Addon Claim,Addon Trigger,Low,High,60000,800000,Yes,No,Yes,Medium,Medium,High,Invoice|Survey Report,Addon Conditions Not Met,Loss Heavy,0.05,0.9,3000.0,1.08,0.32,Urban,Tamil Nadu,Ahmedabad,0.38,0.21,0.42,14,False,0.72,0.25,0.08
GoDigit,Motor,Motor Trade Road Risk,Package,Annual,Addon,Personal Belongings,Addon Claim,Addon Trigger,Low,High,60000,800000,Yes,No,Yes,Medium,Medium,High,Invoice|Survey Report,Addon Conditions Not Met,Loss Heavy,0.05,0.9,3000.0,1.08,0.44,Rural,Delhi,Ahmedabad,0.63,0.27,0.31,7,False,0.75,0.25,0.08
GoDigit,Motor,Motor Trade Road Risk,Bundled,Annual,Base,Own Damage,Accident / Liability,Policy Defined Event,Medium,Medium,35000,300000,Yes,Yes,Yes,Medium,Low,Medium,Claim Form|FIR|Photos,Policy Breach,Balanced,0.15,0.9,5250.0,1.08,0.28,Rural,Maharashtra,Chennai,0.87,0.65,0.54,8,False,0.67,0.25,0.03
GoDigit,Motor,Motor Trade Road Risk,Bundled,Annual,Base,Third Party,Accident / Liability,Policy Defined Event,Medium,Medium,35000,300000,Yes,Yes,Yes,Medium,Low,Medium,Claim Form|FIR|Photos,Policy Breach,Balanced,0.15,0.9,5250.0,1.08,0.49,Metro,Delhi,Chennai,0.41,0.4,0.64,13,False,0.82,0.25,0.03
GoDigit,Motor,Motor Trade Road Risk,Bundled,Annual,Base,Personal Accident,Accident / Liability,Policy Defined Event,Medium,Medium,35000,300000,Yes,Yes,Yes,Medium,Low,Medium,Claim Form|FIR|Photos,Policy Breach,Balanced,0.15,0.9,5250.0,1.08,0.39,Rural,Tamil Nadu,Delhi,0.41,0.22,0.38,8,False,0.8,0.25,0.03
GoDigit,Motor,Motor Trade Road Risk,Bundled,Annual,Addon,Zero Depreciation,Addon Claim,Addon Trigger,Low,High,60000,800000,Yes,No,Yes,Medium,Medium,High,Invoice|Survey Report,Addon Conditions Not Met,Loss Heavy,0.05,0.9,3000.0,1.08,0.23,Urban,Gujarat,Mumbai,0.62,0.42,0.53,12,False,0.63,0.25,0.08
GoDigit,Motor,Motor Trade Road Risk,Bundled,Annual,Addon,Engine Protect,Addon Claim,Addon Trigger,Low,High,60000,800000,Yes,No,Yes,Medium,Medium,High,Invoice|Survey Report,Addon Conditions Not Met,Loss Heavy,0.05,0.9,3000.0,1.08,0.6,Metro,Delhi,Chennai,0.66,0.31,0.8,13,False,0.64,0.25,0.08
GoDigit,Motor,Motor Trade Road Risk,Bundled,Annual,Addon,Gearbox Protect,Addon Claim,Addon Trigger,Low,High,60000,800000,Yes,No,Yes,Medium,Medium,High,Invoice|Survey Report,Addon Conditions Not Met,Loss Heavy,0.05,0.9,3000.0,1.08,0.67,Metro,Tamil Nadu,Delhi,0.86,0.5,0.78,11,False,0.75,0.25,0.08
GoDigit,Motor,Motor Trade Road Risk,Bundled,Annual,Addon,Consumables,Addon Claim,Addon Trigger,Low,High,60000,800000,Yes,No,Yes,Medium,Medium,High,Invoice|Survey Report,Addon Conditions Not Met,Loss Heavy,0.05,0.9,3000.0,1.08,0.42,Rural,Maharashtra,Delhi,0.49,0.36,0.81,14,False,0.73,0.25,0.08
GoDigit,Motor,Motor Trade Road Risk,Bundled,Annual,Addon,Tyre Protect,Addon Claim,Addon Trigger,Low,High,60000,800000,Yes,No,Yes,Medium,Medium,High,Invoice|Survey Report,Addon Conditions Not Met,Loss Heavy,0.05,0.9,3000.0,1.08,0.21,Metro,Karnataka,Chennai,0.66,0.72,0.49,9,False,0.78,0.25,0.08
GoDigit,Motor,Motor Trade Road Risk,Bundled,Annual,Addon,Roadside Assistance,Addon Claim,Addon Trigger,Low,High,60000,800000,Yes,No,Yes,Medium,Medium,High,Invoice|Survey Report,Addon Conditions Not Met,Loss Heavy,0.05,0.9,3000.0,1.08,0.38,Metro,Tamil Nadu,Delhi,0.65,0.57,0.33,14,False,0.56,0.25,0.08
GoDigit,Motor,Motor Trade Road Risk,Bundled,Annual,Addon,NCB Protect,Addon Claim,Addon Trigger,Low,High,60000,800000,Yes,No,Yes,Medium,Medium,High,Invoice|Survey Report,Addon Conditions Not Met,Loss Heavy,0.05,0.9,3000.0,1.08,0.35,Urban,Delhi,Chennai,0.9,0.36,0.34,8,False,0.85,0.25,0.08
GoDigit,Motor,Motor Trade Road Risk,Bundled,Annual,Addon,Return to Invoice,Addon Claim,Addon Trigger,Low,High,60000,800000,Yes,No,Yes,Medium,Medium,High,Invoice|Survey Report,Addon Conditions Not Met,Loss Heavy,0.05,0.9,3000.0,1.08,0.67,Metro,Karnataka,Mumbai,0.47,0.4,0.84,10,False,0.53,0.25,0.08
GoDigit,Motor,Motor Trade Road Risk,Bundled,Annual,Addon,Invoice Cover,Addon Claim,Addon Trigger,Low,High,60000,800000,Yes,No,Yes,Medium,Medium,High,Invoice|Survey Report,Addon Conditions Not Met,Loss Heavy,0.05,0.9,3000.0,1.08,0.33,Rural,Tamil Nadu,Bangalore,0.48,0.38,0.63,7,False,0.81,0.25,0.08
GoDigit,Motor,Motor Trade Road Risk,Bundled,Annual,Addon,PAYD Benefit,Addon Claim,Addon Trigger,Low,High,60000,800000,Yes,No,Yes,Medium,Medium,High,Invoice|Survey Report,Addon Conditions Not Met,Loss Heavy,0.05,0.9,3000.0,1.08,0.56,Rural,Tamil Nadu,Delhi,0.88,0.31,0.39,10,False,0.55,0.25,0.08
GoDigit,Motor,Motor Trade Road Risk,Bundled,Annual,Addon,EV Addon,Addon Claim,Addon Trigger,Low,High,60000,800000,Yes,No,Yes,Medium,Medium,High,Invoice|Survey Report,Addon Conditions Not Met,Loss Heavy,0.05,0.9,3000.0,1.08,0.38,Metro,Karnataka,Mumbai,0.85,0.4,0.32,8,False,0.79,0.25,0.08
GoDigit,Motor,Motor Trade Road Risk,Bundled,Annual,Addon,EMI Protector,Addon Claim,Addon Trigger,Low,High,60000,800000,Yes,No,Yes,Medium,Medium,High,Invoice|Survey Report,Addon Conditions Not Met,Loss Heavy,0.05,0.9,3000.0,1.08,0.53,Rural,Tamil Nadu,Chennai,0.4,0.48,0.72,9,False,0.63,0.25,0.08
GoDigit,Motor,Motor Trade Road Risk,Bundled,Annual,Addon,Loss of Use,Addon Claim,Addon Trigger,Low,High,60000,800000,Yes,No,Yes,Medium,Medium,High,Invoice|Survey Report,Addon Conditions Not Met,Loss Heavy,0.05,0.9,3000.0,1.08,0.41,Rural,Karnataka,Mumbai,0.74,0.54,0.85,10,False,0.78,0.25,0.08
GoDigit,Motor,Motor Trade Road Risk,Bundled,Annual,Addon,Key Protect,Addon Claim,Addon Trigger,Low,High,60000,800000,Yes,No,Yes,Medium,Medium,High,Invoice|Survey Report,Addon Conditions Not Met,Loss Heavy,0.05,0.9,3000.0,1.08,0.43,Urban,Delhi,Chennai,0.6,0.23,0.57,10,False,0.84,0.25,0.08
GoDigit,Motor,Motor Trade Road Risk,Bundled,Annual,Addon,Personal Belongings,Addon Claim,Addon Trigger,Low,High,60000,800000,Yes,No,Yes,Medium,Medium,High,Invoice|Survey Report,Addon Conditions Not Met,Loss Heavy,0.05,0.9,3000.0,1.08,0.27,Rural,Gujarat,Bangalore,0.71,0.71,0.74,11,False,0.69,0.25,0.08
GoDigit,Motor,Motor Trade Road Risk,Standalone Own Damage,Annual,Base,Own Damage,Accident / Liability,Policy Defined Event,Medium,Medium,35000,300000,Yes,Yes,Yes,Medium,Low,Medium,Claim Form|FIR|Photos,Policy Breach,Balanced,0.15,0.9,5250.0,1.08,0.54,Urban,Delhi,Chennai,0.71,0.5,0.83,13,False,0.52,0.25,0.03
GoDigit,Motor,Motor Trade Road Risk,Standalone Own Damage,Annual,Base,Personal Accident,Accident / Liability,Policy Defined Event,Medium,Medium,35000,300000,Yes,Yes,Yes,Medium,Low,Medium,Claim Form|FIR|Photos,Policy Breach,Balanced,0.15,0.9,5250.0,1.08,0.53,Rural,Tamil Nadu,Bangalore,0.31,0.23,0.8,9,False,0.56,0.25,0.03
GoDigit,Motor,Motor Trade Road Risk,Standalone Own Damage,Annual,Addon,Zero Depreciation,Addon Claim,Addon Trigger,Low,High,60000,800000,Yes,No,Yes,Medium,Medium,High,Invoice|Survey Report,Addon Conditions Not Met,Loss Heavy,0.05,0.9,3000.0,1.08,0.64,Metro,Tamil Nadu,Delhi,0.65,0.79,0.69,7,False,0.8,0.25,0.08
GoDigit,Motor,Motor Trade Road Risk,Standalone Own Damage,Annual,Addon,Engine Protect,Addon Claim,Addon Trigger,Low,High,60000,800000,Yes,No,Yes,Medium,Medium,High,Invoice|Survey Report,Addon Conditions Not Met,Loss Heavy,0.05,0.9,3000.0,1.08,0.23,Rural,Maharashtra,Mumbai,0.42,0.48,0.68,14,False,0.69,0.25,0.08
GoDigit,Motor,Motor Trade Road Risk,Standalone Own Damage,Annual,Addon,Gearbox Protect,Addon Claim,Addon Trigger,Low,High,60000,800000,Yes,No,Yes,Medium,Medium,High,Invoice|Survey Report,Addon Conditions Not Met,Loss Heavy,0.05,0.9,3000.0,1.08,0.55,Urban,Karnataka,Chennai,0.54,0.51,0.56,12,False,0.64,0.25,0.08
GoDigit,Motor,Motor Trade Road Risk,Standalone Own Damage,Annual,Addon,Consumables,Addon Claim,Addon Trigger,Low,High,60000,800000,Yes,No,Yes,Medium,Medium,High,Invoice|Survey Report,Addon Conditions Not Met,Loss Heavy,0.05,0.9,3000.0,1.08,0.67,Metro,Tamil Nadu,Mumbai,0.89,0.52,0.84,12,False,0.64,0.25,0.08
GoDigit,Motor,Motor Trade Road Risk,Standalone Own Damage,Annual,Addon,Tyre Protect,Addon Claim,Addon Trigger,Low,High,60000,800000,Yes,No,Yes,Medium,Medium,High,Invoice|Survey Report,Addon Conditions Not Met,Loss Heavy,0.05,0.9,3000.0,1.08,0.42,Metro,Tamil Nadu,Chennai,0.49,0.56,0.67,8,False,0.75,0.25,0.08
GoDigit,Motor,Motor Trade Road Risk,Standalone Own Damage,Annual,Addon,Roadside Assistance,Addon Claim,Addon Trigger,Low,High,60000,800000,Yes,No,Yes,Medium,Medium,High,Invoice|Survey Report,Addon Conditions Not Met,Loss Heavy,0.05,0.9,3000.0,1.08,0.21,Metro,Gujarat,Ahmedabad,0.61,0.55,0.42,7,False,0.58,0.25,0.08
GoDigit,Motor,Motor Trade Road Risk,Standalone Own Damage,Annual,Addon,NCB Protect,Addon Claim,Addon Trigger,Low,High,60000,800000,Yes,No,Yes,Medium,Medium,High,Invoice|Survey Report,Addon Conditions Not Met,Loss Heavy,0.05,0.9,3000.0,1.08,0.7,Urban,Tamil Nadu,Ahmedabad,0.57,0.47,0.69,12,False,0.51,0.25,0.08
GoDigit,Motor,Motor Trade Road Risk,Standalone Own Damage,Annual,Addon,Return to Invoice,Addon Claim,Addon Trigger,Low,High,60000,800000,Yes,No,Yes,Medium,Medium,High,Invoice|Survey Report,Addon Conditions Not Met,Loss Heavy,0.05,0.9,3000.0,1.08,0.69,Rural,Gujarat,Delhi,0.53,0.22,0.78,13,False,0.59,0.25,0.08
GoDigit,Motor,Motor Trade Road Risk,Standalone Own Damage,Annual,Addon,Invoice Cover,Addon Claim,Addon Trigger,Low,High,60000,800000,Yes,No,Yes,Medium,Medium,High,Invoice|Survey Report,Addon Conditions Not Met,Loss Heavy,0.05,0.9,3000.0,1.08,0.29,Rural,Karnataka,Bangalore,0.58,0.59,0.76,9,False,0.5,0.25,0.08
GoDigit,Motor,Motor Trade Road Risk,Standalone Own Damage,Annual,Addon,PAYD Benefit,Addon Claim,Addon Trigger,Low,High,60000,800000,Yes,No,Yes,Medium,Medium,High,Invoice|Survey Report,Addon Conditions Not Met,Loss Heavy,0.05,0.9,3000.0,1.08,0.5,Urban,Tamil Nadu,Chennai,0.75,0.44,0.34,8,False,0.85,0.25,0.08
GoDigit,Motor,Motor Trade Road Risk,Standalone Own Damage,Annual,Addon,EV Addon,Addon Claim,Addon Trigger,Low,High,60000,800000,Yes,No,Yes,Medium,Medium,High,Invoice|Survey Report,Addon Conditions Not Met,Loss Heavy,0.05,0.9,3000.0,1.08,0.5,Rural,Karnataka,Ahmedabad,0.53,0.48,0.7,11,False,0.74,0.25,0.08
GoDigit,Motor,Motor Trade Road Risk,Standalone Own Damage,Annual,Addon,EMI Protector,Addon Claim,Addon Trigger,Low,High,60000,800000,Yes,No,Yes,Medium,Medium,High,Invoice|Survey Report,Addon Conditions Not Met,Loss Heavy,0.05,0.9,3000.0,1.08,0.65,Urban,Karnataka,Bangalore,0.31,0.75,0.39,7,False,0.7,0.25,0.08
GoDigit,Motor,Motor Trade Road Risk,Standalone Own Damage,Annual,Addon,Loss of Use,Addon Claim,Addon Trigger,Low,High,60000,800000,Yes,No,Yes,Medium,Medium,High,Invoice|Survey Report,Addon Conditions Not Met,Loss Heavy,0.05,0.9,3000.0,1.08,0.52,Metro,Delhi,Delhi,0.47,0.64,0.72,14,False,0.63,0.25,0.08
GoDigit,Motor,Motor Trade Road Risk,Standalone Own Damage,Annual,Addon,Key Protect,Addon Claim,Addon Trigger,Low,High,60000,800000,Yes,No,Yes,Medium,Medium,High,Invoice|Survey Report,Addon Conditions Not Met,Loss Heavy,0.05,0.9,3000.0,1.08,0.42,Rural,Delhi,Mumbai,0.76,0.37,0.43,7,False,0.77,0.25,0.08
GoDigit,Motor,Motor Trade Road Risk,Standalone Own Damage,Annual,Addon,Personal Belongings,Addon Claim,Addon Trigger,Low,High,60000,800000,Yes,No,Yes,Medium,Medium,High,Invoice|Survey Report,Addon Conditions Not Met,Loss Heavy,0.05,0.9,3000.0,1.08,0.43,Rural,Karnataka,Delhi,0.32,0.32,0.56,10,False,0.77,0.25,0.08
GoDigit,Motor,Motor Trade Road Risk,Liability Only,Annual,Base,Third Party,Accident / Liability,Policy Defined Event,Medium,Medium,35000,300000,Yes,Yes,Yes,Medium,Low,Medium,Claim Form|FIR|Photos,Policy Breach,Balanced,0.15,0.9,5250.0,1.08,0.27,Rural,Delhi,Chennai,0.5,0.33,0.63,14,False,0.83,0.25,0.03
GoDigit,Motor,Motor Trade Road Risk,Liability Only,Annual,Base,Personal Accident,Accident / Liability,Policy Defined Event,Medium,Medium,35000,300000,Yes,Yes,Yes,Medium,Low,Medium,Claim Form|FIR|Photos,Policy Breach,Balanced,0.15,0.9,5250.0,1.08,0.28,Metro,Maharashtra,Mumbai,0.48,0.41,0.69,11,False,0.63,0.25,0.03
GoDigit,Motor,Motor Trade Road Risk,Long Term Package,Annual,Base,Own Damage,Accident / Liability,Policy Defined Event,Medium,Medium,35000,300000,Yes,Yes,Yes,Medium,Low,Medium,Claim Form|FIR|Photos,Policy Breach,Balanced,0.15,0.9,5250.0,1.08,0.25,Rural,Gujarat,Ahmedabad,0.54,0.38,0.82,14,False,0.62,0.25,0.03
GoDigit,Motor,Motor Trade Road Risk,Long Term Package,Annual,Base,Third Party,Accident / Liability,Policy Defined Event,Medium,Medium,35000,300000,Yes,Yes,Yes,Medium,Low,Medium,Claim Form|FIR|Photos,Policy Breach,Balanced,0.15,0.9,5250.0,1.08,0.48,Urban,Karnataka,Ahmedabad,0.72,0.52,0.73,13,False,0.77,0.25,0.03
GoDigit,Motor,Motor Trade Road Risk,Long Term Package,Annual,Base,Personal Accident,Accident / Liability,Policy Defined Event,Medium,Medium,35000,300000,Yes,Yes,Yes,Medium,Low,Medium,Claim Form|FIR|Photos,Policy Breach,Balanced,0.15,0.9,5250.0,1.08,0.36,Metro,Gujarat,Chennai,0.43,0.7,0.45,11,False,0.63,0.25,0.03
GoDigit,Motor,Motor Trade Road Risk,Long Term Package,Annual,Addon,Zero Depreciation,Addon Claim,Addon Trigger,Low,High,60000,800000,Yes,No,Yes,Medium,Medium,High,Invoice|Survey Report,Addon Conditions Not Met,Loss Heavy,0.05,0.9,3000.0,1.08,0.33,Rural,Maharashtra,Bangalore,0.78,0.38,0.74,10,False,0.74,0.25,0.08
GoDigit,Motor,Motor Trade Road Risk,Long Term Package,Annual,Addon,Engine Protect,Addon Claim,Addon Trigger,Low,High,60000,800000,Yes,No,Yes,Medium,Medium,High,Invoice|Survey Report,Addon Conditions Not Met,Loss Heavy,0.05,0.9,3000.0,1.08,0.61,Rural,Karnataka,Bangalore,0.58,0.64,0.58,9,False,0.54,0.25,0.08
GoDigit,Motor,Motor Trade Road Risk,Long Term Package,Annual,Addon,Gearbox Protect,Addon Claim,Addon Trigger,Low,High,60000,800000,Yes,No,Yes,Medium,Medium,High,Invoice|Survey Report,Addon Conditions Not Met,Loss Heavy,0.05,0.9,3000.0,1.08,0.34,Rural,Maharashtra,Chennai,0.33,0.45,0.83,12,False,0.63,0.25,0.08
GoDigit,Motor,Motor Trade Road Risk,Long Term Package,Annual,Addon,Consumables,Addon Claim,Addon Trigger,Low,High,60000,800000,Yes,No,Yes,Medium,Medium,High,Invoice|Survey Report,Addon Conditions Not Met,Loss Heavy,0.05,0.9,3000.0,1.08,0.54,Rural,Maharashtra,Chennai,0.37,0.24,0.62,11,False,0.76,0.25,0.08
GoDigit,Motor,Motor Trade Road Risk,Long Term Package,Annual,Addon,Tyre Protect,Addon Claim,Addon Trigger,Low,High,60000,800000,Yes,No,Yes,Medium,Medium,High,Invoice|Survey Report,Addon Conditions Not Met,Loss Heavy,0.05,0.9,3000.0,1.08,0.6,Urban,Maharashtra,Ahmedabad,0.36,0.54,0.66,9,False,0.78,0.25,0.08
GoDigit,Motor,Motor Trade Road Risk,Long Term Package,Annual,Addon,Roadside Assistance,Addon Claim,Addon Trigger,Low,High,60000,800000,Yes,No,Yes,Medium,Medium,High,Invoice|Survey Report,Addon Conditions Not Met,Loss Heavy,0.05,0.9,3000.0,1.08,0.37,Metro,Tamil Nadu,Chennai,0.76,0.65,0.38,12,False,0.76,0.25,0.08
GoDigit,Motor,Motor Trade Road Risk,Long Term Package,Annual,Addon,NCB Protect,Addon Claim,Addon Trigger,Low,High,60000,800000,Yes,No,Yes,Medium,Medium,High,Invoice|Survey Report,Addon Conditions Not Met,Loss Heavy,0.05,0.9,3000.0,1.08,0.54,Rural,Karnataka,Bangalore,0.68,0.78,0.77,13,False,0.76,0.25,0.08
GoDigit,Motor,Motor Trade Road Risk,Long Term Package,Annual,Addon,Return to Invoice,Addon Claim,Addon Trigger,Low,High,60000,800000,Yes,No,Yes,Medium,Medium,High,Invoice|Survey Report,Addon Conditions Not Met,Loss Heavy,0.05,0.9,3000.0,1.08,0.36,Rural,Maharashtra,Chennai,0.47,0.3,0.48,10,False,0.54,0.25,0.08
GoDigit,Motor,Motor Trade Road Risk,Long Term Package,Annual,Addon,Invoice Cover,Addon Claim,Addon Trigger,Low,High,60000,800000,Yes,No,Yes,Medium,Medium,High,Invoice|Survey Report,Addon Conditions Not Met,Loss Heavy,0.05,0.9,3000.0,1.08,0.59,Urban,Gujarat,Ahmedabad,0.36,0.76,0.38,7,False,0.76,0.25,0.08
GoDigit,Motor,Motor Trade Road Risk,Long Term Package,Annual,Addon,PAYD Benefit,Addon Claim,Addon Trigger,Low,High,60000,800000,Yes,No,Yes,Medium,Medium,High,Invoice|Survey Report,Addon Conditions Not Met,Loss Heavy,0.05,0.9,3000.0,1.08,0.34,Urban,Gujarat,Mumbai,0.31,0.42,0.87,7,False,0.83,0.25,0.08
GoDigit,Motor,Motor Trade Road Risk,Long Term Package,Annual,Addon,EV Addon,Addon Claim,Addon Trigger,Low,High,60000,800000,Yes,No,Yes,Medium,Medium,High,Invoice|Survey Report,Addon Conditions Not Met,Loss Heavy,0.05,0.9,3000.0,1.08,0.5,Metro,Delhi,Chennai,0.61,0.7,0.65,14,False,0.62,0.25,0.08
GoDigit,Motor,Motor Trade Road Risk,Long Term Package,Annual,Addon,EMI Protector,Addon Claim,Addon Trigger,Low,High,60000,800000,Yes,No,Yes,Medium,Medium,High,Invoice|Survey Report,Addon Conditions Not Met,Loss Heavy,0.05,0.9,3000.0,1.08,0.57,Urban,Gujarat,Chennai,0.35,0.66,0.51,12,False,0.63,0.25,0.08
GoDigit,Motor,Motor Trade Road Risk,Long Term Package,Annual,Addon,Loss of Use,Addon Claim,Addon Trigger,Low,High,60000,800000,Yes,No,Yes,Medium,Medium,High,Invoice|Survey Report,Addon Conditions Not Met,Loss Heavy,0.05,0.9,3000.0,1.08,0.47,Metro,Gujarat,Bangalore,0.57,0.69,0.39,11,False,0.55,0.25,0.08
GoDigit,Motor,Motor Trade Road Risk,Long Term Package,Annual,Addon,Key Protect,Addon Claim,Addon Trigger,Low,High,60000,800000,Yes,No,Yes,Medium,Medium,High,Invoice|Survey Report,Addon Conditions Not Met,Loss Heavy,0.05,0.9,3000.0,1.08,0.58,Urban,Delhi,Chennai,0.85,0.79,0.88,9,False,0.79,0.25,0.08
GoDigit,Motor,Motor Trade Road Risk,Long Term Package,Annual,Addon,Personal Belongings,Addon Claim,Addon Trigger,Low,High,60000,800000,Yes,No,Yes,Medium,Medium,High,Invoice|Survey Report,Addon Conditions Not Met,Loss Heavy,0.05,0.9,3000.0,1.08,0.52,Urban,Gujarat,Chennai,0.38,0.5,0.84,12,False,0.53,0.25,0.08
GoDigit,Motor,Motor Trade Internal Risk,Package,Annual,Base,Own Damage,Accident / Liability,Policy Defined Event,Medium,Medium,35000,300000,Yes,Yes,Yes,Medium,Low,Medium,Claim Form|FIR|Photos,Policy Breach,Balanced,0.15,0.9,5250.0,1.08,0.38,Metro,Delhi,Ahmedabad,0.7,0.53,0.57,14,False,0.61,0.25,0.03
GoDigit,Motor,Motor Trade Internal Risk,Package,Annual,Base,Third Party,Accident / Liability,Policy Defined Event,Medium,Medium,35000,300000,Yes,Yes,Yes,Medium,Low,Medium,Claim Form|FIR|Photos,Policy Breach,Balanced,0.15,0.9,5250.0,1.08,0.36,Urban,Tamil Nadu,Chennai,0.67,0.37,0.46,7,False,0.72,0.25,0.03
GoDigit,Motor,Motor Trade Internal Risk,Package,Annual,Base,Personal Accident,Accident / Liability,Policy Defined Event,Medium,Medium,35000,300000,Yes,Yes,Yes,Medium,Low,Medium,Claim Form|FIR|Photos,Policy Breach,Balanced,0.15,0.9,5250.0,1.08,0.37,Metro,Karnataka,Mumbai,0.89,0.42,0.6,13,False,0.62,0.25,0.03
GoDigit,Motor,Motor Trade Internal Risk,Package,Annual,Addon,Zero Depreciation,Addon Claim,Addon Trigger,Low,High,60000,800000,Yes,No,Yes,Medium,Medium,High,Invoice|Survey Report,Addon Conditions Not Met,Loss Heavy,0.05,0.9,3000.0,1.08,0.67,Urban,Maharashtra,Delhi,0.87,0.55,0.34,8,False,0.81,0.25,0.08
GoDigit,Motor,Motor Trade Internal Risk,Package,Annual,Addon,Engine Protect,Addon Claim,Addon Trigger,Low,High,60000,800000,Yes,No,Yes,Medium,Medium,High,Invoice|Survey Report,Addon Conditions Not Met,Loss Heavy,0.05,0.9,3000.0,1.08,0.26,Urban,Gujarat,Mumbai,0.55,0.37,0.31,12,False,0.81,0.25,0.08
GoDigit,Motor,Motor Trade Internal Risk,Package,Annual,Addon,Gearbox Protect,Addon Claim,Addon Trigger,Low,High,60000,800000,Yes,No,Yes,Medium,Medium,High,Invoice|Survey Report,Addon Conditions Not Met,Loss Heavy,0.05,0.9,3000.0,1.08,0.69,Urban,Tamil Nadu,Chennai,0.39,0.33,0.52,14,False,0.85,0.25,0.08
GoDigit,Motor,Motor Trade Internal Risk,Package,Annual,Addon,Consumables,Addon Claim,Addon Trigger,Low,High,60000,800000,Yes,No,Yes,Medium,Medium,High,Invoice|Survey Report,Addon Conditions Not Met,Loss Heavy,0.05,0.9,3000.0,1.08,0.43,Metro,Gujarat,Delhi,0.71,0.71,0.37,8,False,0.83,0.25,0.08
GoDigit,Motor,Motor Trade Internal Risk,Package,Annual,Addon,Tyre Protect,Addon Claim,Addon Trigger,Low,High,60000,800000,Yes,No,Yes,Medium,Medium,High,Invoice|Survey Report,Addon Conditions Not Met,Loss Heavy,0.05,0.9,3000.0,1.08,0.31,Metro,Tamil Nadu,Ahmedabad,0.81,0.6,0.55,9,False,0.83,0.25,0.08
GoDigit,Motor,Motor Trade Internal Risk,Package,Annual,Addon,Roadside Assistance,Addon Claim,Addon Trigger,Low,High,60000,800000,Yes,No,Yes,Medium,Medium,High,Invoice|Survey Report,Addon Conditions Not Met,Loss Heavy,0.05,0.9,3000.0,1.08,0.4,Rural,Delhi,Delhi,0.88,0.63,0.72,11,False,0.65,0.25,0.08
GoDigit,Motor,Motor Trade Internal Risk,Package,Annual,Addon,NCB Protect,Addon Claim,Addon Trigger,Low,High,60000,800000,Yes,No,Yes,Medium,Medium,High,Invoice|Survey Report,Addon Conditions Not Met,Loss Heavy,0.05,0.9,3000.0,1.08,0.4,Metro,Gujarat,Bangalore,0.74,0.53,0.77,11,False,0.52,0.25,0.08
GoDigit,Motor,Motor Trade Internal Risk,Package,Annual,Addon,Return to Invoice,Addon Claim,Addon Trigger,Low,High,60000,800000,Yes,No,Yes,Medium,Medium,High,Invoice|Survey Report,Addon Conditions Not Met,Loss Heavy,0.05,0.9,3000.0,1.08,0.4,Urban,Maharashtra,Ahmedabad,0.31,0.65,0.34,7,False,0.75,0.25,0.08
GoDigit,Motor,Motor Trade Internal Risk,Package,Annual,Addon,Invoice Cover,Addon Claim,Addon Trigger,Low,High,60000,800000,Yes,No,Yes,Medium,Medium,High,Invoice|Survey Report,Addon Conditions Not Met,Loss Heavy,0.05,0.9,3000.0,1.08,0.24,Urban,Delhi,Chennai,0.78,0.71,0.72,9,False,0.79,0.25,0.08
GoDigit,Motor,Motor Trade Internal Risk,Package,Annual,Addon,PAYD Benefit,Addon Claim,Addon Trigger,Low,High,60000,800000,Yes,No,Yes,Medium,Medium,High,Invoice|Survey Report,Addon Conditions Not Met,Loss Heavy,0.05,0.9,3000.0,1.08,0.57,Metro,Gujarat,Bangalore,0.37,0.36,0.88,12,False,0.59,0.25,0.08
GoDigit,Motor,Motor Trade Internal Risk,Package,Annual,Addon,EV Addon,Addon Claim,Addon Trigger,Low,High,60000,800000,Yes,No,Yes,Medium,Medium,High,Invoice|Survey Report,Addon Conditions Not Met,Loss Heavy,0.05,0.9,3000.0,1.08,0.39,Metro,Maharashtra,Delhi,0.76,0.77,0.68,13,False,0.57,0.25,0.08
GoDigit,Motor,Motor Trade Internal Risk,Package,Annual,Addon,EMI Protector,Addon Claim,Addon Trigger,Low,High,60000,800000,Yes,No,Yes,Medium,Medium,High,Invoice|Survey Report,Addon Conditions Not Met,Loss Heavy,0.05,0.9,3000.0,1.08,0.45,Rural,Gujarat,Chennai,0.67,0.49,0.43,13,False,0.8,0.25,0.08
GoDigit,Motor,Motor Trade Internal Risk,Package,Annual,Addon,Loss of Use,Addon Claim,Addon Trigger,Low,High,60000,800000,Yes,No,Yes,Medium,Medium,High,Invoice|Survey Report,Addon Conditions Not Met,Loss Heavy,0.05,0.9,3000.0,1.08,0.27,Metro,Gujarat,Mumbai,0.52,0.7,0.76,14,False,0.74,0.25,0.08
GoDigit,Motor,Motor Trade Internal Risk,Package,Annual,Addon,Key Protect,Addon Claim,Addon Trigger,Low,High,60000,800000,Yes,No,Yes,Medium,Medium,High,Invoice|Survey Report,Addon Conditions Not Met,Loss Heavy,0.05,0.9,3000.0,1.08,0.4,Metro,Delhi,Bangalore,0.77,0.36,0.81,9,False,0.67,0.25,0.08
GoDigit,Motor,Motor Trade Internal Risk,Package,Annual,Addon,Personal Belongings,Addon Claim,Addon Trigger,Low,High,60000,800000,Yes,No,Yes,Medium,Medium,High,Invoice|Survey Report,Addon Conditions Not Met,Loss Heavy,0.05,0.9,3000.0,1.08,0.36,Urban,Delhi,Mumbai,0.85,0.72,0.75,7,False,0.71,0.25,0.08
GoDigit,Motor,Motor Trade Internal Risk,Bundled,Annual,Base,Own Damage,Accident / Liability,Policy Defined Event,Medium,Medium,35000,300000,Yes,Yes,Yes,Medium,Low,Medium,Claim Form|FIR|Photos,Policy Breach,Balanced,0.15,0.9,5250.0,1.08,0.21,Metro,Maharashtra,Chennai,0.57,0.53,0.45,9,False,0.75,0.25,0.03
GoDigit,Motor,Motor Trade Internal Risk,Bundled,Annual,Base,Third Party,Accident / Liability,Policy Defined Event,Medium,Medium,35000,300000,Yes,Yes,Yes,Medium,Low,Medium,Claim Form|FIR|Photos,Policy Breach,Balanced,0.15,0.9,5250.0,1.08,0.64,Metro,Delhi,Mumbai,0.62,0.33,0.37,10,False,0.7,0.25,0.03
GoDigit,Motor,Motor Trade Internal Risk,Bundled,Annual,Base,Personal Accident,Accident / Liability,Policy Defined Event,Medium,Medium,35000,300000,Yes,Yes,Yes,Medium,Low,Medium,Claim Form|FIR|Photos,Policy Breach,Balanced,0.15,0.9,5250.0,1.08,0.25,Rural,Tamil Nadu,Bangalore,0.31,0.56,0.62,14,False,0.78,0.25,0.03
GoDigit,Motor,Motor Trade Internal Risk,Bundled,Annual,Addon,Zero Depreciation,Addon Claim,Addon Trigger,Low,High,60000,800000,Yes,No,Yes,Medium,Medium,High,Invoice|Survey Report,Addon Conditions Not Met,Loss Heavy,0.05,0.9,3000.0,1.08,0.39,Rural,Gujarat,Ahmedabad,0.8,0.76,0.35,12,False,0.76,0.25,0.08
GoDigit,Motor,Motor Trade Internal Risk,Bundled,Annual,Addon,Engine Protect,Addon Claim,Addon Trigger,Low,High,60000,800000,Yes,No,Yes,Medium,Medium,High,Invoice|Survey Report,Addon Conditions Not Met,Loss Heavy,0.05,0.9,3000.0,1.08,0.33,Urban,Delhi,Chennai,0.48,0.63,0.41,9,False,0.73,0.25,0.08
GoDigit,Motor,Motor Trade Internal Risk,Bundled,Annual,Addon,Gearbox Protect,Addon Claim,Addon Trigger,Low,High,60000,800000,Yes,No,Yes,Medium,Medium,High,Invoice|Survey Report,Addon Conditions Not Met,Loss Heavy,0.05,0.9,3000.0,1.08,0.52,Metro,Maharashtra,Ahmedabad,0.79,0.54,0.86,9,False,0.58,0.25,0.08
GoDigit,Motor,Motor Trade Internal Risk,Bundled,Annual,Addon,Consumables,Addon Claim,Addon Trigger,Low,High,60000,800000,Yes,No,Yes,Medium,Medium,High,Invoice|Survey Report,Addon Conditions Not Met,Loss Heavy,0.05,0.9,3000.0,1.08,0.33,Rural,Karnataka,Ahmedabad,0.36,0.26,0.66,12,False,0.78,0.25,0.08
GoDigit,Motor,Motor Trade Internal Risk,Bundled,Annual,Addon,Tyre Protect,Addon Claim,Addon Trigger,Low,High,60000,800000,Yes,No,Yes,Medium,Medium,High,Invoice|Survey Report,Addon Conditions Not Met,Loss Heavy,0.05,0.9,3000.0,1.08,0.6,Rural,Gujarat,Bangalore,0.77,0.62,0.76,12,False,0.74,0.25,0.08
GoDigit,Motor,Motor Trade Internal Risk,Bundled,Annual,Addon,Roadside Assistance,Addon Claim,Addon Trigger,Low,High,60000,800000,Yes,No,Yes,Medium,Medium,High,Invoice|Survey Report,Addon Conditions Not Met,Loss Heavy,0.05,0.9,3000.0,1.08,0.66,Urban,Tamil Nadu,Delhi,0.76,0.24,0.65,10,False,0.78,0.25,0.08
GoDigit,Motor,Motor Trade Internal Risk,Bundled,Annual,Addon,NCB Protect,Addon Claim,Addon Trigger,Low,High,60000,800000,Yes,No,Yes,Medium,Medium,High,Invoice|Survey Report,Addon Conditions Not Met,Loss Heavy,0.05,0.9,3000.0,1.08,0.66,Rural,Tamil Nadu,Delhi,0.6,0.59,0.71,8,False,0.81,0.25,0.08
GoDigit,Motor,Motor Trade Internal Risk,Bundled,Annual,Addon,Return to Invoice,Addon Claim,Addon Trigger,Low,High,60000,800000,Yes,No,Yes,Medium,Medium,High,Invoice|Survey Report,Addon Conditions Not Met,Loss Heavy,0.05,0.9,3000.0,1.08,0.51,Rural,Tamil Nadu,Mumbai,0.7,0.39,0.33,13,False,0.82,0.25,0.08
GoDigit,Motor,Motor Trade Internal Risk,Bundled,Annual,Addon,Invoice Cover,Addon Claim,Addon Trigger,Low,High,60000,800000,Yes,No,Yes,Medium,Medium,High,Invoice|Survey Report,Addon Conditions Not Met,Loss Heavy,0.05,0.9,3000.0,1.08,0.21,Rural,Gujarat,Mumbai,0.35,0.21,0.47,10,False,0.58,0.25,0.08
GoDigit,Motor,Motor Trade Internal Risk,Bundled,Annual,Addon,PAYD Benefit,Addon Claim,Addon Trigger,Low,High,60000,800000,Yes,No,Yes,Medium,Medium,High,Invoice|Survey Report,Addon Conditions Not Met,Loss Heavy,0.05,0.9,3000.0,1.08,0.63,Urban,Tamil Nadu,Ahmedabad,0.32,0.46,0.49,8,False,0.81,0.25,0.08
GoDigit,Motor,Motor Trade Internal Risk,Bundled,Annual,Addon,EV Addon,Addon Claim,Addon Trigger,Low,High,60000,800000,Yes,No,Yes,Medium,Medium,High,Invoice|Survey Report,Addon Conditions Not Met,Loss Heavy,0.05,0.9,3000.0,1.08,0.63,Rural,Gujarat,Bangalore,0.73,0.27,0.81,13,False,0.7,0.25,0.08
GoDigit,Motor,Motor Trade Internal Risk,Bundled,Annual,Addon,EMI Protector,Addon Claim,Addon Trigger,Low,High,60000,800000,Yes,No,Yes,Medium,Medium,High,Invoice|Survey Report,Addon Conditions Not Met,Loss Heavy,0.05,0.9,3000.0,1.08,0.5,Rural,Gujarat,Chennai,0.46,0.53,0.68,14,False,0.7,0.25,0.08
GoDigit,Motor,Motor Trade Internal Risk,Bundled,Annual,Addon,Loss of Use,Addon Claim,Addon Trigger,Low,High,60000,800000,Yes,No,Yes,Medium,Medium,High,Invoice|Survey Report,Addon Conditions Not Met,Loss Heavy,0.05,0.9,3000.0,1.08,0.69,Rural,Maharashtra,Chennai,0.36,0.35,0.84,11,False,0.53,0.25,0.08
GoDigit,Motor,Motor Trade Internal Risk,Bundled,Annual,Addon,Key Protect,Addon Claim,Addon Trigger,Low,High,60000,800000,Yes,No,Yes,Medium,Medium,High,Invoice|Survey Report,Addon Conditions Not Met,Loss Heavy,0.05,0.9,3000.0,1.08,0.63,Metro,Gujarat,Chennai,0.75,0.68,0.88,13,False,0.84,0.25,0.08
GoDigit,Motor,Motor Trade Internal Risk,Bundled,Annual,Addon,Personal Belongings,Addon Claim,Addon Trigger,Low,High,60000,800000,Yes,No,Yes,Medium,Medium,High,Invoice|Survey Report,Addon Conditions Not Met,Loss Heavy,0.05,0.9,3000.0,1.08,0.49,Rural,Gujarat,Delhi,0.47,0.24,0.5,11,False,0.76,0.25,0.08
GoDigit,Motor,Motor Trade Internal Risk,Standalone Own Damage,Annual,Base,Own Damage,Accident / Liability,Policy Defined Event,Medium,Medium,35000,300000,Yes,Yes,Yes,Medium,Low,Medium,Claim Form|FIR|Photos,Policy Breach,Balanced,0.15,0.9,5250.0,1.08,0.51,Metro,Gujarat,Mumbai,0.71,0.63,0.62,12,False,0.78,0.25,0.03
GoDigit,Motor,Motor Trade Internal Risk,Standalone Own Damage,Annual,Base,Personal Accident,Accident / Liability,Policy Defined Event,Medium,Medium,35000,300000,Yes,Yes,Yes,Medium,Low,Medium,Claim Form|FIR|Photos,Policy Breach,Balanced,0.15,0.9,5250.0,1.08,0.33,Metro,Tamil Nadu,Ahmedabad,0.55,0.59,0.63,7,False,0.69,0.25,0.03
GoDigit,Motor,Motor Trade Internal Risk,Standalone Own Damage,Annual,Addon,Zero Depreciation,Addon Claim,Addon Trigger,Low,High,60000,800000,Yes,No,Yes,Medium,Medium,High,Invoice|Survey Report,Addon Conditions Not Met,Loss Heavy,0.05,0.9,3000.0,1.08,0.51,Metro,Karnataka,Delhi,0.48,0.4,0.59,8,False,0.59,0.25,0.08
GoDigit,Motor,Motor Trade Internal Risk,Standalone Own Damage,Annual,Addon,Engine Protect,Addon Claim,Addon Trigger,Low,High,60000,800000,Yes,No,Yes,Medium,Medium,High,Invoice|Survey Report,Addon Conditions Not Met,Loss Heavy,0.05,0.9,3000.0,1.08,0.32,Rural,Tamil Nadu,Mumbai,0.39,0.39,0.8,8,False,0.66,0.25,0.08
GoDigit,Motor,Motor Trade Internal Risk,Standalone Own Damage,Annual,Addon,Gearbox Protect,Addon Claim,Addon Trigger,Low,High,60000,800000,Yes,No,Yes,Medium,Medium,High,Invoice|Survey Report,Addon Conditions Not Met,Loss Heavy,0.05,0.9,3000.0,1.08,0.44,Urban,Maharashtra,Bangalore,0.82,0.72,0.3,12,False,0.54,0.25,0.08
GoDigit,Motor,Motor Trade Internal Risk,Standalone Own Damage,Annual,Addon,Consumables,Addon Claim,Addon Trigger,Low,High,60000,800000,Yes,No,Yes,Medium,Medium,High,Invoice|Survey Report,Addon Conditions Not Met,Loss Heavy,0.05,0.9,3000.0,1.08,0.28,Metro,Maharashtra,Chennai,0.79,0.31,0.69,10,False,0.59,0.25,0.08
GoDigit,Motor,Motor Trade Internal Risk,Standalone Own Damage,Annual,Addon,Tyre Protect,Addon Claim,Addon Trigger,Low,High,60000,800000,Yes,No,Yes,Medium,Medium,High,Invoice|Survey Report,Addon Conditions Not Met,Loss Heavy,0.05,0.9,3000.0,1.08,0.24,Rural,Maharashtra,Chennai,0.59,0.52,0.62,12,False,0.64,0.25,0.08
GoDigit,Motor,Motor Trade Internal Risk,Standalone Own Damage,Annual,Addon,Roadside Assistance,Addon Claim,Addon Trigger,Low,High,60000,800000,Yes,No,Yes,Medium,Medium,High,Invoice|Survey Report,Addon Conditions Not Met,Loss Heavy,0.05,0.9,3000.0,1.08,0.66,Rural,Karnataka,Ahmedabad,0.66,0.55,0.79,7,False,0.64,0.25,0.08
GoDigit,Motor,Motor Trade Internal Risk,Standalone Own Damage,Annual,Addon,NCB Protect,Addon Claim,Addon Trigger,Low,High,60000,800000,Yes,No,Yes,Medium,Medium,High,Invoice|Survey Report,Addon Conditions Not Met,Loss Heavy,0.05,0.9,3000.0,1.08,0.46,Rural,Karnataka,Mumbai,0.57,0.53,0.42,14,False,0.68,0.25,0.08
GoDigit,Motor,Motor Trade Internal Risk,Standalone Own Damage,Annual,Addon,Return to Invoice,Addon Claim,Addon Trigger,Low,High,60000,800000,Yes,No,Yes,Medium,Medium,High,Invoice|Survey Report,Addon Conditions Not Met,Loss Heavy,0.05,0.9,3000.0,1.08,0.27,Metro,Maharashtra,Chennai,0.3,0.33,0.9,12,False,0.78,0.25,0.08
GoDigit,Motor,Motor Trade Internal Risk,Standalone Own Damage,Annual,Addon,Invoice Cover,Addon Claim,Addon Trigger,Low,High,60000,800000,Yes,No,Yes,Medium,Medium,High,Invoice|Survey Report,Addon Conditions Not Met,Loss Heavy,0.05,0.9,3000.0,1.08,0.31,Metro,Tamil Nadu,Delhi,0.75,0.47,0.41,11,False,0.56,0.25,0.08
GoDigit,Motor,Motor Trade Internal Risk,Standalone Own Damage,Annual,Addon,PAYD Benefit,Addon Claim,Addon Trigger,Low,High,60000,800000,Yes,No,Yes,Medium,Medium,High,Invoice|Survey Report,Addon Conditions Not Met,Loss Heavy,0.05,0.9,3000.0,1.08,0.51,Metro,Maharashtra,Bangalore,0.65,0.75,0.81,11,False,0.75,0.25,0.08
GoDigit,Motor,Motor Trade Internal Risk,Standalone Own Damage,Annual,Addon,EV Addon,Addon Claim,Addon Trigger,Low,High,60000,800000,Yes,No,Yes,Medium,Medium,High,Invoice|Survey Report,Addon Conditions Not Met,Loss Heavy,0.05,0.9,3000.0,1.08,0.67,Metro,Maharashtra,Bangalore,0.58,0.7,0.82,13,False,0.59,0.25,0.08
GoDigit,Motor,Motor Trade Internal Risk,Standalone Own Damage,Annual,Addon,EMI Protector,Addon Claim,Addon Trigger,Low,High,60000,800000,Yes,No,Yes,Medium,Medium,High,Invoice|Survey Report,Addon Conditions Not Met,Loss Heavy,0.05,0.9,3000.0,1.08,0.43,Metro,Maharashtra,Bangalore,0.52,0.53,0.32,11,False,0.54,0.25,0.08
GoDigit,Motor,Motor Trade Internal Risk,Standalone Own Damage,Annual,Addon,Loss of Use,Addon Claim,Addon Trigger,Low,High,60000,800000,Yes,No,Yes,Medium,Medium,High,Invoice|Survey Report,Addon Conditions Not Met,Loss Heavy,0.05,0.9,3000.0,1.08,0.66,Urban,Gujarat,Chennai,0.83,0.35,0.61,10,False,0.58,0.25,0.08
GoDigit,Motor,Motor Trade Internal Risk,Standalone Own Damage,Annual,Addon,Key Protect,Addon Claim,Addon Trigger,Low,High,60000,800000,Yes,No,Yes,Medium,Medium,High,Invoice|Survey Report,Addon Conditions Not Met,Loss Heavy,0.05,0.9,3000.0,1.08,0.27,Urban,Karnataka,Mumbai,0.7,0.74,0.69,12,False,0.52,0.25,0.08
GoDigit,Motor,Motor Trade Internal Risk,Standalone Own Damage,Annual,Addon,Personal Belongings,Addon Claim,Addon Trigger,Low,High,60000,800000,Yes,No,Yes,Medium,Medium,High,Invoice|Survey Report,Addon Conditions Not Met,Loss Heavy,0.05,0.9,3000.0,1.08,0.31,Urban,Karnataka,Chennai,0.42,0.66,0.53,13,False,0.58,0.25,0.08
GoDigit,Motor,Motor Trade Internal Risk,Liability Only,Annual,Base,Third Party,Accident / Liability,Policy Defined Event,Medium,Medium,35000,300000,Yes,Yes,Yes,Medium,Low,Medium,Claim Form|FIR|Photos,Policy Breach,Balanced,0.15,0.9,5250.0,1.08,0.62,Urban,Delhi,Ahmedabad,0.87,0.37,0.31,9,False,0.71,0.25,0.03
GoDigit,Motor,Motor Trade Internal Risk,Liability Only,Annual,Base,Personal Accident,Accident / Liability,Policy Defined Event,Medium,Medium,35000,300000,Yes,Yes,Yes,Medium,Low,Medium,Claim Form|FIR|Photos,Policy Breach,Balanced,0.15,0.9,5250.0,1.08,0.26,Rural,Gujarat,Bangalore,0.84,0.79,0.57,10,False,0.61,0.25,0.03
GoDigit,Motor,Motor Trade Internal Risk,Long Term Package,Annual,Base,Own Damage,Accident / Liability,Policy Defined Event,Medium,Medium,35000,300000,Yes,Yes,Yes,Medium,Low,Medium,Claim Form|FIR|Photos,Policy Breach,Balanced,0.15,0.9,5250.0,1.08,0.38,Urban,Maharashtra,Chennai,0.51,0.75,0.84,7,False,0.8,0.25,0.03
GoDigit,Motor,Motor Trade Internal Risk,Long Term Package,Annual,Base,Third Party,Accident / Liability,Policy Defined Event,Medium,Medium,35000,300000,Yes,Yes,Yes,Medium,Low,Medium,Claim Form|FIR|Photos,Policy Breach,Balanced,0.15,0.9,5250.0,1.08,0.34,Metro,Delhi,Bangalore,0.77,0.27,0.51,12,False,0.75,0.25,0.03
GoDigit,Motor,Motor Trade Internal Risk,Long Term Package,Annual,Base,Personal Accident,Accident / Liability,Policy Defined Event,Medium,Medium,35000,300000,Yes,Yes,Yes,Medium,Low,Medium,Claim Form|FIR|Photos,Policy Breach,Balanced,0.15,0.9,5250.0,1.08,0.42,Rural,Gujarat,Delhi,0.69,0.67,0.51,10,False,0.67,0.25,0.03
GoDigit,Motor,Motor Trade Internal Risk,Long Term Package,Annual,Addon,Zero Depreciation,Addon Claim,Addon Trigger,Low,High,60000,800000,Yes,No,Yes,Medium,Medium,High,Invoice|Survey Report,Addon Conditions Not Met,Loss Heavy,0.05,0.9,3000.0,1.08,0.29,Urban,Gujarat,Ahmedabad,0.49,0.37,0.41,9,False,0.59,0.25,0.08
GoDigit,Motor,Motor Trade Internal Risk,Long Term Package,Annual,Addon,Engine Protect,Addon Claim,Addon Trigger,Low,High,60000,800000,Yes,No,Yes,Medium,Medium,High,Invoice|Survey Report,Addon Conditions Not Met,Loss Heavy,0.05,0.9,3000.0,1.08,0.22,Rural,Karnataka,Mumbai,0.55,0.79,0.55,11,False,0.68,0.25,0.08
GoDigit,Motor,Motor Trade Internal Risk,Long Term Package,Annual,Addon,Gearbox Protect,Addon Claim,Addon Trigger,Low,High,60000,800000,Yes,No,Yes,Medium,Medium,High,Invoice|Survey Report,Addon Conditions Not Met,Loss Heavy,0.05,0.9,3000.0,1.08,0.2,Urban,Tamil Nadu,Mumbai,0.49,0.38,0.68,9,False,0.57,0.25,0.08
GoDigit,Motor,Motor Trade Internal Risk,Long Term Package,Annual,Addon,Consumables,Addon Claim,Addon Trigger,Low,High,60000,800000,Yes,No,Yes,Medium,Medium,High,Invoice|Survey Report,Addon Conditions Not Met,Loss Heavy,0.05,0.9,3000.0,1.08,0.51,Urban,Tamil Nadu,Bangalore,0.31,0.66,0.71,12,False,0.78,0.25,0.08
GoDigit,Motor,Motor Trade Internal Risk,Long Term Package,Annual,Addon,Tyre Protect,Addon Claim,Addon Trigger,Low,High,60000,800000,Yes,No,Yes,Medium,Medium,High,Invoice|Survey Report,Addon Conditions Not Met,Loss Heavy,0.05,0.9,3000.0,1.08,0.68,Rural,Karnataka,Bangalore,0.56,0.78,0.54,13,False,0.65,0.25,0.08
GoDigit,Motor,Motor Trade Internal Risk,Long Term Package,Annual,Addon,Roadside Assistance,Addon Claim,Addon Trigger,Low,High,60000,800000,Yes,No,Yes,Medium,Medium,High,Invoice|Survey Report,Addon Conditions Not Met,Loss Heavy,0.05,0.9,3000.0,1.08,0.43,Metro,Karnataka,Mumbai,0.73,0.51,0.84,7,False,0.56,0.25,0.08
GoDigit,Motor,Motor Trade Internal Risk,Long Term Package,Annual,Addon,NCB Protect,Addon Claim,Addon Trigger,Low,High,60000,800000,Yes,No,Yes,Medium,Medium,High,Invoice|Survey Report,Addon Conditions Not Met,Loss Heavy,0.05,0.9,3000.0,1.08,0.44,Metro,Gujarat,Chennai,0.51,0.53,0.5,12,False,0.75,0.25,0.08
GoDigit,Motor,Motor Trade Internal Risk,Long Term Package,Annual,Addon,Return to Invoice,Addon Claim,Addon Trigger,Low,High,60000,800000,Yes,No,Yes,Medium,Medium,High,Invoice|Survey Report,Addon Conditions Not Met,Loss Heavy,0.05,0.9,3000.0,1.08,0.25,Urban,Tamil Nadu,Bangalore,0.46,0.78,0.42,12,False,0.81,0.25,0.08
GoDigit,Motor,Motor Trade Internal Risk,Long Term Package,Annual,Addon,Invoice Cover,Addon Claim,Addon Trigger,Low,High,60000,800000,Yes,No,Yes,Medium,Medium,High,Invoice|Survey Report,Addon Conditions Not Met,Loss Heavy,0.05,0.9,3000.0,1.08,0.28,Metro,Delhi,Delhi,0.53,0.5,0.69,13,False,0.72,0.25,0.08
GoDigit,Motor,Motor Trade Internal Risk,Long Term Package,Annual,Addon,PAYD Benefit,Addon Claim,Addon Trigger,Low,High,60000,800000,Yes,No,Yes,Medium,Medium,High,Invoice|Survey Report,Addon Conditions Not Met,Loss Heavy,0.05,0.9,3000.0,1.08,0.31,Urban,Karnataka,Bangalore,0.54,0.23,0.64,8,False,0.78,0.25,0.08
GoDigit,Motor,Motor Trade Internal Risk,Long Term Package,Annual,Addon,EV Addon,Addon Claim,Addon Trigger,Low,High,60000,800000,Yes,No,Yes,Medium,Medium,High,Invoice|Survey Report,Addon Conditions Not Met,Loss Heavy,0.05,0.9,3000.0,1.08,0.38,Metro,Karnataka,Chennai,0.5,0.65,0.52,14,False,0.59,0.25,0.08
GoDigit,Motor,Motor Trade Internal Risk,Long Term Package,Annual,Addon,EMI Protector,Addon Claim,Addon Trigger,Low,High,60000,800000,Yes,No,Yes,Medium,Medium,High,Invoice|Survey Report,Addon Conditions Not Met,Loss Heavy,0.05,0.9,3000.0,1.08,0.62,Urban,Maharashtra,Chennai,0.81,0.63,0.45,12,False,0.81,0.25,0.08
GoDigit,Motor,Motor Trade Internal Risk,Long Term Package,Annual,Addon,Loss of Use,Addon Claim,Addon Trigger,Low,High,60000,800000,Yes,No,Yes,Medium,Medium,High,Invoice|Survey Report,Addon Conditions Not Met,Loss Heavy,0.05,0.9,3000.0,1.08,0.42,Rural,Tamil Nadu,Ahmedabad,0.88,0.78,0.82,12,False,0.76,0.25,0.08
GoDigit,Motor,Motor Trade Internal Risk,Long Term Package,Annual,Addon,Key Protect,Addon Claim,Addon Trigger,Low,High,60000,800000,Yes,No,Yes,Medium,Medium,High,Invoice|Survey Report,Addon Conditions Not Met,Loss Heavy,0.05,0.9,3000.0,1.08,0.41,Urban,Karnataka,Delhi,0.75,0.73,0.64,11,False,0.71,0.25,0.08
GoDigit,Motor,Motor Trade Internal Risk,Long Term Package,Annual,Addon,Personal Belongings,Addon Claim,Addon Trigger,Low,High,60000,800000,Yes,No,Yes,Medium,Medium,High,Invoice|Survey Report,Addon Conditions Not Met,Loss Heavy,0.05,0.9,3000.0,1.08,0.27,Metro,Tamil Nadu,Mumbai,0.58,0.66,0.4,8,False,0.75,0.25,0.08
HDFCERGO,Motor,Private Car,Package,Annual,Base,Own Damage,Accident / Liability,Policy Defined Event,Medium,Medium,35000,300000,Yes,Yes,Yes,Medium,Low,Medium,Claim Form|FIR|Photos,Policy Breach,Balanced,0.15,0.9,5250.0,1.08,0.37,Metro,Gujarat,Mumbai,0.71,0.74,0.75,10,False,0.76,0.25,0.03
HDFCERGO,Motor,Private Car,Package,Annual,Base,Third Party,Accident / Liability,Policy Defined Event,Medium,Medium,35000,300000,Yes,Yes,Yes,Medium,Low,Medium,Claim Form|FIR|Photos,Policy Breach,Balanced,0.15,0.9,5250.0,1.08,0.29,Urban,Karnataka,Bangalore,0.5,0.77,0.53,14,False,0.61,0.25,0.03
HDFCERGO,Motor,Private Car,Package,Annual,Base,Personal Accident,Accident / Liability,Policy Defined Event,Medium,Medium,35000,300000,Yes,Yes,Yes,Medium,Low,Medium,Claim Form|FIR|Photos,Policy Breach,Balanced,0.15,0.9,5250.0,1.08,0.25,Urban,Delhi,Ahmedabad,0.85,0.34,0.47,13,False,0.8,0.25,0.03
HDFCERGO,Motor,Private Car,Package,Annual,Addon,Zero Depreciation,Addon Claim,Addon Trigger,Low,High,60000,800000,Yes,No,Yes,Medium,Medium,High,Invoice|Survey Report,Addon Conditions Not Met,Loss Heavy,0.05,0.9,3000.0,1.08,0.38,Metro,Tamil Nadu,Chennai,0.52,0.6,0.8,8,False,0.53,0.25,0.08
HDFCERGO,Motor,Private Car,Package,Annual,Addon,Engine Protect,Addon Claim,Addon Trigger,Low,High,60000,800000,Yes,No,Yes,Medium,Medium,High,Invoice|Survey Report,Addon Conditions Not Met,Loss Heavy,0.05,0.9,3000.0,1.08,0.65,Metro,Karnataka,Bangalore,0.54,0.23,0.46,13,False,0.67,0.25,0.08
HDFCERGO,Motor,Private Car,Package,Annual,Addon,Gearbox Protect,Addon Claim,Addon Trigger,Low,High,60000,800000,Yes,No,Yes,Medium,Medium,High,Invoice|Survey Report,Addon Conditions Not Met,Loss Heavy,0.05,0.9,3000.0,1.08,0.22,Urban,Karnataka,Bangalore,0.51,0.7,0.37,12,False,0.84,0.25,0.08
HDFCERGO,Motor,Private Car,Package,Annual,Addon,Consumables,Addon Claim,Addon Trigger,Low,High,60000,800000,Yes,No,Yes,Medium,Medium,High,Invoice|Survey Report,Addon Conditions Not Met,Loss Heavy,0.05,0.9,3000.0,1.08,0.45,Rural,Tamil Nadu,Chennai,0.41,0.31,0.48,14,False,0.75,0.25,0.08
HDFCERGO,Motor,Private Car,Package,Annual,Addon,Tyre Protect,Addon Claim,Addon Trigger,Low,High,60000,800000,Yes,No,Yes,Medium,Medium,High,Invoice|Survey Report,Addon Conditions Not Met,Loss Heavy,0.05,0.9,3000.0,1.08,0.51,Urban,Karnataka,Ahmedabad,0.6,0.36,0.49,9,False,0.58,0.25,0.08
HDFCERGO,Motor,Private Car,Package,Annual,Addon,Roadside Assistance,Addon Claim,Addon Trigger,Low,High,60000,800000,Yes,No,Yes,Medium,Medium,High,Invoice|Survey Report,Addon Conditions Not Met,Loss Heavy,0.05,0.9,3000.0,1.08,0.61,Rural,Karnataka,Mumbai,0.44,0.66,0.67,12,False,0.59,0.25,0.08
HDFCERGO,Motor,Private Car,Package,Annual,Addon,NCB Protect,Addon Claim,Addon Trigger,Low,High,60000,800000,Yes,No,Yes,Medium,Medium,High,Invoice|Survey Report,Addon Conditions Not Met,Loss Heavy,0.05,0.9,3000.0,1.08,0.43,Metro,Karnataka,Bangalore,0.38,0.65,0.72,7,False,0.52,0.25,0.08
HDFCERGO,Motor,Private Car,Package,Annual,Addon,Return to Invoice,Addon Claim,Addon Trigger,Low,High,60000,800000,Yes,No,Yes,Medium,Medium,High,Invoice|Survey Report,Addon Conditions Not Met,Loss Heavy,0.05,0.9,3000.0,1.08,0.52,Urban,Delhi,Ahmedabad,0.45,0.74,0.71,9,False,0.56,0.25,0.08
HDFCERGO,Motor,Private Car,Package,Annual,Addon,Invoice Cover,Addon Claim,Addon Trigger,Low,High,60000,800000,Yes,No,Yes,Medium,Medium,High,Invoice|Survey Report,Addon Conditions Not Met,Loss Heavy,0.05,0.9,3000.0,1.08,0.43,Rural,Delhi,Ahmedabad,0.77,0.63,0.37,9,False,0.52,0.25,0.08
HDFCERGO,Motor,Private Car,Package,Annual,Addon,PAYD Benefit,Addon Claim,Addon Trigger,Low,High,60000,800000,Yes,No,Yes,Medium,Medium,High,Invoice|Survey Report,Addon Conditions Not Met,Loss Heavy,0.05,0.9,3000.0,1.08,0.29,Urban,Maharashtra,Bangalore,0.74,0.42,0.72,8,False,0.6,0.25,0.08
HDFCERGO,Motor,Private Car,Package,Annual,Addon,EV Addon,Addon Claim,Addon Trigger,Low,High,60000,800000,Yes,No,Yes,Medium,Medium,High,Invoice|Survey Report,Addon Conditions Not Met,Loss Heavy,0.05,0.9,3000.0,1.08,0.23,Rural,Karnataka,Ahmedabad,0.42,0.28,0.65,9,False,0.82,0.25,0.08
HDFCERGO,Motor,Private Car,Package,Annual,Addon,EMI Protector,Addon Claim,Addon Trigger,Low,High,60000,800000,Yes,No,Yes,Medium,Medium,High,Invoice|Survey Report,Addon Conditions Not Met,Loss Heavy,0.05,0.9,3000.0,1.08,0.36,Urban,Maharashtra,Bangalore,0.83,0.72,0.83,7,False,0.54,0.25,0.08
HDFCERGO,Motor,Private Car,Package,Annual,Addon,Loss of Use,Addon Claim,Addon Trigger,Low,High,60000,800000,Yes,No,Yes,Medium,Medium,High,Invoice|Survey Report,Addon Conditions Not Met,Loss Heavy,0.05,0.9,3000.0,1.08,0.32,Rural,Delhi,Mumbai,0.67,0.46,0.36,13,False,0.78,0.25,0.08
HDFCERGO,Motor,Private Car,Package,Annual,Addon,Key Protect,Addon Claim,Addon Trigger,Low,High,60000,800000,Yes,No,Yes,Medium,Medium,High,Invoice|Survey Report,Addon Conditions Not Met,Loss Heavy,0.05,0.9,3000.0,1.08,0.49,Metro,Maharashtra,Delhi,0.31,0.62,0.75,12,False,0.67,0.25,0.08
HDFCERGO,Motor,Private Car,Package,Annual,Addon,Personal Belongings,Addon Claim,Addon Trigger,Low,High,60000,800000,Yes,No,Yes,Medium,Medium,High,Invoice|Survey Report,Addon Conditions Not Met,Loss Heavy,0.05,0.9,3000.0,1.08,0.34,Urban,Delhi,Bangalore,0.77,0.49,0.32,11,False,0.66,0.25,0.08
HDFCERGO,Motor,Private Car,Bundled,Annual,Base,Own Damage,Accident / Liability,Policy Defined Event,Medium,Medium,35000,300000,Yes,Yes,Yes,Medium,Low,Medium,Claim Form|FIR|Photos,Policy Breach,Balanced,0.15,0.9,5250.0,1.08,0.29,Rural,Karnataka,Mumbai,0.4,0.66,0.69,10,False,0.66,0.25,0.03
HDFCERGO,Motor,Private Car,Bundled,Annual,Base,Third Party,Accident / Liability,Policy Defined Event,Medium,Medium,35000,300000,Yes,Yes,Yes,Medium,Low,Medium,Claim Form|FIR|Photos,Policy Breach,Balanced,0.15,0.9,5250.0,1.08,0.5,Metro,Gujarat,Bangalore,0.7,0.71,0.56,8,False,0.83,0.25,0.03
HDFCERGO,Motor,Private Car,Bundled,Annual,Base,Personal Accident,Accident / Liability,Policy Defined Event,Medium,Medium,35000,300000,Yes,Yes,Yes,Medium,Low,Medium,Claim Form|FIR|Photos,Policy Breach,Balanced,0.15,0.9,5250.0,1.08,0.54,Metro,Delhi,Mumbai,0.77,0.22,0.4,9,False,0.77,0.25,0.03
HDFCERGO,Motor,Private Car,Bundled,Annual,Addon,Zero Depreciation,Addon Claim,Addon Trigger,Low,High,60000,800000,Yes,No,Yes,Medium,Medium,High,Invoice|Survey Report,Addon Conditions Not Met,Loss Heavy,0.05,0.9,3000.0,1.08,0.36,Urban,Maharashtra,Bangalore,0.55,0.4,0.82,12,False,0.77,0.25,0.08
HDFCERGO,Motor,Private Car,Bundled,Annual,Addon,Engine Protect,Addon Claim,Addon Trigger,Low,High,60000,800000,Yes,No,Yes,Medium,Medium,High,Invoice|Survey Report,Addon Conditions Not Met,Loss Heavy,0.05,0.9,3000.0,1.08,0.32,Rural,Delhi,Mumbai,0.52,0.59,0.84,13,False,0.54,0.25,0.08
HDFCERGO,Motor,Private Car,Bundled,Annual,Addon,Gearbox Protect,Addon Claim,Addon Trigger,Low,High,60000,800000,Yes,No,Yes,Medium,Medium,High,Invoice|Survey Report,Addon Conditions Not Met,Loss Heavy,0.05,0.9,3000.0,1.08,0.46,Rural,Tamil Nadu,Delhi,0.62,0.31,0.65,10,False,0.7,0.25,0.08
HDFCERGO,Motor,Private Car,Bundled,Annual,Addon,Consumables,Addon Claim,Addon Trigger,Low,High,60000,800000,Yes,No,Yes,Medium,Medium,High,Invoice|Survey Report,Addon Conditions Not Met,Loss Heavy,0.05,0.9,3000.0,1.08,0.27,Rural,Gujarat,Ahmedabad,0.81,0.58,0.58,7,False,0.54,0.25,0.08
HDFCERGO,Motor,Private Car,Bundled,Annual,Addon,Tyre Protect,Addon Claim,Addon Trigger,Low,High,60000,800000,Yes,No,Yes,Medium,Medium,High,Invoice|Survey Report,Addon Conditions Not Met,Loss Heavy,0.05,0.9,3000.0,1.08,0.2,Metro,Tamil Nadu,Bangalore,0.66,0.45,0.79,14,False,0.56,0.25,0.08
HDFCERGO,Motor,Private Car,Bundled,Annual,Addon,Roadside Assistance,Addon Claim,Addon Trigger,Low,High,60000,800000,Yes,No,Yes,Medium,Medium,High,Invoice|Survey Report,Addon Conditions Not Met,Loss Heavy,0.05,0.9,3000.0,1.08,0.46,Rural,Karnataka,Chennai,0.52,0.34,0.63,7,False,0.84,0.25,0.08
HDFCERGO,Motor,Private Car,Bundled,Annual,Addon,NCB Protect,Addon Claim,Addon Trigger,Low,High,60000,800000,Yes,No,Yes,Medium,Medium,High,Invoice|Survey Report,Addon Conditions Not Met,Loss Heavy,0.05,0.9,3000.0,1.08,0.69,Metro,Tamil Nadu,Chennai,0.56,0.42,0.59,10,False,0.74,0.25,0.08
HDFCERGO,Motor,Private Car,Bundled,Annual,Addon,Return to Invoice,Addon Claim,Addon Trigger,Low,High,60000,800000,Yes,No,Yes,Medium,Medium,High,Invoice|Survey Report,Addon Conditions Not Met,Loss Heavy,0.05,0.9,3000.0,1.08,0.28,Metro,Gujarat,Mumbai,0.79,0.29,0.54,7,False,0.68,0.25,0.08
HDFCERGO,Motor,Private Car,Bundled,Annual,Addon,Invoice Cover,Addon Claim,Addon Trigger,Low,High,60000,800000,Yes,No,Yes,Medium,Medium,High,Invoice|Survey Report,Addon Conditions Not Met,Loss Heavy,0.05,0.9,3000.0,1.08,0.61,Rural,Delhi,Bangalore,0.35,0.36,0.88,9,False,0.85,0.25,0.08
HDFCERGO,Motor,Private Car,Bundled,Annual,Addon,PAYD Benefit,Addon Claim,Addon Trigger,Low,High,60000,800000,Yes,No,Yes,Medium,Medium,High,Invoice|Survey Report,Addon Conditions Not Met,Loss Heavy,0.05,0.9,3000.0,1.08,0.59,Rural,Tamil Nadu,Bangalore,0.64,0.57,0.46,11,False,0.84,0.25,0.08
HDFCERGO,Motor,Private Car,Bundled,Annual,Addon,EV Addon,Addon Claim,Addon Trigger,Low,High,60000,800000,Yes,No,Yes,Medium,Medium,High,Invoice|Survey Report,Addon Conditions Not Met,Loss Heavy,0.05,0.9,3000.0,1.08,0.31,Urban,Gujarat,Chennai,0.84,0.77,0.52,9,False,0.53,0.25,0.08
HDFCERGO,Motor,Private Car,Bundled,Annual,Addon,EMI Protector,Addon Claim,Addon Trigger,Low,High,60000,800000,Yes,No,Yes,Medium,Medium,High,Invoice|Survey Report,Addon Conditions Not Met,Loss Heavy,0.05,0.9,3000.0,1.08,0.26,Metro,Tamil Nadu,Delhi,0.5,0.79,0.43,10,False,0.5,0.25,0.08
HDFCERGO,Motor,Private Car,Bundled,Annual,Addon,Loss of Use,Addon Claim,Addon Trigger,Low,High,60000,800000,Yes,No,Yes,Medium,Medium,High,Invoice|Survey Report,Addon Conditions Not Met,Loss Heavy,0.05,0.9,3000.0,1.08,0.3,Metro,Tamil Nadu,Mumbai,0.77,0.77,0.74,12,False,0.8,0.25,0.08
HDFCERGO,Motor,Private Car,Bundled,Annual,Addon,Key Protect,Addon Claim,Addon Trigger,Low,High,60000,800000,Yes,No,Yes,Medium,Medium,High,Invoice|Survey Report,Addon Conditions Not Met,Loss Heavy,0.05,0.9,3000.0,1.08,0.64,Urban,Karnataka,Bangalore,0.59,0.45,0.4,7,False,0.84,0.25,0.08
HDFCERGO,Motor,Private Car,Bundled,Annual,Addon,Personal Belongings,Addon Claim,Addon Trigger,Low,High,60000,800000,Yes,No,Yes,Medium,Medium,High,Invoice|Survey Report,Addon Conditions Not Met,Loss Heavy,0.05,0.9,3000.0,1.08,0.5,Rural,Gujarat,Bangalore,0.89,0.51,0.53,11,False,0.52,0.25,0.08
HDFCERGO,Motor,Private Car,Standalone Own Damage,Annual,Base,Own Damage,Accident / Liability,Policy Defined Event,Medium,Medium,35000,300000,Yes,Yes,Yes,Medium,Low,Medium,Claim Form|FIR|Photos,Policy Breach,Balanced,0.15,0.9,5250.0,1.08,0.23,Urban,Tamil Nadu,Delhi,0.56,0.42,0.36,9,False,0.69,0.25,0.03
HDFCERGO,Motor,Private Car,Standalone Own Damage,Annual,Base,Personal Accident,Accident / Liability,Policy Defined Event,Medium,Medium,35000,300000,Yes,Yes,Yes,Medium,Low,Medium,Claim Form|FIR|Photos,Policy Breach,Balanced,0.15,0.9,5250.0,1.08,0.61,Rural,Maharashtra,Delhi,0.46,0.58,0.69,11,False,0.77,0.25,0.03
HDFCERGO,Motor,Private Car,Standalone Own Damage,Annual,Addon,Zero Depreciation,Addon Claim,Addon Trigger,Low,High,60000,800000,Yes,No,Yes,Medium,Medium,High,Invoice|Survey Report,Addon Conditions Not Met,Loss Heavy,0.05,0.9,3000.0,1.08,0.67,Metro,Delhi,Bangalore,0.53,0.48,0.59,8,False,0.71,0.25,0.08
HDFCERGO,Motor,Private Car,Standalone Own Damage,Annual,Addon,Engine Protect,Addon Claim,Addon Trigger,Low,High,60000,800000,Yes,No,Yes,Medium,Medium,High,Invoice|Survey Report,Addon Conditions Not Met,Loss Heavy,0.05,0.9,3000.0,1.08,0.57,Metro,Delhi,Ahmedabad,0.52,0.61,0.62,13,False,0.7,0.25,0.08
HDFCERGO,Motor,Private Car,Standalone Own Damage,Annual,Addon,Gearbox Protect,Addon Claim,Addon Trigger,Low,High,60000,800000,Yes,No,Yes,Medium,Medium,High,Invoice|Survey Report,Addon Conditions Not Met,Loss Heavy,0.05,0.9,3000.0,1.08,0.55,Urban,Tamil Nadu,Mumbai,0.3,0.32,0.85,13,False,0.6,0.25,0.08
HDFCERGO,Motor,Private Car,Standalone Own Damage,Annual,Addon,Consumables,Addon Claim,Addon Trigger,Low,High,60000,800000,Yes,No,Yes,Medium,Medium,High,Invoice|Survey Report,Addon Conditions Not Met,Loss Heavy,0.05,0.9,3000.0,1.08,0.22,Metro,Gujarat,Mumbai,0.39,0.33,0.82,13,False,0.85,0.25,0.08
HDFCERGO,Motor,Private Car,Standalone Own Damage,Annual,Addon,Tyre Protect,Addon Claim,Addon Trigger,Low,High,60000,800000,Yes,No,Yes,Medium,Medium,High,Invoice|Survey Report,Addon Conditions Not Met,Loss Heavy,0.05,0.9,3000.0,1.08,0.66,Urban,Gujarat,Chennai,0.38,0.21,0.89,12,False,0.77,0.25,0.08
HDFCERGO,Motor,Private Car,Standalone Own Damage,Annual,Addon,Roadside Assistance,Addon Claim,Addon Trigger,Low,High,60000,800000,Yes,No,Yes,Medium,Medium,High,Invoice|Survey Report,Addon Conditions Not Met,Loss Heavy,0.05,0.9,3000.0,1.08,0.7,Metro,Delhi,Bangalore,0.6,0.34,0.7,7,False,0.6,0.25,0.08
HDFCERGO,Motor,Private Car,Standalone Own Damage,Annual,Addon,NCB Protect,Addon Claim,Addon Trigger,Low,High,60000,800000,Yes,No,Yes,Medium,Medium,High,Invoice|Survey Report,Addon Conditions Not Met,Loss Heavy,0.05,0.9,3000.0,1.08,0.27,Metro,Karnataka,Bangalore,0.32,0.6,0.62,9,False,0.83,0.25,0.08
HDFCERGO,Motor,Private Car,Standalone Own Damage,Annual,Addon,Return to Invoice,Addon Claim,Addon Trigger,Low,High,60000,800000,Yes,No,Yes,Medium,Medium,High,Invoice|Survey Report,Addon Conditions Not Met,Loss Heavy,0.05,0.9,3000.0,1.08,0.32,Metro,Tamil Nadu,Delhi,0.54,0.54,0.41,12,False,0.85,0.25,0.08
HDFCERGO,Motor,Private Car,Standalone Own Damage,Annual,Addon,Invoice Cover,Addon Claim,Addon Trigger,Low,High,60000,800000,Yes,No,Yes,Medium,Medium,High,Invoice|Survey Report,Addon Conditions Not Met,Loss Heavy,0.05,0.9,3000.0,1.08,0.39,Metro,Delhi,Mumbai,0.77,0.78,0.39,11,False,0.75,0.25,0.08
HDFCERGO,Motor,Private Car,Standalone Own Damage,Annual,Addon,PAYD Benefit,Addon Claim,Addon Trigger,Low,High,60000,800000,Yes,No,Yes,Medium,Medium,High,Invoice|Survey Report,Addon Conditions Not Met,Loss Heavy,0.05,0.9,3000.0,1.08,0.66,Metro,Delhi,Chennai,0.72,0.54,0.69,7,False,0.56,0.25,0.08
HDFCERGO,Motor,Private Car,Standalone Own Damage,Annual,Addon,EV Addon,Addon Claim,Addon Trigger,Low,High,60000,800000,Yes,No,Yes,Medium,Medium,High,Invoice|Survey Report,Addon Conditions Not Met,Loss Heavy,0.05,0.9,3000.0,1.08,0.57,Urban,Tamil Nadu,Bangalore,0.65,0.45,0.4,9,False,0.81,0.25,0.08
HDFCERGO,Motor,Private Car,Standalone Own Damage,Annual,Addon,EMI Protector,Addon Claim,Addon Trigger,Low,High,60000,800000,Yes,No,Yes,Medium,Medium,High,Invoice|Survey Report,Addon Conditions Not Met,Loss Heavy,0.05,0.9,3000.0,1.08,0.33,Rural,Karnataka,Ahmedabad,0.57,0.66,0.38,12,False,0.72,0.25,0.08
HDFCERGO,Motor,Private Car,Standalone Own Damage,Annual,Addon,Loss of Use,Addon Claim,Addon Trigger,Low,High,60000,800000,Yes,No,Yes,Medium,Medium,High,Invoice|Survey Report,Addon Conditions Not Met,Loss Heavy,0.05,0.9,3000.0,1.08,0.34,Metro,Tamil Nadu,Chennai,0.79,0.78,0.78,12,False,0.69,0.25,0.08
HDFCERGO,Motor,Private Car,Standalone Own Damage,Annual,Addon,Key Protect,Addon Claim,Addon Trigger,Low,High,60000,800000,Yes,No,Yes,Medium,Medium,High,Invoice|Survey Report,Addon Conditions Not Met,Loss Heavy,0.05,0.9,3000.0,1.08,0.2,Rural,Karnataka,Delhi,0.53,0.42,0.78,9,False,0.82,0.25,0.08
HDFCERGO,Motor,Private Car,Standalone Own Damage,Annual,Addon,Personal Belongings,Addon Claim,Addon Trigger,Low,High,60000,800000,Yes,No,Yes,Medium,Medium,High,Invoice|Survey Report,Addon Conditions Not Met,Loss Heavy,0.05,0.9,3000.0,1.08,0.57,Urban,Karnataka,Chennai,0.49,0.49,0.7,8,False,0.67,0.25,0.08
HDFCERGO,Motor,Private Car,Liability Only,Annual,Base,Third Party,Accident / Liability,Policy Defined Event,Medium,Medium,35000,300000,Yes,Yes,Yes,Medium,Low,Medium,Claim Form|FIR|Photos,Policy Breach,Balanced,0.15,0.9,5250.0,1.08,0.47,Metro,Gujarat,Bangalore,0.73,0.33,0.58,7,False,0.7,0.25,0.03
HDFCERGO,Motor,Private Car,Liability Only,Annual,Base,Personal Accident,Accident / Liability,Policy Defined Event,Medium,Medium,35000,300000,Yes,Yes,Yes,Medium,Low,Medium,Claim Form|FIR|Photos,Policy Breach,Balanced,0.15,0.9,5250.0,1.08,0.63,Metro,Karnataka,Delhi,0.68,0.31,0.57,8,False,0.58,0.25,0.03
HDFCERGO,Motor,Private Car,Long Term Package,Annual,Base,Own Damage,Accident / Liability,Policy Defined Event,Medium,Medium,35000,300000,Yes,Yes,Yes,Medium,Low,Medium,Claim Form|FIR|Photos,Policy Breach,Balanced,0.15,0.9,5250.0,1.08,0.61,Rural,Delhi,Delhi,0.39,0.64,0.87,12,False,0.69,0.25,0.03
HDFCERGO,Motor,Private Car,Long Term Package,Annual,Base,Third Party,Accident / Liability,Policy Defined Event,Medium,Medium,35000,300000,Yes,Yes,Yes,Medium,Low,Medium,Claim Form|FIR|Photos,Policy Breach,Balanced,0.15,0.9,5250.0,1.08,0.52,Metro,Delhi,Ahmedabad,0.31,0.35,0.6,9,False,0.58,0.25,0.03
HDFCERGO,Motor,Private Car,Long Term Package,Annual,Base,Personal Accident,Accident / Liability,Policy Defined Event,Medium,Medium,35000,300000,Yes,Yes,Yes,Medium,Low,Medium,Claim Form|FIR|Photos,Policy Breach,Balanced,0.15,0.9,5250.0,1.08,0.39,Rural,Gujarat,Chennai,0.89,0.74,0.45,11,False,0.55,0.25,0.03
HDFCERGO,Motor,Private Car,Long Term Package,Annual,Addon,Zero Depreciation,Addon Claim,Addon Trigger,Low,High,60000,800000,Yes,No,Yes,Medium,Medium,High,Invoice|Survey Report,Addon Conditions Not Met,Loss Heavy,0.05,0.9,3000.0,1.08,0.34,Metro,Gujarat,Mumbai,0.32,0.57,0.68,13,False,0.75,0.25,0.08
HDFCERGO,Motor,Private Car,Long Term Package,Annual,Addon,Engine Protect,Addon Claim,Addon Trigger,Low,High,60000,800000,Yes,No,Yes,Medium,Medium,High,Invoice|Survey Report,Addon Conditions Not Met,Loss Heavy,0.05,0.9,3000.0,1.08,0.6,Urban,Tamil Nadu,Ahmedabad,0.58,0.56,0.75,11,False,0.52,0.25,0.08
HDFCERGO,Motor,Private Car,Long Term Package,Annual,Addon,Gearbox Protect,Addon Claim,Addon Trigger,Low,High,60000,800000,Yes,No,Yes,Medium,Medium,High,Invoice|Survey Report,Addon Conditions Not Met,Loss Heavy,0.05,0.9,3000.0,1.08,0.37,Rural,Tamil Nadu,Bangalore,0.66,0.5,0.69,14,False,0.5,0.25,0.08
HDFCERGO,Motor,Private Car,Long Term Package,Annual,Addon,Consumables,Addon Claim,Addon Trigger,Low,High,60000,800000,Yes,No,Yes,Medium,Medium,High,Invoice|Survey Report,Addon Conditions Not Met,Loss Heavy,0.05,0.9,3000.0,1.08,0.24,Rural,Tamil Nadu,Delhi,0.33,0.59,0.46,13,False,0.58,0.25,0.08
HDFCERGO,Motor,Private Car,Long Term Package,Annual,Addon,Tyre Protect,Addon Claim,Addon Trigger,Low,High,60000,800000,Yes,No,Yes,Medium,Medium,High,Invoice|Survey Report,Addon Conditions Not Met,Loss Heavy,0.05,0.9,3000.0,1.08,0.57,Metro,Karnataka,Delhi,0.72,0.34,0.5,11,False,0.63,0.25,0.08
HDFCERGO,Motor,Private Car,Long Term Package,Annual,Addon,Roadside Assistance,Addon Claim,Addon Trigger,Low,High,60000,800000,Yes,No,Yes,Medium,Medium,High,Invoice|Survey Report,Addon Conditions Not Met,Loss Heavy,0.05,0.9,3000.0,1.08,0.51,Rural,Maharashtra,Delhi,0.62,0.68,0.77,8,False,0.84,0.25,0.08
HDFCERGO,Motor,Private Car,Long Term Package,Annual,Addon,NCB Protect,Addon Claim,Addon Trigger,Low,High,60000,800000,Yes,No,Yes,Medium,Medium,High,Invoice|Survey Report,Addon Conditions Not Met,Loss Heavy,0.05,0.9,3000.0,1.08,0.33,Metro,Tamil Nadu,Delhi,0.43,0.5,0.63,7,False,0.52,0.25,0.08
HDFCERGO,Motor,Private Car,Long Term Package,Annual,Addon,Return to Invoice,Addon Claim,Addon Trigger,Low,High,60000,800000,Yes,No,Yes,Medium,Medium,High,Invoice|Survey Report,Addon Conditions Not Met,Loss Heavy,0.05,0.9,3000.0,1.08,0.66,Urban,Gujarat,Chennai,0.75,0.47,0.31,10,False,0.56,0.25,0.08
HDFCERGO,Motor,Private Car,Long Term Package,Annual,Addon,Invoice Cover,Addon Claim,Addon Trigger,Low,High,60000,800000,Yes,No,Yes,Medium,Medium,High,Invoice|Survey Report,Addon Conditions Not Met,Loss Heavy,0.05,0.9,3000.0,1.08,0.67,Rural,Delhi,Ahmedabad,0.88,0.3,0.49,14,False,0.58,0.25,0.08
HDFCERGO,Motor,Private Car,Long Term Package,Annual,Addon,PAYD Benefit,Addon Claim,Addon Trigger,Low,High,60000,800000,Yes,No,Yes,Medium,Medium,High,Invoice|Survey Report,Addon Conditions Not Met,Loss Heavy,0.05,0.9,3000.0,1.08,0.48,Metro,Delhi,Mumbai,0.39,0.25,0.3,7,False,0.74,0.25,0.08
HDFCERGO,Motor,Private Car,Long Term Package,Annual,Addon,EV Addon,Addon Claim,Addon Trigger,Low,High,60000,800000,Yes,No,Yes,Medium,Medium,High,Invoice|Survey Report,Addon Conditions Not Met,Loss Heavy,0.05,0.9,3000.0,1.08,0.68,Urban,Delhi,Mumbai,0.45,0.32,0.73,13,False,0.55,0.25,0.08
HDFCERGO,Motor,Private Car,Long Term Package,Annual,Addon,EMI Protector,Addon Claim,Addon Trigger,Low,High,60000,800000,Yes,No,Yes,Medium,Medium,High,Invoice|Survey Report,Addon Conditions Not Met,Loss Heavy,0.05,0.9,3000.0,1.08,0.42,Metro,Delhi,Ahmedabad,0.81,0.6,0.42,11,False,0.62,0.25,0.08
HDFCERGO,Motor,Private Car,Long Term Package,Annual,Addon,Loss of Use,Addon Claim,Addon Trigger,Low,High,60000,800000,Yes,No,Yes,Medium,Medium,High,Invoice|Survey Report,Addon Conditions Not Met,Loss Heavy,0.05,0.9,3000.0,1.08,0.64,Rural,Maharashtra,Mumbai,0.65,0.32,0.56,8,False,0.56,0.25,0.08
HDFCERGO,Motor,Private Car,Long Term Package,Annual,Addon,Key Protect,Addon Claim,Addon Trigger,Low,High,60000,800000,Yes,No,Yes,Medium,Medium,High,Invoice|Survey Report,Addon Conditions Not Met,Loss Heavy,0.05,0.9,3000.0,1.08,0.67,Metro,Gujarat,Chennai,0.63,0.2,0.82,14,False,0.68,0.25,0.08
HDFCERGO,Motor,Private Car,Long Term Package,Annual,Addon,Personal Belongings,Addon Claim,Addon Trigger,Low,High,60000,800000,Yes,No,Yes,Medium,Medium,High,Invoice|Survey Report,Addon Conditions Not Met,Loss Heavy,0.05,0.9,3000.0,1.08,0.48,Urban,Maharashtra,Ahmedabad,0.54,0.47,0.34,9,False,0.74,0.25,0.08
HDFCERGO,Motor,Two Wheeler,Package,Annual,Base,Own Damage,Accident / Liability,Policy Defined Event,Medium,Medium,35000,300000,Yes,Yes,Yes,Medium,Low,Medium,Claim Form|FIR|Photos,Policy Breach,Balanced,0.15,0.9,5250.0,1.08,0.36,Urban,Tamil Nadu,Chennai,0.54,0.65,0.6,10,False,0.82,0.25,0.03
HDFCERGO,Motor,Two Wheeler,Package,Annual,Base,Third Party,Accident / Liability,Policy Defined Event,Medium,Medium,35000,300000,Yes,Yes,Yes,Medium,Low,Medium,Claim Form|FIR|Photos,Policy Breach,Balanced,0.15,0.9,5250.0,1.08,0.51,Rural,Tamil Nadu,Mumbai,0.3,0.46,0.65,12,False,0.64,0.25,0.03
HDFCERGO,Motor,Two Wheeler,Package,Annual,Base,Personal Accident,Accident / Liability,Policy Defined Event,Medium,Medium,35000,300000,Yes,Yes,Yes,Medium,Low,Medium,Claim Form|FIR|Photos,Policy Breach,Balanced,0.15,0.9,5250.0,1.08,0.5,Metro,Tamil Nadu,Delhi,0.65,0.28,0.57,11,False,0.69,0.25,0.03
HDFCERGO,Motor,Two Wheeler,Package,Annual,Addon,Zero Depreciation,Addon Claim,Addon Trigger,Low,High,60000,800000,Yes,No,Yes,Medium,Medium,High,Invoice|Survey Report,Addon Conditions Not Met,Loss Heavy,0.05,0.9,3000.0,1.08,0.35,Rural,Tamil Nadu,Ahmedabad,0.77,0.32,0.64,14,False,0.8,0.25,0.08
HDFCERGO,Motor,Two Wheeler,Package,Annual,Addon,Engine Protect,Addon Claim,Addon Trigger,Low,High,60000,800000,Yes,No,Yes,Medium,Medium,High,Invoice|Survey Report,Addon Conditions Not Met,Loss Heavy,0.05,0.9,3000.0,1.08,0.29,Urban,Gujarat,Chennai,0.51,0.78,0.77,13,False,0.64,0.25,0.08
HDFCERGO,Motor,Two Wheeler,Package,Annual,Addon,Gearbox Protect,Addon Claim,Addon Trigger,Low,High,60000,800000,Yes,No,Yes,Medium,Medium,High,Invoice|Survey Report,Addon Conditions Not Met,Loss Heavy,0.05,0.9,3000.0,1.08,0.58,Rural,Gujarat,Delhi,0.74,0.49,0.71,13,False,0.56,0.25,0.08
HDFCERGO,Motor,Two Wheeler,Package,Annual,Addon,Consumables,Addon Claim,Addon Trigger,Low,High,60000,800000,Yes,No,Yes,Medium,Medium,High,Invoice|Survey Report,Addon Conditions Not Met,Loss Heavy,0.05,0.9,3000.0,1.08,0.45,Rural,Maharashtra,Delhi,0.8,0.61,0.3,8,False,0.74,0.25,0.08
HDFCERGO,Motor,Two Wheeler,Package,Annual,Addon,Tyre Protect,Addon Claim,Addon Trigger,Low,High,60000,800000,Yes,No,Yes,Medium,Medium,High,Invoice|Survey Report,Addon Conditions Not Met,Loss Heavy,0.05,0.9,3000.0,1.08,0.51,Urban,Delhi,Bangalore,0.4,0.35,0.68,9,False,0.8,0.25,0.08
HDFCERGO,Motor,Two Wheeler,Package,Annual,Addon,Roadside Assistance,Addon Claim,Addon Trigger,Low,High,60000,800000,Yes,No,Yes,Medium,Medium,High,Invoice|Survey Report,Addon Conditions Not Met,Loss Heavy,0.05,0.9,3000.0,1.08,0.31,Rural,Tamil Nadu,Chennai,0.54,0.73,0.51,14,False,0.8,0.25,0.08
HDFCERGO,Motor,Two Wheeler,Package,Annual,Addon,NCB Protect,Addon Claim,Addon Trigger,Low,High,60000,800000,Yes,No,Yes,Medium,Medium,High,Invoice|Survey Report,Addon Conditions Not Met,Loss Heavy,0.05,0.9,3000.0,1.08,0.61,Metro,Karnataka,Delhi,0.59,0.23,0.83,14,False,0.7,0.25,0.08
HDFCERGO,Motor,Two Wheeler,Package,Annual,Addon,Return to Invoice,Addon Claim,Addon Trigger,Low,High,60000,800000,Yes,No,Yes,Medium,Medium,High,Invoice|Survey Report,Addon Conditions Not Met,Loss Heavy,0.05,0.9,3000.0,1.08,0.39,Urban,Karnataka,Delhi,0.6,0.29,0.87,13,False,0.81,0.25,0.08
HDFCERGO,Motor,Two Wheeler,Package,Annual,Addon,Invoice Cover,Addon Claim,Addon Trigger,Low,High,60000,800000,Yes,No,Yes,Medium,Medium,High,Invoice|Survey Report,Addon Conditions Not Met,Loss Heavy,0.05,0.9,3000.0,1.08,0.42,Urban,Maharashtra,Bangalore,0.32,0.57,0.73,7,False,0.72,0.25,0.08
HDFCERGO,Motor,Two Wheeler,Package,Annual,Addon,PAYD Benefit,Addon Claim,Addon Trigger,Low,High,60000,800000,Yes,No,Yes,Medium,Medium,High,Invoice|Survey Report,Addon Conditions Not Met,Loss Heavy,0.05,0.9,3000.0,1.08,0.45,Rural,Tamil Nadu,Mumbai,0.31,0.56,0.81,9,False,0.65,0.25,0.08
HDFCERGO,Motor,Two Wheeler,Package,Annual,Addon,EV Addon,Addon Claim,Addon Trigger,Low,High,60000,800000,Yes,No,Yes,Medium,Medium,High,Invoice|Survey Report,Addon Conditions Not Met,Loss Heavy,0.05,0.9,3000.0,1.08,0.36,Metro,Tamil Nadu,Chennai,0.39,0.49,0.33,10,False,0.61,0.25,0.08
HDFCERGO,Motor,Two Wheeler,Package,Annual,Addon,EMI Protector,Addon Claim,Addon Trigger,Low,High,60000,800000,Yes,No,Yes,Medium,Medium,High,Invoice|Survey Report,Addon Conditions Not Met,Loss Heavy,0.05,0.9,3000.0,1.08,0.32,Urban,Karnataka,Bangalore,0.57,0.8,0.76,9,False,0.71,0.25,0.08
HDFCERGO,Motor,Two Wheeler,Package,Annual,Addon,Loss of Use,Addon Claim,Addon Trigger,Low,High,60000,800000,Yes,No,Yes,Medium,Medium,High,Invoice|Survey Report,Addon Conditions Not Met,Loss Heavy,0.05,0.9,3000.0,1.08,0.59,Rural,Tamil Nadu,Mumbai,0.38,0.21,0.45,12,False,0.83,0.25,0.08
HDFCERGO,Motor,Two Wheeler,Package,Annual,Addon,Key Protect,Addon Claim,Addon Trigger,Low,High,60000,800000,Yes,No,Yes,Medium,Medium,High,Invoice|Survey Report,Addon Conditions Not Met,Loss Heavy,0.05,0.9,3000.0,1.08,0.44,Metro,Gujarat,Chennai,0.62,0.65,0.79,9,False,0.81,0.25,0.08
HDFCERGO,Motor,Two Wheeler,Package,Annual,Addon,Personal Belongings,Addon Claim,Addon Trigger,Low,High,60000,800000,Yes,No,Yes,Medium,Medium,High,Invoice|Survey Report,Addon Conditions Not Met,Loss Heavy,0.05,0.9,3000.0,1.08,0.64,Metro,Karnataka,Mumbai,0.75,0.43,0.7,8,False,0.66,0.25,0.08
HDFCERGO,Motor,Two Wheeler,Bundled,Annual,Base,Own Damage,Accident / Liability,Policy Defined Event,Medium,Medium,35000,300000,Yes,Yes,Yes,Medium,Low,Medium,Claim Form|FIR|Photos,Policy Breach,Balanced,0.15,0.9,5250.0,1.08,0.39,Urban,Tamil Nadu,Delhi,0.88,0.71,0.78,8,False,0.59,0.25,0.03
HDFCERGO,Motor,Two Wheeler,Bundled,Annual,Base,Third Party,Accident / Liability,Policy Defined Event,Medium,Medium,35000,300000,Yes,Yes,Yes,Medium,Low,Medium,Claim Form|FIR|Photos,Policy Breach,Balanced,0.15,0.9,5250.0,1.08,0.61,Urban,Tamil Nadu,Mumbai,0.78,0.46,0.83,11,False,0.53,0.25,0.03
HDFCERGO,Motor,Two Wheeler,Bundled,Annual,Base,Personal Accident,Accident / Liability,Policy Defined Event,Medium,Medium,35000,300000,Yes,Yes,Yes,Medium,Low,Medium,Claim Form|FIR|Photos,Policy Breach,Balanced,0.15,0.9,5250.0,1.08,0.4,Urban,Karnataka,Bangalore,0.82,0.68,0.6,14,False,0.51,0.25,0.03
HDFCERGO,Motor,Two Wheeler,Bundled,Annual,Addon,Zero Depreciation,Addon Claim,Addon Trigger,Low,High,60000,800000,Yes,No,Yes,Medium,Medium,High,Invoice|Survey Report,Addon Conditions Not Met,Loss Heavy,0.05,0.9,3000.0,1.08,0.64,Urban,Gujarat,Chennai,0.71,0.4,0.51,11,False,0.7,0.25,0.08
HDFCERGO,Motor,Two Wheeler,Bundled,Annual,Addon,Engine Protect,Addon Claim,Addon Trigger,Low,High,60000,800000,Yes,No,Yes,Medium,Medium,High,Invoice|Survey Report,Addon Conditions Not Met,Loss Heavy,0.05,0.9,3000.0,1.08,0.47,Rural,Maharashtra,Ahmedabad,0.58,0.73,0.77,9,False,0.53,0.25,0.08
HDFCERGO,Motor,Two Wheeler,Bundled,Annual,Addon,Gearbox Protect,Addon Claim,Addon Trigger,Low,High,60000,800000,Yes,No,Yes,Medium,Medium,High,Invoice|Survey Report,Addon Conditions Not Met,Loss Heavy,0.05,0.9,3000.0,1.08,0.46,Urban,Gujarat,Delhi,0.45,0.29,0.87,13,False,0.58,0.25,0.08
HDFCERGO,Motor,Two Wheeler,Bundled,Annual,Addon,Consumables,Addon Claim,Addon Trigger,Low,High,60000,800000,Yes,No,Yes,Medium,Medium,High,Invoice|Survey Report,Addon Conditions Not Met,Loss Heavy,0.05,0.9,3000.0,1.08,0.61,Metro,Maharashtra,Bangalore,0.8,0.39,0.4,9,False,0.68,0.25,0.08
HDFCERGO,Motor,Two Wheeler,Bundled,Annual,Addon,Tyre Protect,Addon Claim,Addon Trigger,Low,High,60000,800000,Yes,No,Yes,Medium,Medium,High,Invoice|Survey Report,Addon Conditions Not Met,Loss Heavy,0.05,0.9,3000.0,1.08,0.61,Rural,Karnataka,Mumbai,0.44,0.47,0.48,11,False,0.82,0.25,0.08
HDFCERGO,Motor,Two Wheeler,Bundled,Annual,Addon,Roadside Assistance,Addon Claim,Addon Trigger,Low,High,60000,800000,Yes,No,Yes,Medium,Medium,High,Invoice|Survey Report,Addon Conditions Not Met,Loss Heavy,0.05,0.9,3000.0,1.08,0.42,Rural,Maharashtra,Delhi,0.49,0.43,0.34,8,False,0.51,0.25,0.08
HDFCERGO,Motor,Two Wheeler,Bundled,Annual,Addon,NCB Protect,Addon Claim,Addon Trigger,Low,High,60000,800000,Yes,No,Yes,Medium,Medium,High,Invoice|Survey Report,Addon Conditions Not Met,Loss Heavy,0.05,0.9,3000.0,1.08,0.45,Urban,Karnataka,Chennai,0.62,0.28,0.71,10,False,0.82,0.25,0.08
HDFCERGO,Motor,Two Wheeler,Bundled,Annual,Addon,Return to Invoice,Addon Claim,Addon Trigger,Low,High,60000,800000,Yes,No,Yes,Medium,Medium,High,Invoice|Survey Report,Addon Conditions Not Met,Loss Heavy,0.05,0.9,3000.0,1.08,0.44,Rural,Maharashtra,Mumbai,0.58,0.45,0.64,8,False,0.84,0.25,0.08
HDFCERGO,Motor,Two Wheeler,Bundled,Annual,Addon,Invoice Cover,Addon Claim,Addon Trigger,Low,High,60000,800000,Yes,No,Yes,Medium,Medium,High,Invoice|Survey Report,Addon Conditions Not Met,Loss Heavy,0.05,0.9,3000.0,1.08,0.4,Urban,Maharashtra,Chennai,0.84,0.71,0.36,12,False,0.63,0.25,0.08
HDFCERGO,Motor,Two Wheeler,Bundled,Annual,Addon,PAYD Benefit,Addon Claim,Addon Trigger,Low,High,60000,800000,Yes,No,Yes,Medium,Medium,High,Invoice|Survey Report,Addon Conditions Not Met,Loss Heavy,0.05,0.9,3000.0,1.08,0.44,Metro,Tamil Nadu,Mumbai,0.38,0.51,0.79,12,False,0.76,0.25,0.08
HDFCERGO,Motor,Two Wheeler,Bundled,Annual,Addon,EV Addon,Addon Claim,Addon Trigger,Low,High,60000,800000,Yes,No,Yes,Medium,Medium,High,Invoice|Survey Report,Addon Conditions Not Met,Loss Heavy,0.05,0.9,3000.0,1.08,0.35,Rural,Gujarat,Bangalore,0.46,0.31,0.71,8,False,0.72,0.25,0.08
HDFCERGO,Motor,Two Wheeler,Bundled,Annual,Addon,EMI Protector,Addon Claim,Addon Trigger,Low,High,60000,800000,Yes,No,Yes,Medium,Medium,High,Invoice|Survey Report,Addon Conditions Not Met,Loss Heavy,0.05,0.9,3000.0,1.08,0.47,Urban,Gujarat,Bangalore,0.43,0.27,0.82,9,False,0.7,0.25,0.08
HDFCERGO,Motor,Two Wheeler,Bundled,Annual,Addon,Loss of Use,Addon Claim,Addon Trigger,Low,High,60000,800000,Yes,No,Yes,Medium,Medium,High,Invoice|Survey Report,Addon Conditions Not Met,Loss Heavy,0.05,0.9,3000.0,1.08,0.44,Rural,Gujarat,Ahmedabad,0.38,0.6,0.9,8,False,0.83,0.25,0.08
HDFCERGO,Motor,Two Wheeler,Bundled,Annual,Addon,Key Protect,Addon Claim,Addon Trigger,Low,High,60000,800000,Yes,No,Yes,Medium,Medium,High,Invoice|Survey Report,Addon Conditions Not Met,Loss Heavy,0.05,0.9,3000.0,1.08,0.52,Metro,Maharashtra,Chennai,0.46,0.48,0.79,14,False,0.53,0.25,0.08
HDFCERGO,Motor,Two Wheeler,Bundled,Annual,Addon,Personal Belongings,Addon Claim,Addon Trigger,Low,High,60000,800000,Yes,No,Yes,Medium,Medium,High,Invoice|Survey Report,Addon Conditions Not Met,Loss Heavy,0.05,0.9,3000.0,1.08,0.62,Urban,Maharashtra,Bangalore,0.87,0.68,0.57,14,False,0.8,0.25,0.08
HDFCERGO,Motor,Two Wheeler,Standalone Own Damage,Annual,Base,Own Damage,Accident / Liability,Policy Defined Event,Medium,Medium,35000,300000,Yes,Yes,Yes,Medium,Low,Medium,Claim Form|FIR|Photos,Policy Breach,Balanced,0.15,0.9,5250.0,1.08,0.36,Urban,Maharashtra,Bangalore,0.34,0.47,0.3,11,False,0.81,0.25,0.03
HDFCERGO,Motor,Two Wheeler,Standalone Own Damage,Annual,Base,Personal Accident,Accident / Liability,Policy Defined Event,Medium,Medium,35000,300000,Yes,Yes,Yes,Medium,Low,Medium,Claim Form|FIR|Photos,Policy Breach,Balanced,0.15,0.9,5250.0,1.08,0.59,Rural,Gujarat,Mumbai,0.78,0.64,0.36,12,False,0.79,0.25,0.03
HDFCERGO,Motor,Two Wheeler,Standalone Own Damage,Annual,Addon,Zero Depreciation,Addon Claim,Addon Trigger,Low,High,60000,800000,Yes,No,Yes,Medium,Medium,High,Invoice|Survey Report,Addon Conditions Not Met,Loss Heavy,0.05,0.9,3000.0,1.08,0.44,Metro,Gujarat,Ahmedabad,0.3,0.6,0.69,11,False,0.83,0.25,0.08
HDFCERGO,Motor,Two Wheeler,Standalone Own Damage,Annual,Addon,Engine Protect,Addon Claim,Addon Trigger,Low,High,60000,800000,Yes,No,Yes,Medium,Medium,High,Invoice|Survey Report,Addon Conditions Not Met,Loss Heavy,0.05,0.9,3000.0,1.08,0.46,Urban,Gujarat,Ahmedabad,0.36,0.43,0.39,14,False,0.74,0.25,0.08
HDFCERGO,Motor,Two Wheeler,Standalone Own Damage,Annual,Addon,Gearbox Protect,Addon Claim,Addon Trigger,Low,High,60000,800000,Yes,No,Yes,Medium,Medium,High,Invoice|Survey Report,Addon Conditions Not Met,Loss Heavy,0.05,0.9,3000.0,1.08,0.37,Rural,Gujarat,Bangalore,0.66,0.38,0.34,8,False,0.64,0.25,0.08
HDFCERGO,Motor,Two Wheeler,Standalone Own Damage,Annual,Addon,Consumables,Addon Claim,Addon Trigger,Low,High,60000,800000,Yes,No,Yes,Medium,Medium,High,Invoice|Survey Report,Addon Conditions Not Met,Loss Heavy,0.05,0.9,3000.0,1.08,0.57,Metro,Tamil Nadu,Delhi,0.45,0.67,0.8,10,False,0.53,0.25,0.08
HDFCERGO,Motor,Two Wheeler,Standalone Own Damage,Annual,Addon,Tyre Protect,Addon Claim,Addon Trigger,Low,High,60000,800000,Yes,No,Yes,Medium,Medium,High,Invoice|Survey Report,Addon Conditions Not Met,Loss Heavy,0.05,0.9,3000.0,1.08,0.39,Metro,Karnataka,Chennai,0.53,0.72,0.36,13,False,0.73,0.25,0.08
HDFCERGO,Motor,Two Wheeler,Standalone Own Damage,Annual,Addon,Roadside Assistance,Addon Claim,Addon Trigger,Low,High,60000,800000,Yes,No,Yes,Medium,Medium,High,Invoice|Survey Report,Addon Conditions Not Met,Loss Heavy,0.05,0.9,3000.0,1.08,0.51,Rural,Delhi,Ahmedabad,0.61,0.7,0.84,11,False,0.7,0.25,0.08
HDFCERGO,Motor,Two Wheeler,Standalone Own Damage,Annual,Addon,NCB Protect,Addon Claim,Addon Trigger,Low,High,60000,800000,Yes,No,Yes,Medium,Medium,High,Invoice|Survey Report,Addon Conditions Not Met,Loss Heavy,0.05,0.9,3000.0,1.08,0.38,Urban,Tamil Nadu,Mumbai,0.84,0.42,0.65,8,False,0.81,0.25,0.08
HDFCERGO,Motor,Two Wheeler,Standalone Own Damage,Annual,Addon,Return to Invoice,Addon Claim,Addon Trigger,Low,High,60000,800000,Yes,No,Yes,Medium,Medium,High,Invoice|Survey Report,Addon Conditions Not Met,Loss Heavy,0.05,0.9,3000.0,1.08,0.39,Metro,Karnataka,Chennai,0.46,0.31,0.68,12,False,0.55,0.25,0.08
HDFCERGO,Motor,Two Wheeler,Standalone Own Damage,Annual,Addon,Invoice Cover,Addon Claim,Addon Trigger,Low,High,60000,800000,Yes,No,Yes,Medium,Medium,High,Invoice|Survey Report,Addon Conditions Not Met,Loss Heavy,0.05,0.9,3000.0,1.08,0.6,Urban,Delhi,Bangalore,0.68,0.75,0.8,7,False,0.59,0.25,0.08
HDFCERGO,Motor,Two Wheeler,Standalone Own Damage,Annual,Addon,PAYD Benefit,Addon Claim,Addon Trigger,Low,High,60000,800000,Yes,No,Yes,Medium,Medium,High,Invoice|Survey Report,Addon Conditions Not Met,Loss Heavy,0.05,0.9,3000.0,1.08,0.63,Urban,Maharashtra,Mumbai,0.33,0.58,0.62,13,False,0.58,0.25,0.08
HDFCERGO,Motor,Two Wheeler,Standalone Own Damage,Annual,Addon,EV Addon,Addon Claim,Addon Trigger,Low,High,60000,800000,Yes,No,Yes,Medium,Medium,High,Invoice|Survey Report,Addon Conditions Not Met,Loss Heavy,0.05,0.9,3000.0,1.08,0.57,Metro,Delhi,Bangalore,0.39,0.74,0.67,12,False,0.83,0.25,0.08
HDFCERGO,Motor,Two Wheeler,Standalone Own Damage,Annual,Addon,EMI Protector,Addon Claim,Addon Trigger,Low,High,60000,800000,Yes,No,Yes,Medium,Medium,High,Invoice|Survey Report,Addon Conditions Not Met,Loss Heavy,0.05,0.9,3000.0,1.08,0.42,Metro,Delhi,Chennai,0.42,0.42,0.52,14,False,0.82,0.25,0.08
HDFCERGO,Motor,Two Wheeler,Standalone Own Damage,Annual,Addon,Loss of Use,Addon Claim,Addon Trigger,Low,High,60000,800000,Yes,No,Yes,Medium,Medium,High,Invoice|Survey Report,Addon Conditions Not Met,Loss Heavy,0.05,0.9,3000.0,1.08,0.45,Urban,Gujarat,Bangalore,0.72,0.54,0.89,14,False,0.8,0.25,0.08
HDFCERGO,Motor,Two Wheeler,Standalone Own Damage,Annual,Addon,Key Protect,Addon Claim,Addon Trigger,Low,High,60000,800000,Yes,No,Yes,Medium,Medium,High,Invoice|Survey Report,Addon Conditions Not Met,Loss Heavy,0.05,0.9,3000.0,1.08,0.49,Urban,Maharashtra,Delhi,0.54,0.51,0.75,9,False,0.58,0.25,0.08
HDFCERGO,Motor,Two Wheeler,Standalone Own Damage,Annual,Addon,Personal Belongings,Addon Claim,Addon Trigger,Low,High,60000,800000,Yes,No,Yes,Medium,Medium,High,Invoice|Survey Report,Addon Conditions Not Met,Loss Heavy,0.05,0.9,3000.0,1.08,0.22,Rural,Delhi,Bangalore,0.52,0.41,0.47,11,False,0.51,0.25,0.08
HDFCERGO,Motor,Two Wheeler,Liability Only,Annual,Base,Third Party,Accident / Liability,Policy Defined Event,Medium,Medium,35000,300000,Yes,Yes,Yes,Medium,Low,Medium,Claim Form|FIR|Photos,Policy Breach,Balanced,0.15,0.9,5250.0,1.08,0.28,Rural,Delhi,Ahmedabad,0.9,0.37,0.72,9,False,0.84,0.25,0.03
HDFCERGO,Motor,Two Wheeler,Liability Only,Annual,Base,Personal Accident,Accident / Liability,Policy Defined Event,Medium,Medium,35000,300000,Yes,Yes,Yes,Medium,Low,Medium,Claim Form|FIR|Photos,Policy Breach,Balanced,0.15,0.9,5250.0,1.08,0.36,Metro,Delhi,Chennai,0.55,0.33,0.67,8,False,0.5,0.25,0.03
HDFCERGO,Motor,Two Wheeler,Long Term Package,Annual,Base,Own Damage,Accident / Liability,Policy Defined Event,Medium,Medium,35000,300000,Yes,Yes,Yes,Medium,Low,Medium,Claim Form|FIR|Photos,Policy Breach,Balanced,0.15,0.9,5250.0,1.08,0.46,Rural,Tamil Nadu,Chennai,0.33,0.54,0.69,12,False,0.65,0.25,0.03
HDFCERGO,Motor,Two Wheeler,Long Term Package,Annual,Base,Third Party,Accident / Liability,Policy Defined Event,Medium,Medium,35000,300000,Yes,Yes,Yes,Medium,Low,Medium,Claim Form|FIR|Photos,Policy Breach,Balanced,0.15,0.9,5250.0,1.08,0.31,Urban,Tamil Nadu,Ahmedabad,0.58,0.46,0.71,10,False,0.72,0.25,0.03
HDFCERGO,Motor,Two Wheeler,Long Term Package,Annual,Base,Personal Accident,Accident / Liability,Policy Defined Event,Medium,Medium,35000,300000,Yes,Yes,Yes,Medium,Low,Medium,Claim Form|FIR|Photos,Policy Breach,Balanced,0.15,0.9,5250.0,1.08,0.39,Rural,Tamil Nadu,Bangalore,0.49,0.5,0.53,10,False,0.76,0.25,0.03
HDFCERGO,Motor,Two Wheeler,Long Term Package,Annual,Addon,Zero Depreciation,Addon Claim,Addon Trigger,Low,High,60000,800000,Yes,No,Yes,Medium,Medium,High,Invoice|Survey Report,Addon Conditions Not Met,Loss Heavy,0.05,0.9,3000.0,1.08,0.55,Urban,Maharashtra,Delhi,0.48,0.79,0.56,9,False,0.52,0.25,0.08
HDFCERGO,Motor,Two Wheeler,Long Term Package,Annual,Addon,Engine Protect,Addon Claim,Addon Trigger,Low,High,60000,800000,Yes,No,Yes,Medium,Medium,High,Invoice|Survey Report,Addon Conditions Not Met,Loss Heavy,0.05,0.9,3000.0,1.08,0.31,Metro,Gujarat,Ahmedabad,0.7,0.38,0.46,9,False,0.69,0.25,0.08
HDFCERGO,Motor,Two Wheeler,Long Term Package,Annual,Addon,Gearbox Protect,Addon Claim,Addon Trigger,Low,High,60000,800000,Yes,No,Yes,Medium,Medium,High,Invoice|Survey Report,Addon Conditions Not Met,Loss Heavy,0.05,0.9,3000.0,1.08,0.51,Rural,Delhi,Delhi,0.66,0.21,0.43,11,False,0.71,0.25,0.08
HDFCERGO,Motor,Two Wheeler,Long Term Package,Annual,Addon,Consumables,Addon Claim,Addon Trigger,Low,High,60000,800000,Yes,No,Yes,Medium,Medium,High,Invoice|Survey Report,Addon Conditions Not Met,Loss Heavy,0.05,0.9,3000.0,1.08,0.6,Metro,Delhi,Ahmedabad,0.81,0.61,0.51,7,False,0.67,0.25,0.08
HDFCERGO,Motor,Two Wheeler,Long Term Package,Annual,Addon,Tyre Protect,Addon Claim,Addon Trigger,Low,High,60000,800000,Yes,No,Yes,Medium,Medium,High,Invoice|Survey Report,Addon Conditions Not Met,Loss Heavy,0.05,0.9,3000.0,1.08,0.26,Rural,Gujarat,Chennai,0.61,0.61,0.76,9,False,0.62,0.25,0.08
HDFCERGO,Motor,Two Wheeler,Long Term Package,Annual,Addon,Roadside Assistance,Addon Claim,Addon Trigger,Low,High,60000,800000,Yes,No,Yes,Medium,Medium,High,Invoice|Survey Report,Addon Conditions Not Met,Loss Heavy,0.05,0.9,3000.0,1.08,0.31,Urban,Tamil Nadu,Bangalore,0.84,0.67,0.83,11,False,0.53,0.25,0.08
HDFCERGO,Motor,Two Wheeler,Long Term Package,Annual,Addon,NCB Protect,Addon Claim,Addon Trigger,Low,High,60000,800000,Yes,No,Yes,Medium,Medium,High,Invoice|Survey Report,Addon Conditions Not Met,Loss Heavy,0.05,0.9,3000.0,1.08,0.23,Rural,Tamil Nadu,Delhi,0.58,0.3,0.89,11,False,0.68,0.25,0.08
HDFCERGO,Motor,Two Wheeler,Long Term Package,Annual,Addon,Return to Invoice,Addon Claim,Addon Trigger,Low,High,60000,800000,Yes,No,Yes,Medium,Medium,High,Invoice|Survey Report,Addon Conditions Not Met,Loss Heavy,0.05,0.9,3000.0,1.08,0.6,Metro,Maharashtra,Mumbai,0.39,0.67,0.61,12,False,0.65,0.25,0.08
HDFCERGO,Motor,Two Wheeler,Long Term Package,Annual,Addon,Invoice Cover,Addon Claim,Addon Trigger,Low,High,60000,800000,Yes,No,Yes,Medium,Medium,High,Invoice|Survey Report,Addon Conditions Not Met,Loss Heavy,0.05,0.9,3000.0,1.08,0.59,Urban,Tamil Nadu,Chennai,0.51,0.43,0.89,12,False,0.76,0.25,0.08
HDFCERGO,Motor,Two Wheeler,Long Term Package,Annual,Addon,PAYD Benefit,Addon Claim,Addon Trigger,Low,High,60000,800000,Yes,No,Yes,Medium,Medium,High,Invoice|Survey Report,Addon Conditions Not Met,Loss Heavy,0.05,0.9,3000.0,1.08,0.55,Metro,Karnataka,Bangalore,0.75,0.35,0.87,7,False,0.54,0.25,0.08
HDFCERGO,Motor,Two Wheeler,Long Term Package,Annual,Addon,EV Addon,Addon Claim,Addon Trigger,Low,High,60000,800000,Yes,No,Yes,Medium,Medium,High,Invoice|Survey Report,Addon Conditions Not Met,Loss Heavy,0.05,0.9,3000.0,1.08,0.27,Metro,Tamil Nadu,Delhi,0.5,0.29,0.87,11,False,0.81,0.25,0.08
HDFCERGO,Motor,Two Wheeler,Long Term Package,Annual,Addon,EMI Protector,Addon Claim,Addon Trigger,Low,High,60000,800000,Yes,No,Yes,Medium,Medium,High,Invoice|Survey Report,Addon Conditions Not Met,Loss Heavy,0.05,0.9,3000.0,1.08,0.62,Metro,Karnataka,Chennai,0.41,0.56,0.38,8,False,0.67,0.25,0.08
HDFCERGO,Motor,Two Wheeler,Long Term Package,Annual,Addon,Loss of Use,Addon Claim,Addon Trigger,Low,High,60000,800000,Yes,No,Yes,Medium,Medium,High,Invoice|Survey Report,Addon Conditions Not Met,Loss Heavy,0.05,0.9,3000.0,1.08,0.2,Rural,Tamil Nadu,Chennai,0.67,0.21,0.44,12,False,0.77,0.25,0.08
HDFCERGO,Motor,Two Wheeler,Long Term Package,Annual,Addon,Key Protect,Addon Claim,Addon Trigger,Low,High,60000,800000,Yes,No,Yes,Medium,Medium,High,Invoice|Survey Report,Addon Conditions Not Met,Loss Heavy,0.05,0.9,3000.0,1.08,0.54,Rural,Karnataka,Ahmedabad,0.49,0.46,0.56,11,False,0.82,0.25,0.08
HDFCERGO,Motor,Two Wheeler,Long Term Package,Annual,Addon,Personal Belongings,Addon Claim,Addon Trigger,Low,High,60000,800000,Yes,No,Yes,Medium,Medium,High,Invoice|Survey Report,Addon Conditions Not Met,Loss Heavy,0.05,0.9,3000.0,1.08,0.59,Urban,Delhi,Ahmedabad,0.69,0.2,0.32,9,False,0.82,0.25,0.08
HDFCERGO,Motor,Commercial GCV,Package,Annual,Base,Own Damage,Accident / Liability,Policy Defined Event,Medium,Medium,35000,300000,Yes,Yes,Yes,Medium,Low,Medium,Claim Form|FIR|Photos,Policy Breach,Balanced,0.15,0.9,5250.0,1.08,0.48,Metro,Maharashtra,Bangalore,0.66,0.64,0.42,11,False,0.78,0.25,0.03
HDFCERGO,Motor,Commercial GCV,Package,Annual,Base,Third Party,Accident / Liability,Policy Defined Event,Medium,Medium,35000,300000,Yes,Yes,Yes,Medium,Low,Medium,Claim Form|FIR|Photos,Policy Breach,Balanced,0.15,0.9,5250.0,1.08,0.66,Urban,Delhi,Mumbai,0.34,0.59,0.83,13,False,0.56,0.25,0.03
HDFCERGO,Motor,Commercial GCV,Package,Annual,Base,Personal Accident,Accident / Liability,Policy Defined Event,Medium,Medium,35000,300000,Yes,Yes,Yes,Medium,Low,Medium,Claim Form|FIR|Photos,Policy Breach,Balanced,0.15,0.9,5250.0,1.08,0.4,Urban,Delhi,Mumbai,0.64,0.68,0.58,13,False,0.74,0.25,0.03
HDFCERGO,Motor,Commercial GCV,Package,Annual,Addon,Zero Depreciation,Addon Claim,Addon Trigger,Low,High,60000,800000,Yes,No,Yes,Medium,Medium,High,Invoice|Survey Report,Addon Conditions Not Met,Loss Heavy,0.05,0.9,3000.0,1.08,0.38,Urban,Gujarat,Delhi,0.46,0.24,0.36,11,False,0.51,0.25,0.08
HDFCERGO,Motor,Commercial GCV,Package,Annual,Addon,Engine Protect,Addon Claim,Addon Trigger,Low,High,60000,800000,Yes,No,Yes,Medium,Medium,High,Invoice|Survey Report,Addon Conditions Not Met,Loss Heavy,0.05,0.9,3000.0,1.08,0.31,Rural,Gujarat,Mumbai,0.43,0.25,0.75,8,False,0.82,0.25,0.08
HDFCERGO,Motor,Commercial GCV,Package,Annual,Addon,Gearbox Protect,Addon Claim,Addon Trigger,Low,High,60000,800000,Yes,No,Yes,Medium,Medium,High,Invoice|Survey Report,Addon Conditions Not Met,Loss Heavy,0.05,0.9,3000.0,1.08,0.42,Urban,Karnataka,Delhi,0.38,0.33,0.49,11,False,0.5,0.25,0.08
HDFCERGO,Motor,Commercial GCV,Package,Annual,Addon,Consumables,Addon Claim,Addon Trigger,Low,High,60000,800000,Yes,No,Yes,Medium,Medium,High,Invoice|Survey Report,Addon Conditions Not Met,Loss Heavy,0.05,0.9,3000.0,1.08,0.29,Rural,Gujarat,Delhi,0.61,0.36,0.64,8,False,0.75,0.25,0.08
HDFCERGO,Motor,Commercial GCV,Package,Annual,Addon,Tyre Protect,Addon Claim,Addon Trigger,Low,High,60000,800000,Yes,No,Yes,Medium,Medium,High,Invoice|Survey Report,Addon Conditions Not Met,Loss Heavy,0.05,0.9,3000.0,1.08,0.31,Metro,Delhi,Bangalore,0.45,0.77,0.59,7,False,0.72,0.25,0.08
HDFCERGO,Motor,Commercial GCV,Package,Annual,Addon,Roadside Assistance,Addon Claim,Addon Trigger,Low,High,60000,800000,Yes,No,Yes,Medium,Medium,High,Invoice|Survey Report,Addon Conditions Not Met,Loss Heavy,0.05,0.9,3000.0,1.08,0.47,Urban,Gujarat,Bangalore,0.34,0.28,0.63,10,False,0.52,0.25,0.08
HDFCERGO,Motor,Commercial GCV,Package,Annual,Addon,NCB Protect,Addon Claim,Addon Trigger,Low,High,60000,800000,Yes,No,Yes,Medium,Medium,High,Invoice|Survey Report,Addon Conditions Not Met,Loss Heavy,0.05,0.9,3000.0,1.08,0.5,Urban,Maharashtra,Ahmedabad,0.3,0.77,0.49,11,False,0.59,0.25,0.08
HDFCERGO,Motor,Commercial GCV,Package,Annual,Addon,Return to Invoice,Addon Claim,Addon Trigger,Low,High,60000,800000,Yes,No,Yes,Medium,Medium,High,Invoice|Survey Report,Addon Conditions Not Met,Loss Heavy,0.05,0.9,3000.0,1.08,0.43,Rural,Karnataka,Chennai,0.57,0.79,0.87,7,False,0.66,0.25,0.08
HDFCERGO,Motor,Commercial GCV,Package,Annual,Addon,Invoice Cover,Addon Claim,Addon Trigger,Low,High,60000,800000,Yes,No,Yes,Medium,Medium,High,Invoice|Survey Report,Addon Conditions Not Met,Loss Heavy,0.05,0.9,3000.0,1.08,0.63,Metro,Karnataka,Mumbai,0.62,0.74,0.36,10,False,0.67,0.25,0.08
HDFCERGO,Motor,Commercial GCV,Package,Annual,Addon,PAYD Benefit,Addon Claim,Addon Trigger,Low,High,60000,800000,Yes,No,Yes,Medium,Medium,High,Invoice|Survey Report,Addon Conditions Not Met,Loss Heavy,0.05,0.9,3000.0,1.08,0.49,Rural,Maharashtra,Ahmedabad,0.75,0.33,0.61,14,False,0.76,0.25,0.08
HDFCERGO,Motor,Commercial GCV,Package,Annual,Addon,EV Addon,Addon Claim,Addon Trigger,Low,High,60000,800000,Yes,No,Yes,Medium,Medium,High,Invoice|Survey Report,Addon Conditions Not Met,Loss Heavy,0.05,0.9,3000.0,1.08,0.28,Rural,Tamil Nadu,Chennai,0.56,0.44,0.45,13,False,0.7,0.25,0.08
HDFCERGO,Motor,Commercial GCV,Package,Annual,Addon,EMI Protector,Addon Claim,Addon Trigger,Low,High,60000,800000,Yes,No,Yes,Medium,Medium,High,Invoice|Survey Report,Addon Conditions Not Met,Loss Heavy,0.05,0.9,3000.0,1.08,0.34,Metro,Delhi,Bangalore,0.45,0.42,0.51,7,False,0.67,0.25,0.08
HDFCERGO,Motor,Commercial GCV,Package,Annual,Addon,Loss of Use,Addon Claim,Addon Trigger,Low,High,60000,800000,Yes,No,Yes,Medium,Medium,High,Invoice|Survey Report,Addon Conditions Not Met,Loss Heavy,0.05,0.9,3000.0,1.08,0.56,Urban,Maharashtra,Chennai,0.59,0.35,0.38,9,False,0.61,0.25,0.08
HDFCERGO,Motor,Commercial GCV,Package,Annual,Addon,Key Protect,Addon Claim,Addon Trigger,Low,High,60000,800000,Yes,No,Yes,Medium,Medium,High,Invoice|Survey Report,Addon Conditions Not Met,Loss Heavy,0.05,0.9,3000.0,1.08,0.34,Urban,Delhi,Chennai,0.79,0.26,0.6,14,False,0.57,0.25,0.08
HDFCERGO,Motor,Commercial GCV,Package,Annual,Addon,Personal Belongings,Addon Claim,Addon Trigger,Low,High,60000,800000,Yes,No,Yes,Medium,Medium,High,Invoice|Survey Report,Addon Conditions Not Met,Loss Heavy,0.05,0.9,3000.0,1.08,0.22,Urban,Maharashtra,Ahmedabad,0.77,0.42,0.68,9,False,0.55,0.25,0.08
HDFCERGO,Motor,Commercial GCV,Bundled,Annual,Base,Own Damage,Accident / Liability,Policy Defined Event,Medium,Medium,35000,300000,Yes,Yes,Yes,Medium,Low,Medium,Claim Form|FIR|Photos,Policy Breach,Balanced,0.15,0.9,5250.0,1.08,0.34,Urban,Gujarat,Bangalore,0.89,0.5,0.76,8,False,0.67,0.25,0.03
HDFCERGO,Motor,Commercial GCV,Bundled,Annual,Base,Third Party,Accident / Liability,Policy Defined Event,Medium,Medium,35000,300000,Yes,Yes,Yes,Medium,Low,Medium,Claim Form|FIR|Photos,Policy Breach,Balanced,0.15,0.9,5250.0,1.08,0.68,Urban,Maharashtra,Mumbai,0.7,0.71,0.45,14,False,0.65,0.25,0.03
HDFCERGO,Motor,Commercial GCV,Bundled,Annual,Base,Personal Accident,Accident / Liability,Policy Defined Event,Medium,Medium,35000,300000,Yes,Yes,Yes,Medium,Low,Medium,Claim Form|FIR|Photos,Policy Breach,Balanced,0.15,0.9,5250.0,1.08,0.45,Urban,Delhi,Delhi,0.68,0.23,0.87,9,False,0.77,0.25,0.03
HDFCERGO,Motor,Commercial GCV,Bundled,Annual,Addon,Zero Depreciation,Addon Claim,Addon Trigger,Low,High,60000,800000,Yes,No,Yes,Medium,Medium,High,Invoice|Survey Report,Addon Conditions Not Met,Loss Heavy,0.05,0.9,3000.0,1.08,0.6,Rural,Tamil Nadu,Bangalore,0.53,0.55,0.56,12,False,0.54,0.25,0.08
HDFCERGO,Motor,Commercial GCV,Bundled,Annual,Addon,Engine Protect,Addon Claim,Addon Trigger,Low,High,60000,800000,Yes,No,Yes,Medium,Medium,High,Invoice|Survey Report,Addon Conditions Not Met,Loss Heavy,0.05,0.9,3000.0,1.08,0.56,Urban,Tamil Nadu,Chennai,0.78,0.74,0.88,12,False,0.58,0.25,0.08
HDFCERGO,Motor,Commercial GCV,Bundled,Annual,Addon,Gearbox Protect,Addon Claim,Addon Trigger,Low,High,60000,800000,Yes,No,Yes,Medium,Medium,High,Invoice|Survey Report,Addon Conditions Not Met,Loss Heavy,0.05,0.9,3000.0,1.08,0.61,Rural,Delhi,Bangalore,0.48,0.5,0.66,8,False,0.69,0.25,0.08
HDFCERGO,Motor,Commercial GCV,Bundled,Annual,Addon,Consumables,Addon Claim,Addon Trigger,Low,High,60000,800000,Yes,No,Yes,Medium,Medium,High,Invoice|Survey Report,Addon Conditions Not Met,Loss Heavy,0.05,0.9,3000.0,1.08,0.28,Metro,Gujarat,Mumbai,0.51,0.58,0.39,9,False,0.66,0.25,0.08
HDFCERGO,Motor,Commercial GCV,Bundled,Annual,Addon,Tyre Protect,Addon Claim,Addon Trigger,Low,High,60000,800000,Yes,No,Yes,Medium,Medium,High,Invoice|Survey Report,Addon Conditions Not Met,Loss Heavy,0.05,0.9,3000.0,1.08,0.5,Urban,Karnataka,Bangalore,0.53,0.39,0.69,8,False,0.71,0.25,0.08
HDFCERGO,Motor,Commercial GCV,Bundled,Annual,Addon,Roadside Assistance,Addon Claim,Addon Trigger,Low,High,60000,800000,Yes,No,Yes,Medium,Medium,High,Invoice|Survey Report,Addon Conditions Not Met,Loss Heavy,0.05,0.9,3000.0,1.08,0.39,Rural,Karnataka,Chennai,0.77,0.39,0.68,9,False,0.63,0.25,0.08
HDFCERGO,Motor,Commercial GCV,Bundled,Annual,Addon,NCB Protect,Addon Claim,Addon Trigger,Low,High,60000,800000,Yes,No,Yes,Medium,Medium,High,Invoice|Survey Report,Addon Conditions Not Met,Loss Heavy,0.05,0.9,3000.0,1.08,0.34,Metro,Tamil Nadu,Ahmedabad,0.82,0.73,0.75,13,False,0.81,0.25,0.08
HDFCERGO,Motor,Commercial GCV,Bundled,Annual,Addon,Return to Invoice,Addon Claim,Addon Trigger,Low,High,60000,800000,Yes,No,Yes,Medium,Medium,High,Invoice|Survey Report,Addon Conditions Not Met,Loss Heavy,0.05,0.9,3000.0,1.08,0.28,Metro,Tamil Nadu,Chennai,0.89,0.26,0.62,8,False,0.78,0.25,0.08
HDFCERGO,Motor,Commercial GCV,Bundled,Annual,Addon,Invoice Cover,Addon Claim,Addon Trigger,Low,High,60000,800000,Yes,No,Yes,Medium,Medium,High,Invoice|Survey Report,Addon Conditions Not Met,Loss Heavy,0.05,0.9,3000.0,1.08,0.51,Metro,Karnataka,Delhi,0.44,0.54,0.59,9,False,0.8,0.25,0.08
HDFCERGO,Motor,Commercial GCV,Bundled,Annual,Addon,PAYD Benefit,Addon Claim,Addon Trigger,Low,High,60000,800000,Yes,No,Yes,Medium,Medium,High,Invoice|Survey Report,Addon Conditions Not Met,Loss Heavy,0.05,0.9,3000.0,1.08,0.46,Metro,Karnataka,Bangalore,0.61,0.53,0.48,13,False,0.79,0.25,0.08
HDFCERGO,Motor,Commercial GCV,Bundled,Annual,Addon,EV Addon,Addon Claim,Addon Trigger,Low,High,60000,800000,Yes,No,Yes,Medium,Medium,High,Invoice|Survey Report,Addon Conditions Not Met,Loss Heavy,0.05,0.9,3000.0,1.08,0.29,Rural,Karnataka,Ahmedabad,0.82,0.55,0.73,9,False,0.51,0.25,0.08
HDFCERGO,Motor,Commercial GCV,Bundled,Annual,Addon,EMI Protector,Addon Claim,Addon Trigger,Low,High,60000,800000,Yes,No,Yes,Medium,Medium,High,Invoice|Survey Report,Addon Conditions Not Met,Loss Heavy,0.05,0.9,3000.0,1.08,0.65,Metro,Karnataka,Delhi,0.55,0.34,0.87,7,False,0.63,0.25,0.08
HDFCERGO,Motor,Commercial GCV,Bundled,Annual,Addon,Loss of Use,Addon Claim,Addon Trigger,Low,High,60000,800000,Yes,No,Yes,Medium,Medium,High,Invoice|Survey Report,Addon Conditions Not Met,Loss Heavy,0.05,0.9,3000.0,1.08,0.65,Urban,Tamil Nadu,Mumbai,0.75,0.43,0.39,8,False,0.84,0.25,0.08
HDFCERGO,Motor,Commercial GCV,Bundled,Annual,Addon,Key Protect,Addon Claim,Addon Trigger,Low,High,60000,800000,Yes,No,Yes,Medium,Medium,High,Invoice|Survey Report,Addon Conditions Not Met,Loss Heavy,0.05,0.9,3000.0,1.08,0.64,Metro,Tamil Nadu,Delhi,0.45,0.36,0.81,11,False,0.61,0.25,0.08
HDFCERGO,Motor,Commercial GCV,Bundled,Annual,Addon,Personal Belongings,Addon Claim,Addon Trigger,Low,High,60000,800000,Yes,No,Yes,Medium,Medium,High,Invoice|Survey Report,Addon Conditions Not Met,Loss Heavy,0.05,0.9,3000.0,1.08,0.27,Rural,Delhi,Bangalore,0.74,0.31,0.71,14,False,0.69,0.25,0.08
HDFCERGO,Motor,Commercial GCV,Standalone Own Damage,Annual,Base,Own Damage,Accident / Liability,Policy Defined Event,Medium,Medium,35000,300000,Yes,Yes,Yes,Medium,Low,Medium,Claim Form|FIR|Photos,Policy Breach,Balanced,0.15,0.9,5250.0,1.08,0.24,Rural,Delhi,Delhi,0.69,0.39,0.74,9,False,0.66,0.25,0.03
HDFCERGO,Motor,Commercial GCV,Standalone Own Damage,Annual,Base,Personal Accident,Accident / Liability,Policy Defined Event,Medium,Medium,35000,300000,Yes,Yes,Yes,Medium,Low,Medium,Claim Form|FIR|Photos,Policy Breach,Balanced,0.15,0.9,5250.0,1.08,0.7,Urban,Karnataka,Mumbai,0.46,0.42,0.48,9,False,0.58,0.25,0.03
HDFCERGO,Motor,Commercial GCV,Standalone Own Damage,Annual,Addon,Zero Depreciation,Addon Claim,Addon Trigger,Low,High,60000,800000,Yes,No,Yes,Medium,Medium,High,Invoice|Survey Report,Addon Conditions Not Met,Loss Heavy,0.05,0.9,3000.0,1.08,0.47,Urban,Maharashtra,Bangalore,0.75,0.63,0.48,9,False,0.53,0.25,0.08
HDFCERGO,Motor,Commercial GCV,Standalone Own Damage,Annual,Addon,Engine Protect,Addon Claim,Addon Trigger,Low,High,60000,800000,Yes,No,Yes,Medium,Medium,High,Invoice|Survey Report,Addon Conditions Not Met,Loss Heavy,0.05,0.9,3000.0,1.08,0.43,Metro,Gujarat,Ahmedabad,0.49,0.51,0.37,14,False,0.8,0.25,0.08
HDFCERGO,Motor,Commercial GCV,Standalone Own Damage,Annual,Addon,Gearbox Protect,Addon Claim,Addon Trigger,Low,High,60000,800000,Yes,No,Yes,Medium,Medium,High,Invoice|Survey Report,Addon Conditions Not Met,Loss Heavy,0.05,0.9,3000.0,1.08,0.31,Urban,Gujarat,Mumbai,0.48,0.25,0.6,12,False,0.68,0.25,0.08
HDFCERGO,Motor,Commercial GCV,Standalone Own Damage,Annual,Addon,Consumables,Addon Claim,Addon Trigger,Low,High,60000,800000,Yes,No,Yes,Medium,Medium,High,Invoice|Survey Report,Addon Conditions Not Met,Loss Heavy,0.05,0.9,3000.0,1.08,0.59,Urban,Gujarat,Mumbai,0.75,0.42,0.87,11,False,0.67,0.25,0.08
HDFCERGO,Motor,Commercial GCV,Standalone Own Damage,Annual,Addon,Tyre Protect,Addon Claim,Addon Trigger,Low,High,60000,800000,Yes,No,Yes,Medium,Medium,High,Invoice|Survey Report,Addon Conditions Not Met,Loss Heavy,0.05,0.9,3000.0,1.08,0.33,Metro,Maharashtra,Bangalore,0.36,0.36,0.84,10,False,0.76,0.25,0.08
HDFCERGO,Motor,Commercial GCV,Standalone Own Damage,Annual,Addon,Roadside Assistance,Addon Claim,Addon Trigger,Low,High,60000,800000,Yes,No,Yes,Medium,Medium,High,Invoice|Survey Report,Addon Conditions Not Met,Loss Heavy,0.05,0.9,3000.0,1.08,0.44,Metro,Karnataka,Delhi,0.55,0.68,0.51,8,False,0.56,0.25,0.08
HDFCERGO,Motor,Commercial GCV,Standalone Own Damage,Annual,Addon,NCB Protect,Addon Claim,Addon Trigger,Low,High,60000,800000,Yes,No,Yes,Medium,Medium,High,Invoice|Survey Report,Addon Conditions Not Met,Loss Heavy,0.05,0.9,3000.0,1.08,0.46,Rural,Karnataka,Chennai,0.6,0.36,0.31,7,False,0.79,0.25,0.08
HDFCERGO,Motor,Commercial GCV,Standalone Own Damage,Annual,Addon,Return to Invoice,Addon Claim,Addon Trigger,Low,High,60000,800000,Yes,No,Yes,Medium,Medium,High,Invoice|Survey Report,Addon Conditions Not Met,Loss Heavy,0.05,0.9,3000.0,1.08,0.31,Urban,Gujarat,Delhi,0.44,0.53,0.65,10,False,0.68,0.25,0.08
HDFCERGO,Motor,Commercial GCV,Standalone Own Damage,Annual,Addon,Invoice Cover,Addon Claim,Addon Trigger,Low,High,60000,800000,Yes,No,Yes,Medium,Medium,High,Invoice|Survey Report,Addon Conditions Not Met,Loss Heavy,0.05,0.9,3000.0,1.08,0.28,Rural,Gujarat,Chennai,0.85,0.66,0.35,11,False,0.76,0.25,0.08
HDFCERGO,Motor,Commercial GCV,Standalone Own Damage,Annual,Addon,PAYD Benefit,Addon Claim,Addon Trigger,Low,High,60000,800000,Yes,No,Yes,Medium,Medium,High,Invoice|Survey Report,Addon Conditions Not Met,Loss Heavy,0.05,0.9,3000.0,1.08,0.66,Rural,Maharashtra,Chennai,0.47,0.36,0.62,14,False,0.76,0.25,0.08
HDFCERGO,Motor,Commercial GCV,Standalone Own Damage,Annual,Addon,EV Addon,Addon Claim,Addon Trigger,Low,High,60000,800000,Yes,No,Yes,Medium,Medium,High,Invoice|Survey Report,Addon Conditions Not Met,Loss Heavy,0.05,0.9,3000.0,1.08,0.45,Metro,Tamil Nadu,Mumbai,0.72,0.72,0.42,9,False,0.65,0.25,0.08
HDFCERGO,Motor,Commercial GCV,Standalone Own Damage,Annual,Addon,EMI Protector,Addon Claim,Addon Trigger,Low,High,60000,800000,Yes,No,Yes,Medium,Medium,High,Invoice|Survey Report,Addon Conditions Not Met,Loss Heavy,0.05,0.9,3000.0,1.08,0.23,Metro,Gujarat,Delhi,0.82,0.77,0.35,11,False,0.59,0.25,0.08
HDFCERGO,Motor,Commercial GCV,Standalone Own Damage,Annual,Addon,Loss of Use,Addon Claim,Addon Trigger,Low,High,60000,800000,Yes,No,Yes,Medium,Medium,High,Invoice|Survey Report,Addon Conditions Not Met,Loss Heavy,0.05,0.9,3000.0,1.08,0.69,Metro,Karnataka,Bangalore,0.56,0.67,0.78,7,False,0.66,0.25,0.08
HDFCERGO,Motor,Commercial GCV,Standalone Own Damage,Annual,Addon,Key Protect,Addon Claim,Addon Trigger,Low,High,60000,800000,Yes,No,Yes,Medium,Medium,High,Invoice|Survey Report,Addon Conditions Not Met,Loss Heavy,0.05,0.9,3000.0,1.08,0.53,Metro,Karnataka,Chennai,0.84,0.46,0.32,12,False,0.65,0.25,0.08
HDFCERGO,Motor,Commercial GCV,Standalone Own Damage,Annual,Addon,Personal Belongings,Addon Claim,Addon Trigger,Low,High,60000,800000,Yes,No,Yes,Medium,Medium,High,Invoice|Survey Report,Addon Conditions Not Met,Loss Heavy,0.05,0.9,3000.0,1.08,0.22,Urban,Karnataka,Bangalore,0.57,0.58,0.31,12,False,0.52,0.25,0.08
HDFCERGO,Motor,Commercial GCV,Liability Only,Annual,Base,Third Party,Accident / Liability,Policy Defined Event,Medium,Medium,35000,300000,Yes,Yes,Yes,Medium,Low,Medium,Claim Form|FIR|Photos,Policy Breach,Balanced,0.15,0.9,5250.0,1.08,0.25,Rural,Tamil Nadu,Ahmedabad,0.87,0.39,0.88,8,False,0.84,0.25,0.03
HDFCERGO,Motor,Commercial GCV,Liability Only,Annual,Base,Personal Accident,Accident / Liability,Policy Defined Event,Medium,Medium,35000,300000,Yes,Yes,Yes,Medium,Low,Medium,Claim Form|FIR|Photos,Policy Breach,Balanced,0.15,0.9,5250.0,1.08,0.52,Urban,Maharashtra,Ahmedabad,0.76,0.45,0.85,8,False,0.79,0.25,0.03
HDFCERGO,Motor,Commercial GCV,Long Term Package,Annual,Base,Own Damage,Accident / Liability,Policy Defined Event,Medium,Medium,35000,300000,Yes,Yes,Yes,Medium,Low,Medium,Claim Form|FIR|Photos,Policy Breach,Balanced,0.15,0.9,5250.0,1.08,0.58,Urban,Maharashtra,Ahmedabad,0.65,0.26,0.73,12,False,0.54,0.25,0.03
HDFCERGO,Motor,Commercial GCV,Long Term Package,Annual,Base,Third Party,Accident / Liability,Policy Defined Event,Medium,Medium,35000,300000,Yes,Yes,Yes,Medium,Low,Medium,Claim Form|FIR|Photos,Policy Breach,Balanced,0.15,0.9,5250.0,1.08,0.26,Urban,Gujarat,Bangalore,0.32,0.7,0.39,10,False,0.63,0.25,0.03
HDFCERGO,Motor,Commercial GCV,Long Term Package,Annual,Base,Personal Accident,Accident / Liability,Policy Defined Event,Medium,Medium,35000,300000,Yes,Yes,Yes,Medium,Low,Medium,Claim Form|FIR|Photos,Policy Breach,Balanced,0.15,0.9,5250.0,1.08,0.39,Metro,Tamil Nadu,Delhi,0.43,0.34,0.3,7,False,0.51,0.25,0.03
HDFCERGO,Motor,Commercial GCV,Long Term Package,Annual,Addon,Zero Depreciation,Addon Claim,Addon Trigger,Low,High,60000,800000,Yes,No,Yes,Medium,Medium,High,Invoice|Survey Report,Addon Conditions Not Met,Loss Heavy,0.05,0.9,3000.0,1.08,0.68,Rural,Gujarat,Bangalore,0.77,0.35,0.4,8,False,0.71,0.25,0.08
HDFCERGO,Motor,Commercial GCV,Long Term Package,Annual,Addon,Engine Protect,Addon Claim,Addon Trigger,Low,High,60000,800000,Yes,No,Yes,Medium,Medium,High,Invoice|Survey Report,Addon Conditions Not Met,Loss Heavy,0.05,0.9,3000.0,1.08,0.58,Rural,Tamil Nadu,Chennai,0.31,0.24,0.52,11,False,0.58,0.25,0.08
HDFCERGO,Motor,Commercial GCV,Long Term Package,Annual,Addon,Gearbox Protect,Addon Claim,Addon Trigger,Low,High,60000,800000,Yes,No,Yes,Medium,Medium,High,Invoice|Survey Report,Addon Conditions Not Met,Loss Heavy,0.05,0.9,3000.0,1.08,0.21,Metro,Gujarat,Delhi,0.85,0.22,0.67,8,False,0.56,0.25,0.08
HDFCERGO,Motor,Commercial GCV,Long Term Package,Annual,Addon,Consumables,Addon Claim,Addon Trigger,Low,High,60000,800000,Yes,No,Yes,Medium,Medium,High,Invoice|Survey Report,Addon Conditions Not Met,Loss Heavy,0.05,0.9,3000.0,1.08,0.66,Urban,Gujarat,Mumbai,0.47,0.29,0.49,12,False,0.53,0.25,0.08
HDFCERGO,Motor,Commercial GCV,Long Term Package,Annual,Addon,Tyre Protect,Addon Claim,Addon Trigger,Low,High,60000,800000,Yes,No,Yes,Medium,Medium,High,Invoice|Survey Report,Addon Conditions Not Met,Loss Heavy,0.05,0.9,3000.0,1.08,0.62,Metro,Gujarat,Delhi,0.39,0.32,0.85,8,False,0.69,0.25,0.08
HDFCERGO,Motor,Commercial GCV,Long Term Package,Annual,Addon,Roadside Assistance,Addon Claim,Addon Trigger,Low,High,60000,800000,Yes,No,Yes,Medium,Medium,High,Invoice|Survey Report,Addon Conditions Not Met,Loss Heavy,0.05,0.9,3000.0,1.08,0.37,Urban,Maharashtra,Chennai,0.54,0.29,0.32,11,False,0.76,0.25,0.08
HDFCERGO,Motor,Commercial GCV,Long Term Package,Annual,Addon,NCB Protect,Addon Claim,Addon Trigger,Low,High,60000,800000,Yes,No,Yes,Medium,Medium,High,Invoice|Survey Report,Addon Conditions Not Met,Loss Heavy,0.05,0.9,3000.0,1.08,0.62,Urban,Maharashtra,Mumbai,0.74,0.37,0.71,9,False,0.75,0.25,0.08
HDFCERGO,Motor,Commercial GCV,Long Term Package,Annual,Addon,Return to Invoice,Addon Claim,Addon Trigger,Low,High,60000,800000,Yes,No,Yes,Medium,Medium,High,Invoice|Survey Report,Addon Conditions Not Met,Loss Heavy,0.05,0.9,3000.0,1.08,0.4,Metro,Gujarat,Delhi,0.52,0.21,0.35,12,False,0.83,0.25,0.08
HDFCERGO,Motor,Commercial GCV,Long Term Package,Annual,Addon,Invoice Cover,Addon Claim,Addon Trigger,Low,High,60000,800000,Yes,No,Yes,Medium,Medium,High,Invoice|Survey Report,Addon Conditions Not Met,Loss Heavy,0.05,0.9,3000.0,1.08,0.62,Urban,Karnataka,Bangalore,0.42,0.71,0.87,12,False,0.52,0.25,0.08
HDFCERGO,Motor,Commercial GCV,Long Term Package,Annual,Addon,PAYD Benefit,Addon Claim,Addon Trigger,Low,High,60000,800000,Yes,No,Yes,Medium,Medium,High,Invoice|Survey Report,Addon Conditions Not Met,Loss Heavy,0.05,0.9,3000.0,1.08,0.65,Metro,Maharashtra,Delhi,0.57,0.73,0.81,8,False,0.78,0.25,0.08
HDFCERGO,Motor,Commercial GCV,Long Term Package,Annual,Addon,EV Addon,Addon Claim,Addon Trigger,Low,High,60000,800000,Yes,No,Yes,Medium,Medium,High,Invoice|Survey Report,Addon Conditions Not Met,Loss Heavy,0.05,0.9,3000.0,1.08,0.69,Metro,Tamil Nadu,Delhi,0.83,0.25,0.38,11,False,0.69,0.25,0.08
HDFCERGO,Motor,Commercial GCV,Long Term Package,Annual,Addon,EMI Protector,Addon Claim,Addon Trigger,Low,High,60000,800000,Yes,No,Yes,Medium,Medium,High,Invoice|Survey Report,Addon Conditions Not Met,Loss Heavy,0.05,0.9,3000.0,1.08,0.23,Urban,Gujarat,Bangalore,0.53,0.42,0.43,14,False,0.53,0.25,0.08
HDFCERGO,Motor,Commercial GCV,Long Term Package,Annual,Addon,Loss of Use,Addon Claim,Addon Trigger,Low,High,60000,800000,Yes,No,Yes,Medium,Medium,High,Invoice|Survey Report,Addon Conditions Not Met,Loss Heavy,0.05,0.9,3000.0,1.08,0.66,Urban,Karnataka,Chennai,0.77,0.51,0.41,7,False,0.52,0.25,0.08
HDFCERGO,Motor,Commercial GCV,Long Term Package,Annual,Addon,Key Protect,Addon Claim,Addon Trigger,Low,High,60000,800000,Yes,No,Yes,Medium,Medium,High,Invoice|Survey Report,Addon Conditions Not Met,Loss Heavy,0.05,0.9,3000.0,1.08,0.26,Urban,Tamil Nadu,Delhi,0.64,0.51,0.87,7,False,0.71,0.25,0.08
HDFCERGO,Motor,Commercial GCV,Long Term Package,Annual,Addon,Personal Belongings,Addon Claim,Addon Trigger,Low,High,60000,800000,Yes,No,Yes,Medium,Medium,High,Invoice|Survey Report,Addon Conditions Not Met,Loss Heavy,0.05,0.9,3000.0,1.08,0.69,Rural,Delhi,Ahmedabad,0.38,0.51,0.51,12,False,0.66,0.25,0.08
HDFCERGO,Motor,Commercial PCV,Package,Annual,Base,Own Damage,Accident / Liability,Policy Defined Event,Medium,Medium,35000,300000,Yes,Yes,Yes,Medium,Low,Medium,Claim Form|FIR|Photos,Policy Breach,Balanced,0.15,0.9,5250.0,1.08,0.63,Metro,Maharashtra,Ahmedabad,0.67,0.6,0.39,9,False,0.7,0.25,0.03
HDFCERGO,Motor,Commercial PCV,Package,Annual,Base,Third Party,Accident / Liability,Policy Defined Event,Medium,Medium,35000,300000,Yes,Yes,Yes,Medium,Low,Medium,Claim Form|FIR|Photos,Policy Breach,Balanced,0.15,0.9,5250.0,1.08,0.65,Urban,Maharashtra,Ahmedabad,0.64,0.27,0.67,8,False,0.68,0.25,0.03
HDFCERGO,Motor,Commercial PCV,Package,Annual,Base,Personal Accident,Accident / Liability,Policy Defined Event,Medium,Medium,35000,300000,Yes,Yes,Yes,Medium,Low,Medium,Claim Form|FIR|Photos,Policy Breach,Balanced,0.15,0.9,5250.0,1.08,0.69,Rural,Gujarat,Chennai,0.87,0.74,0.38,13,False,0.54,0.25,0.03
HDFCERGO,Motor,Commercial PCV,Package,Annual,Addon,Zero Depreciation,Addon Claim,Addon Trigger,Low,High,60000,800000,Yes,No,Yes,Medium,Medium,High,Invoice|Survey Report,Addon Conditions Not Met,Loss Heavy,0.05,0.9,3000.0,1.08,0.49,Metro,Tamil Nadu,Ahmedabad,0.69,0.21,0.32,9,False,0.6,0.25,0.08
HDFCERGO,Motor,Commercial PCV,Package,Annual,Addon,Engine Protect,Addon Claim,Addon Trigger,Low,High,60000,800000,Yes,No,Yes,Medium,Medium,High,Invoice|Survey Report,Addon Conditions Not Met,Loss Heavy,0.05,0.9,3000.0,1.08,0.69,Urban,Gujarat,Chennai,0.58,0.44,0.32,7,False,0.78,0.25,0.08
HDFCERGO,Motor,Commercial PCV,Package,Annual,Addon,Gearbox Protect,Addon Claim,Addon Trigger,Low,High,60000,800000,Yes,No,Yes,Medium,Medium,High,Invoice|Survey Report,Addon Conditions Not Met,Loss Heavy,0.05,0.9,3000.0,1.08,0.53,Urban,Tamil Nadu,Mumbai,0.86,0.59,0.79,9,False,0.5,0.25,0.08
HDFCERGO,Motor,Commercial PCV,Package,Annual,Addon,Consumables,Addon Claim,Addon Trigger,Low,High,60000,800000,Yes,No,Yes,Medium,Medium,High,Invoice|Survey Report,Addon Conditions Not Met,Loss Heavy,0.05,0.9,3000.0,1.08,0.3,Metro,Maharashtra,Ahmedabad,0.45,0.75,0.51,12,False,0.74,0.25,0.08
HDFCERGO,Motor,Commercial PCV,Package,Annual,Addon,Tyre Protect,Addon Claim,Addon Trigger,Low,High,60000,800000,Yes,No,Yes,Medium,Medium,High,Invoice|Survey Report,Addon Conditions Not Met,Loss Heavy,0.05,0.9,3000.0,1.08,0.62,Urban,Karnataka,Mumbai,0.43,0.44,0.63,7,False,0.58,0.25,0.08
HDFCERGO,Motor,Commercial PCV,Package,Annual,Addon,Roadside Assistance,Addon Claim,Addon Trigger,Low,High,60000,800000,Yes,No,Yes,Medium,Medium,High,Invoice|Survey Report,Addon Conditions Not Met,Loss Heavy,0.05,0.9,3000.0,1.08,0.6,Metro,Gujarat,Chennai,0.35,0.35,0.6,10,False,0.71,0.25,0.08
HDFCERGO,Motor,Commercial PCV,Package,Annual,Addon,NCB Protect,Addon Claim,Addon Trigger,Low,High,60000,800000,Yes,No,Yes,Medium,Medium,High,Invoice|Survey Report,Addon Conditions Not Met,Loss Heavy,0.05,0.9,3000.0,1.08,0.48,Metro,Gujarat,Bangalore,0.9,0.65,0.71,14,False,0.53,0.25,0.08
HDFCERGO,Motor,Commercial PCV,Package,Annual,Addon,Return to Invoice,Addon Claim,Addon Trigger,Low,High,60000,800000,Yes,No,Yes,Medium,Medium,High,Invoice|Survey Report,Addon Conditions Not Met,Loss Heavy,0.05,0.9,3000.0,1.08,0.29,Metro,Maharashtra,Chennai,0.35,0.31,0.39,11,False,0.79,0.25,0.08
HDFCERGO,Motor,Commercial PCV,Package,Annual,Addon,Invoice Cover,Addon Claim,Addon Trigger,Low,High,60000,800000,Yes,No,Yes,Medium,Medium,High,Invoice|Survey Report,Addon Conditions Not Met,Loss Heavy,0.05,0.9,3000.0,1.08,0.3,Metro,Gujarat,Delhi,0.74,0.79,0.43,7,False,0.59,0.25,0.08
HDFCERGO,Motor,Commercial PCV,Package,Annual,Addon,PAYD Benefit,Addon Claim,Addon Trigger,Low,High,60000,800000,Yes,No,Yes,Medium,Medium,High,Invoice|Survey Report,Addon Conditions Not Met,Loss Heavy,0.05,0.9,3000.0,1.08,0.35,Rural,Karnataka,Delhi,0.77,0.6,0.7,10,False,0.83,0.25,0.08
HDFCERGO,Motor,Commercial PCV,Package,Annual,Addon,EV Addon,Addon Claim,Addon Trigger,Low,High,60000,800000,Yes,No,Yes,Medium,Medium,High,Invoice|Survey Report,Addon Conditions Not Met,Loss Heavy,0.05,0.9,3000.0,1.08,0.56,Urban,Maharashtra,Bangalore,0.65,0.4,0.43,13,False,0.54,0.25,0.08
HDFCERGO,Motor,Commercial PCV,Package,Annual,Addon,EMI Protector,Addon Claim,Addon Trigger,Low,High,60000,800000,Yes,No,Yes,Medium,Medium,High,Invoice|Survey Report,Addon Conditions Not Met,Loss Heavy,0.05,0.9,3000.0,1.08,0.38,Urban,Delhi,Chennai,0.37,0.44,0.4,11,False,0.61,0.25,0.08
HDFCERGO,Motor,Commercial PCV,Package,Annual,Addon,Loss of Use,Addon Claim,Addon Trigger,Low,High,60000,800000,Yes,No,Yes,Medium,Medium,High,Invoice|Survey Report,Addon Conditions Not Met,Loss Heavy,0.05,0.9,3000.0,1.08,0.34,Metro,Karnataka,Delhi,0.64,0.78,0.39,9,False,0.84,0.25,0.08
HDFCERGO,Motor,Commercial PCV,Package,Annual,Addon,Key Protect,Addon Claim,Addon Trigger,Low,High,60000,800000,Yes,No,Yes,Medium,Medium,High,Invoice|Survey Report,Addon Conditions Not Met,Loss Heavy,0.05,0.9,3000.0,1.08,0.56,Metro,Maharashtra,Ahmedabad,0.32,0.72,0.72,7,False,0.63,0.25,0.08
HDFCERGO,Motor,Commercial PCV,Package,Annual,Addon,Personal Belongings,Addon Claim,Addon Trigger,Low,High,60000,800000,Yes,No,Yes,Medium,Medium,High,Invoice|Survey Report,Addon Conditions Not Met,Loss Heavy,0.05,0.9,3000.0,1.08,0.66,Urban,Gujarat,Mumbai,0.56,0.42,0.89,8,False,0.73,0.25,0.08
HDFCERGO,Motor,Commercial PCV,Bundled,Annual,Base,Own Damage,Accident / Liability,Policy Defined Event,Medium,Medium,35000,300000,Yes,Yes,Yes,Medium,Low,Medium,Claim Form|FIR|Photos,Policy Breach,Balanced,0.15,0.9,5250.0,1.08,0.48,Rural,Maharashtra,Ahmedabad,0.82,0.4,0.85,10,False,0.82,0.25,0.03
HDFCERGO,Motor,Commercial PCV,Bundled,Annual,Base,Third Party,Accident / Liability,Policy Defined Event,Medium,Medium,35000,300000,Yes,Yes,Yes,Medium,Low,Medium,Claim Form|FIR|Photos,Policy Breach,Balanced,0.15,0.9,5250.0,1.08,0.29,Rural,Delhi,Delhi,0.85,0.78,0.62,10,False,0.61,0.25,0.03
HDFCERGO,Motor,Commercial PCV,Bundled,Annual,Base,Personal Accident,Accident / Liability,Policy Defined Event,Medium,Medium,35000,300000,Yes,Yes,Yes,Medium,Low,Medium,Claim Form|FIR|Photos,Policy Breach,Balanced,0.15,0.9,5250.0,1.08,0.32,Metro,Karnataka,Delhi,0.61,0.43,0.73,9,False,0.75,0.25,0.03
HDFCERGO,Motor,Commercial PCV,Bundled,Annual,Addon,Zero Depreciation,Addon Claim,Addon Trigger,Low,High,60000,800000,Yes,No,Yes,Medium,Medium,High,Invoice|Survey Report,Addon Conditions Not Met,Loss Heavy,0.05,0.9,3000.0,1.08,0.35,Rural,Maharashtra,Delhi,0.31,0.56,0.46,12,False,0.51,0.25,0.08
HDFCERGO,Motor,Commercial PCV,Bundled,Annual,Addon,Engine Protect,Addon Claim,Addon Trigger,Low,High,60000,800000,Yes,No,Yes,Medium,Medium,High,Invoice|Survey Report,Addon Conditions Not Met,Loss Heavy,0.05,0.9,3000.0,1.08,0.69,Urban,Karnataka,Bangalore,0.76,0.32,0.66,14,False,0.76,0.25,0.08
HDFCERGO,Motor,Commercial PCV,Bundled,Annual,Addon,Gearbox Protect,Addon Claim,Addon Trigger,Low,High,60000,800000,Yes,No,Yes,Medium,Medium,High,Invoice|Survey Report,Addon Conditions Not Met,Loss Heavy,0.05,0.9,3000.0,1.08,0.69,Rural,Maharashtra,Delhi,0.79,0.63,0.73,10,False,0.79,0.25,0.08
HDFCERGO,Motor,Commercial PCV,Bundled,Annual,Addon,Consumables,Addon Claim,Addon Trigger,Low,High,60000,800000,Yes,No,Yes,Medium,Medium,High,Invoice|Survey Report,Addon Conditions Not Met,Loss Heavy,0.05,0.9,3000.0,1.08,0.7,Metro,Maharashtra,Mumbai,0.54,0.69,0.68,14,False,0.77,0.25,0.08
HDFCERGO,Motor,Commercial PCV,Bundled,Annual,Addon,Tyre Protect,Addon Claim,Addon Trigger,Low,High,60000,800000,Yes,No,Yes,Medium,Medium,High,Invoice|Survey Report,Addon Conditions Not Met,Loss Heavy,0.05,0.9,3000.0,1.08,0.48,Metro,Gujarat,Mumbai,0.72,0.55,0.77,12,False,0.85,0.25,0.08
HDFCERGO,Motor,Commercial PCV,Bundled,Annual,Addon,Roadside Assistance,Addon Claim,Addon Trigger,Low,High,60000,800000,Yes,No,Yes,Medium,Medium,High,Invoice|Survey Report,Addon Conditions Not Met,Loss Heavy,0.05,0.9,3000.0,1.08,0.49,Rural,Maharashtra,Delhi,0.78,0.63,0.41,9,False,0.69,0.25,0.08
HDFCERGO,Motor,Commercial PCV,Bundled,Annual,Addon,NCB Protect,Addon Claim,Addon Trigger,Low,High,60000,800000,Yes,No,Yes,Medium,Medium,High,Invoice|Survey Report,Addon Conditions Not Met,Loss Heavy,0.05,0.9,3000.0,1.08,0.53,Urban,Maharashtra,Chennai,0.64,0.78,0.43,12,False,0.81,0.25,0.08
HDFCERGO,Motor,Commercial PCV,Bundled,Annual,Addon,Return to Invoice,Addon Claim,Addon Trigger,Low,High,60000,800000,Yes,No,Yes,Medium,Medium,High,Invoice|Survey Report,Addon Conditions Not Met,Loss Heavy,0.05,0.9,3000.0,1.08,0.21,Rural,Karnataka,Mumbai,0.82,0.49,0.66,8,False,0.56,0.25,0.08
HDFCERGO,Motor,Commercial PCV,Bundled,Annual,Addon,Invoice Cover,Addon Claim,Addon Trigger,Low,High,60000,800000,Yes,No,Yes,Medium,Medium,High,Invoice|Survey Report,Addon Conditions Not Met,Loss Heavy,0.05,0.9,3000.0,1.08,0.38,Metro,Karnataka,Ahmedabad,0.61,0.48,0.34,12,False,0.58,0.25,0.08
HDFCERGO,Motor,Commercial PCV,Bundled,Annual,Addon,PAYD Benefit,Addon Claim,Addon Trigger,Low,High,60000,800000,Yes,No,Yes,Medium,Medium,High,Invoice|Survey Report,Addon Conditions Not Met,Loss Heavy,0.05,0.9,3000.0,1.08,0.31,Rural,Gujarat,Bangalore,0.5,0.53,0.35,10,False,0.68,0.25,0.08
HDFCERGO,Motor,Commercial PCV,Bundled,Annual,Addon,EV Addon,Addon Claim,Addon Trigger,Low,High,60000,800000,Yes,No,Yes,Medium,Medium,High,Invoice|Survey Report,Addon Conditions Not Met,Loss Heavy,0.05,0.9,3000.0,1.08,0.65,Rural,Karnataka,Bangalore,0.76,0.23,0.34,8,False,0.8,0.25,0.08
HDFCERGO,Motor,Commercial PCV,Bundled,Annual,Addon,EMI Protector,Addon Claim,Addon Trigger,Low,High,60000,800000,Yes,No,Yes,Medium,Medium,High,Invoice|Survey Report,Addon Conditions Not Met,Loss Heavy,0.05,0.9,3000.0,1.08,0.58,Rural,Gujarat,Ahmedabad,0.61,0.57,0.58,10,False,0.76,0.25,0.08
HDFCERGO,Motor,Commercial PCV,Bundled,Annual,Addon,Loss of Use,Addon Claim,Addon Trigger,Low,High,60000,800000,Yes,No,Yes,Medium,Medium,High,Invoice|Survey Report,Addon Conditions Not Met,Loss Heavy,0.05,0.9,3000.0,1.08,0.26,Rural,Tamil Nadu,Bangalore,0.49,0.57,0.45,11,False,0.66,0.25,0.08
HDFCERGO,Motor,Commercial PCV,Bundled,Annual,Addon,Key Protect,Addon Claim,Addon Trigger,Low,High,60000,800000,Yes,No,Yes,Medium,Medium,High,Invoice|Survey Report,Addon Conditions Not Met,Loss Heavy,0.05,0.9,3000.0,1.08,0.39,Metro,Maharashtra,Mumbai,0.62,0.35,0.75,11,False,0.51,0.25,0.08
HDFCERGO,Motor,Commercial PCV,Bundled,Annual,Addon,Personal Belongings,Addon Claim,Addon Trigger,Low,High,60000,800000,Yes,No,Yes,Medium,Medium,High,Invoice|Survey Report,Addon Conditions Not Met,Loss Heavy,0.05,0.9,3000.0,1.08,0.39,Rural,Gujarat,Chennai,0.75,0.47,0.43,8,False,0.61,0.25,0.08
HDFCERGO,Motor,Commercial PCV,Standalone Own Damage,Annual,Base,Own Damage,Accident / Liability,Policy Defined Event,Medium,Medium,35000,300000,Yes,Yes,Yes,Medium,Low,Medium,Claim Form|FIR|Photos,Policy Breach,Balanced,0.15,0.9,5250.0,1.08,0.26,Rural,Delhi,Delhi,0.66,0.27,0.51,10,False,0.6,0.25,0.03
HDFCERGO,Motor,Commercial PCV,Standalone Own Damage,Annual,Base,Personal Accident,Accident / Liability,Policy Defined Event,Medium,Medium,35000,300000,Yes,Yes,Yes,Medium,Low,Medium,Claim Form|FIR|Photos,Policy Breach,Balanced,0.15,0.9,5250.0,1.08,0.63,Urban,Maharashtra,Delhi,0.84,0.46,0.71,9,False,0.83,0.25,0.03
HDFCERGO,Motor,Commercial PCV,Standalone Own Damage,Annual,Addon,Zero Depreciation,Addon Claim,Addon Trigger,Low,High,60000,800000,Yes,No,Yes,Medium,Medium,High,Invoice|Survey Report,Addon Conditions Not Met,Loss Heavy,0.05,0.9,3000.0,1.08,0.32,Rural,Gujarat,Bangalore,0.36,0.47,0.85,9,False,0.51,0.25,0.08
HDFCERGO,Motor,Commercial PCV,Standalone Own Damage,Annual,Addon,Engine Protect,Addon Claim,Addon Trigger,Low,High,60000,800000,Yes,No,Yes,Medium,Medium,High,Invoice|Survey Report,Addon Conditions Not Met,Loss Heavy,0.05,0.9,3000.0,1.08,0.24,Rural,Karnataka,Bangalore,0.85,0.45,0.32,11,False,0.64,0.25,0.08
HDFCERGO,Motor,Commercial PCV,Standalone Own Damage,Annual,Addon,Gearbox Protect,Addon Claim,Addon Trigger,Low,High,60000,800000,Yes,No,Yes,Medium,Medium,High,Invoice|Survey Report,Addon Conditions Not Met,Loss Heavy,0.05,0.9,3000.0,1.08,0.51,Urban,Tamil Nadu,Bangalore,0.81,0.65,0.45,14,False,0.64,0.25,0.08
HDFCERGO,Motor,Commercial PCV,Standalone Own Damage,Annual,Addon,Consumables,Addon Claim,Addon Trigger,Low,High,60000,800000,Yes,No,Yes,Medium,Medium,High,Invoice|Survey Report,Addon Conditions Not Met,Loss Heavy,0.05,0.9,3000.0,1.08,0.54,Metro,Gujarat,Chennai,0.77,0.35,0.35,9,False,0.67,0.25,0.08
HDFCERGO,Motor,Commercial PCV,Standalone Own Damage,Annual,Addon,Tyre Protect,Addon Claim,Addon Trigger,Low,High,60000,800000,Yes,No,Yes,Medium,Medium,High,Invoice|Survey Report,Addon Conditions Not Met,Loss Heavy,0.05,0.9,3000.0,1.08,0.49,Urban,Karnataka,Chennai,0.68,0.66,0.57,12,False,0.69,0.25,0.08
HDFCERGO,Motor,Commercial PCV,Standalone Own Damage,Annual,Addon,Roadside Assistance,Addon Claim,Addon Trigger,Low,High,60000,800000,Yes,No,Yes,Medium,Medium,High,Invoice|Survey Report,Addon Conditions Not Met,Loss Heavy,0.05,0.9,3000.0,1.08,0.25,Rural,Maharashtra,Bangalore,0.77,0.7,0.84,14,False,0.82,0.25,0.08
HDFCERGO,Motor,Commercial PCV,Standalone Own Damage,Annual,Addon,NCB Protect,Addon Claim,Addon Trigger,Low,High,60000,800000,Yes,No,Yes,Medium,Medium,High,Invoice|Survey Report,Addon Conditions Not Met,Loss Heavy,0.05,0.9,3000.0,1.08,0.3,Urban,Delhi,Mumbai,0.32,0.71,0.67,11,False,0.57,0.25,0.08
HDFCERGO,Motor,Commercial PCV,Standalone Own Damage,Annual,Addon,Return to Invoice,Addon Claim,Addon Trigger,Low,High,60000,800000,Yes,No,Yes,Medium,Medium,High,Invoice|Survey Report,Addon Conditions Not Met,Loss Heavy,0.05,0.9,3000.0,1.08,0.46,Rural,Tamil Nadu,Chennai,0.68,0.34,0.37,10,False,0.66,0.25,0.08
HDFCERGO,Motor,Commercial PCV,Standalone Own Damage,Annual,Addon,Invoice Cover,Addon Claim,Addon Trigger,Low,High,60000,800000,Yes,No,Yes,Medium,Medium,High,Invoice|Survey Report,Addon Conditions Not Met,Loss Heavy,0.05,0.9,3000.0,1.08,0.35,Rural,Gujarat,Chennai,0.89,0.21,0.67,7,False,0.73,0.25,0.08
HDFCERGO,Motor,Commercial PCV,Standalone Own Damage,Annual,Addon,PAYD Benefit,Addon Claim,Addon Trigger,Low,High,60000,800000,Yes,No,Yes,Medium,Medium,High,Invoice|Survey Report,Addon Conditions Not Met,Loss Heavy,0.05,0.9,3000.0,1.08,0.35,Urban,Tamil Nadu,Mumbai,0.83,0.77,0.34,11,False,0.63,0.25,0.08
HDFCERGO,Motor,Commercial PCV,Standalone Own Damage,Annual,Addon,EV Addon,Addon Claim,Addon Trigger,Low,High,60000,800000,Yes,No,Yes,Medium,Medium,High,Invoice|Survey Report,Addon Conditions Not Met,Loss Heavy,0.05,0.9,3000.0,1.08,0.42,Metro,Gujarat,Ahmedabad,0.47,0.54,0.65,8,False,0.75,0.25,0.08
HDFCERGO,Motor,Commercial PCV,Standalone Own Damage,Annual,Addon,EMI Protector,Addon Claim,Addon Trigger,Low,High,60000,800000,Yes,No,Yes,Medium,Medium,High,Invoice|Survey Report,Addon Conditions Not Met,Loss Heavy,0.05,0.9,3000.0,1.08,0.24,Urban,Karnataka,Mumbai,0.43,0.71,0.78,12,False,0.56,0.25,0.08
HDFCERGO,Motor,Commercial PCV,Standalone Own Damage,Annual,Addon,Loss of Use,Addon Claim,Addon Trigger,Low,High,60000,800000,Yes,No,Yes,Medium,Medium,High,Invoice|Survey Report,Addon Conditions Not Met,Loss Heavy,0.05,0.9,3000.0,1.08,0.51,Rural,Delhi,Mumbai,0.49,0.62,0.62,7,False,0.62,0.25,0.08
HDFCERGO,Motor,Commercial PCV,Standalone Own Damage,Annual,Addon,Key Protect,Addon Claim,Addon Trigger,Low,High,60000,800000,Yes,No,Yes,Medium,Medium,High,Invoice|Survey Report,Addon Conditions Not Met,Loss Heavy,0.05,0.9,3000.0,1.08,0.21,Metro,Delhi,Ahmedabad,0.42,0.71,0.56,7,False,0.69,0.25,0.08
HDFCERGO,Motor,Commercial PCV,Standalone Own Damage,Annual,Addon,Personal Belongings,Addon Claim,Addon Trigger,Low,High,60000,800000,Yes,No,Yes,Medium,Medium,High,Invoice|Survey Report,Addon Conditions Not Met,Loss Heavy,0.05,0.9,3000.0,1.08,0.25,Metro,Gujarat,Bangalore,0.73,0.8,0.57,14,False,0.74,0.25,0.08
HDFCERGO,Motor,Commercial PCV,Liability Only,Annual,Base,Third Party,Accident / Liability,Policy Defined Event,Medium,Medium,35000,300000,Yes,Yes,Yes,Medium,Low,Medium,Claim Form|FIR|Photos,Policy Breach,Balanced,0.15,0.9,5250.0,1.08,0.52,Rural,Tamil Nadu,Delhi,0.42,0.58,0.62,12,False,0.68,0.25,0.03
HDFCERGO,Motor,Commercial PCV,Liability Only,Annual,Base,Personal Accident,Accident / Liability,Policy Defined Event,Medium,Medium,35000,300000,Yes,Yes,Yes,Medium,Low,Medium,Claim Form|FIR|Photos,Policy Breach,Balanced,0.15,0.9,5250.0,1.08,0.49,Rural,Gujarat,Chennai,0.31,0.52,0.56,8,False,0.6,0.25,0.03
HDFCERGO,Motor,Commercial PCV,Long Term Package,Annual,Base,Own Damage,Accident / Liability,Policy Defined Event,Medium,Medium,35000,300000,Yes,Yes,Yes,Medium,Low,Medium,Claim Form|FIR|Photos,Policy Breach,Balanced,0.15,0.9,5250.0,1.08,0.28,Urban,Tamil Nadu,Delhi,0.36,0.79,0.68,8,False,0.56,0.25,0.03
HDFCERGO,Motor,Commercial PCV,Long Term Package,Annual,Base,Third Party,Accident / Liability,Policy Defined Event,Medium,Medium,35000,300000,Yes,Yes,Yes,Medium,Low,Medium,Claim Form|FIR|Photos,Policy Breach,Balanced,0.15,0.9,5250.0,1.08,0.29,Metro,Karnataka,Delhi,0.72,0.37,0.83,9,False,0.54,0.25,0.03
HDFCERGO,Motor,Commercial PCV,Long Term Package,Annual,Base,Personal Accident,Accident / Liability,Policy Defined Event,Medium,Medium,35000,300000,Yes,Yes,Yes,Medium,Low,Medium,Claim Form|FIR|Photos,Policy Breach,Balanced,0.15,0.9,5250.0,1.08,0.53,Rural,Karnataka,Bangalore,0.83,0.33,0.34,10,False,0.72,0.25,0.03
HDFCERGO,Motor,Commercial PCV,Long Term Package,Annual,Addon,Zero Depreciation,Addon Claim,Addon Trigger,Low,High,60000,800000,Yes,No,Yes,Medium,Medium,High,Invoice|Survey Report,Addon Conditions Not Met,Loss Heavy,0.05,0.9,3000.0,1.08,0.63,Urban,Tamil Nadu,Ahmedabad,0.73,0.7,0.32,14,False,0.57,0.25,0.08
HDFCERGO,Motor,Commercial PCV,Long Term Package,Annual,Addon,Engine Protect,Addon Claim,Addon Trigger,Low,High,60000,800000,Yes,No,Yes,Medium,Medium,High,Invoice|Survey Report,Addon Conditions Not Met,Loss Heavy,0.05,0.9,3000.0,1.08,0.68,Rural,Maharashtra,Mumbai,0.81,0.31,0.76,10,False,0.73,0.25,0.08
HDFCERGO,Motor,Commercial PCV,Long Term Package,Annual,Addon,Gearbox Protect,Addon Claim,Addon Trigger,Low,High,60000,800000,Yes,No,Yes,Medium,Medium,High,Invoice|Survey Report,Addon Conditions Not Met,Loss Heavy,0.05,0.9,3000.0,1.08,0.46,Rural,Delhi,Ahmedabad,0.54,0.24,0.59,14,False,0.82,0.25,0.08
HDFCERGO,Motor,Commercial PCV,Long Term Package,Annual,Addon,Consumables,Addon Claim,Addon Trigger,Low,High,60000,800000,Yes,No,Yes,Medium,Medium,High,Invoice|Survey Report,Addon Conditions Not Met,Loss Heavy,0.05,0.9,3000.0,1.08,0.68,Metro,Gujarat,Mumbai,0.36,0.61,0.35,14,False,0.62,0.25,0.08
HDFCERGO,Motor,Commercial PCV,Long Term Package,Annual,Addon,Tyre Protect,Addon Claim,Addon Trigger,Low,High,60000,800000,Yes,No,Yes,Medium,Medium,High,Invoice|Survey Report,Addon Conditions Not Met,Loss Heavy,0.05,0.9,3000.0,1.08,0.53,Urban,Maharashtra,Ahmedabad,0.59,0.45,0.48,11,False,0.71,0.25,0.08
HDFCERGO,Motor,Commercial PCV,Long Term Package,Annual,Addon,Roadside Assistance,Addon Claim,Addon Trigger,Low,High,60000,800000,Yes,No,Yes,Medium,Medium,High,Invoice|Survey Report,Addon Conditions Not Met,Loss Heavy,0.05,0.9,3000.0,1.08,0.5,Metro,Tamil Nadu,Chennai,0.32,0.73,0.74,10,False,0.71,0.25,0.08
HDFCERGO,Motor,Commercial PCV,Long Term Package,Annual,Addon,NCB Protect,Addon Claim,Addon Trigger,Low,High,60000,800000,Yes,No,Yes,Medium,Medium,High,Invoice|Survey Report,Addon Conditions Not Met,Loss Heavy,0.05,0.9,3000.0,1.08,0.33,Urban,Gujarat,Chennai,0.8,0.64,0.47,8,False,0.82,0.25,0.08
HDFCERGO,Motor,Commercial PCV,Long Term Package,Annual,Addon,Return to Invoice,Addon Claim,Addon Trigger,Low,High,60000,800000,Yes,No,Yes,Medium,Medium,High,Invoice|Survey Report,Addon Conditions Not Met,Loss Heavy,0.05,0.9,3000.0,1.08,0.28,Metro,Delhi,Delhi,0.53,0.4,0.49,10,False,0.79,0.25,0.08
HDFCERGO,Motor,Commercial PCV,Long Term Package,Annual,Addon,Invoice Cover,Addon Claim,Addon Trigger,Low,High,60000,800000,Yes,No,Yes,Medium,Medium,High,Invoice|Survey Report,Addon Conditions Not Met,Loss Heavy,0.05,0.9,3000.0,1.08,0.58,Metro,Tamil Nadu,Chennai,0.73,0.55,0.58,13,False,0.64,0.25,0.08
HDFCERGO,Motor,Commercial PCV,Long Term Package,Annual,Addon,PAYD Benefit,Addon Claim,Addon Trigger,Low,High,60000,800000,Yes,No,Yes,Medium,Medium,High,Invoice|Survey Report,Addon Conditions Not Met,Loss Heavy,0.05,0.9,3000.0,1.08,0.53,Rural,Tamil Nadu,Mumbai,0.38,0.57,0.86,14,False,0.84,0.25,0.08
HDFCERGO,Motor,Commercial PCV,Long Term Package,Annual,Addon,EV Addon,Addon Claim,Addon Trigger,Low,High,60000,800000,Yes,No,Yes,Medium,Medium,High,Invoice|Survey Report,Addon Conditions Not Met,Loss Heavy,0.05,0.9,3000.0,1.08,0.55,Metro,Delhi,Ahmedabad,0.62,0.48,0.7,8,False,0.78,0.25,0.08
HDFCERGO,Motor,Commercial PCV,Long Term Package,Annual,Addon,EMI Protector,Addon Claim,Addon Trigger,Low,High,60000,800000,Yes,No,Yes,Medium,Medium,High,Invoice|Survey Report,Addon Conditions Not Met,Loss Heavy,0.05,0.9,3000.0,1.08,0.26,Rural,Delhi,Bangalore,0.78,0.2,0.56,10,False,0.75,0.25,0.08
HDFCERGO,Motor,Commercial PCV,Long Term Package,Annual,Addon,Loss of Use,Addon Claim,Addon Trigger,Low,High,60000,800000,Yes,No,Yes,Medium,Medium,High,Invoice|Survey Report,Addon Conditions Not Met,Loss Heavy,0.05,0.9,3000.0,1.08,0.41,Rural,Tamil Nadu,Delhi,0.39,0.59,0.65,10,False,0.84,0.25,0.08
HDFCERGO,Motor,Commercial PCV,Long Term Package,Annual,Addon,Key Protect,Addon Claim,Addon Trigger,Low,High,60000,800000,Yes,No,Yes,Medium,Medium,High,Invoice|Survey Report,Addon Conditions Not Met,Loss Heavy,0.05,0.9,3000.0,1.08,0.68,Metro,Gujarat,Bangalore,0.31,0.6,0.4,9,False,0.79,0.25,0.08
HDFCERGO,Motor,Commercial PCV,Long Term Package,Annual,Addon,Personal Belongings,Addon Claim,Addon Trigger,Low,High,60000,800000,Yes,No,Yes,Medium,Medium,High,Invoice|Survey Report,Addon Conditions Not Met,Loss Heavy,0.05,0.9,3000.0,1.08,0.57,Rural,Gujarat,Ahmedabad,0.73,0.33,0.54,12,False,0.76,0.25,0.08
HDFCERGO,Motor,Commercial Misc,Package,Annual,Base,Own Damage,Accident / Liability,Policy Defined Event,Medium,Medium,35000,300000,Yes,Yes,Yes,Medium,Low,Medium,Claim Form|FIR|Photos,Policy Breach,Balanced,0.15,0.9,5250.0,1.08,0.32,Rural,Delhi,Bangalore,0.76,0.51,0.5,11,False,0.63,0.25,0.03
HDFCERGO,Motor,Commercial Misc,Package,Annual,Base,Third Party,Accident / Liability,Policy Defined Event,Medium,Medium,35000,300000,Yes,Yes,Yes,Medium,Low,Medium,Claim Form|FIR|Photos,Policy Breach,Balanced,0.15,0.9,5250.0,1.08,0.47,Metro,Gujarat,Bangalore,0.87,0.46,0.8,9,False,0.65,0.25,0.03
HDFCERGO,Motor,Commercial Misc,Package,Annual,Base,Personal Accident,Accident / Liability,Policy Defined Event,Medium,Medium,35000,300000,Yes,Yes,Yes,Medium,Low,Medium,Claim Form|FIR|Photos,Policy Breach,Balanced,0.15,0.9,5250.0,1.08,0.68,Metro,Delhi,Mumbai,0.45,0.57,0.74,7,False,0.51,0.25,0.03
HDFCERGO,Motor,Commercial Misc,Package,Annual,Addon,Zero Depreciation,Addon Claim,Addon Trigger,Low,High,60000,800000,Yes,No,Yes,Medium,Medium,High,Invoice|Survey Report,Addon Conditions Not Met,Loss Heavy,0.05,0.9,3000.0,1.08,0.51,Urban,Gujarat,Bangalore,0.55,0.64,0.45,7,False,0.75,0.25,0.08
HDFCERGO,Motor,Commercial Misc,Package,Annual,Addon,Engine Protect,Addon Claim,Addon Trigger,Low,High,60000,800000,Yes,No,Yes,Medium,Medium,High,Invoice|Survey Report,Addon Conditions Not Met,Loss Heavy,0.05,0.9,3000.0,1.08,0.55,Metro,Maharashtra,Chennai,0.36,0.72,0.83,14,False,0.58,0.25,0.08
HDFCERGO,Motor,Commercial Misc,Package,Annual,Addon,Gearbox Protect,Addon Claim,Addon Trigger,Low,High,60000,800000,Yes,No,Yes,Medium,Medium,High,Invoice|Survey Report,Addon Conditions Not Met,Loss Heavy,0.05,0.9,3000.0,1.08,0.32,Metro,Delhi,Mumbai,0.49,0.7,0.81,13,False,0.52,0.25,0.08
HDFCERGO,Motor,Commercial Misc,Package,Annual,Addon,Consumables,Addon Claim,Addon Trigger,Low,High,60000,800000,Yes,No,Yes,Medium,Medium,High,Invoice|Survey Report,Addon Conditions Not Met,Loss Heavy,0.05,0.9,3000.0,1.08,0.68,Urban,Gujarat,Ahmedabad,0.48,0.33,0.53,14,False,0.57,0.25,0.08
HDFCERGO,Motor,Commercial Misc,Package,Annual,Addon,Tyre Protect,Addon Claim,Addon Trigger,Low,High,60000,800000,Yes,No,Yes,Medium,Medium,High,Invoice|Survey Report,Addon Conditions Not Met,Loss Heavy,0.05,0.9,3000.0,1.08,0.22,Urban,Karnataka,Delhi,0.71,0.66,0.78,8,False,0.6,0.25,0.08
HDFCERGO,Motor,Commercial Misc,Package,Annual,Addon,Roadside Assistance,Addon Claim,Addon Trigger,Low,High,60000,800000,Yes,No,Yes,Medium,Medium,High,Invoice|Survey Report,Addon Conditions Not Met,Loss Heavy,0.05,0.9,3000.0,1.08,0.35,Rural,Karnataka,Ahmedabad,0.42,0.52,0.32,13,False,0.67,0.25,0.08
HDFCERGO,Motor,Commercial Misc,Package,Annual,Addon,NCB Protect,Addon Claim,Addon Trigger,Low,High,60000,800000,Yes,No,Yes,Medium,Medium,High,Invoice|Survey Report,Addon Conditions Not Met,Loss Heavy,0.05,0.9,3000.0,1.08,0.59,Metro,Delhi,Delhi,0.44,0.4,0.79,12,False,0.84,0.25,0.08
HDFCERGO,Motor,Commercial Misc,Package,Annual,Addon,Return to Invoice,Addon Claim,Addon Trigger,Low,High,60000,800000,Yes,No,Yes,Medium,Medium,High,Invoice|Survey Report,Addon Conditions Not Met,Loss Heavy,0.05,0.9,3000.0,1.08,0.23,Urban,Tamil Nadu,Chennai,0.5,0.2,0.52,13,False,0.69,0.25,0.08
HDFCERGO,Motor,Commercial Misc,Package,Annual,Addon,Invoice Cover,Addon Claim,Addon Trigger,Low,High,60000,800000,Yes,No,Yes,Medium,Medium,High,Invoice|Survey Report,Addon Conditions Not Met,Loss Heavy,0.05,0.9,3000.0,1.08,0.59,Urban,Tamil Nadu,Ahmedabad,0.48,0.49,0.82,10,False,0.63,0.25,0.08
HDFCERGO,Motor,Commercial Misc,Package,Annual,Addon,PAYD Benefit,Addon Claim,Addon Trigger,Low,High,60000,800000,Yes,No,Yes,Medium,Medium,High,Invoice|Survey Report,Addon Conditions Not Met,Loss Heavy,0.05,0.9,3000.0,1.08,0.61,Metro,Maharashtra,Bangalore,0.66,0.71,0.82,10,False,0.69,0.25,0.08
HDFCERGO,Motor,Commercial Misc,Package,Annual,Addon,EV Addon,Addon Claim,Addon Trigger,Low,High,60000,800000,Yes,No,Yes,Medium,Medium,High,Invoice|Survey Report,Addon Conditions Not Met,Loss Heavy,0.05,0.9,3000.0,1.08,0.62,Urban,Karnataka,Chennai,0.82,0.43,0.81,11,False,0.78,0.25,0.08
HDFCERGO,Motor,Commercial Misc,Package,Annual,Addon,EMI Protector,Addon Claim,Addon Trigger,Low,High,60000,800000,Yes,No,Yes,Medium,Medium,High,Invoice|Survey Report,Addon Conditions Not Met,Loss Heavy,0.05,0.9,3000.0,1.08,0.42,Rural,Maharashtra,Ahmedabad,0.56,0.35,0.4,11,False,0.68,0.25,0.08
HDFCERGO,Motor,Commercial Misc,Package,Annual,Addon,Loss of Use,Addon Claim,Addon Trigger,Low,High,60000,800000,Yes,No,Yes,Medium,Medium,High,Invoice|Survey Report,Addon Conditions Not Met,Loss Heavy,0.05,0.9,3000.0,1.08,0.7,Urban,Maharashtra,Delhi,0.7,0.29,0.35,11,False,0.69,0.25,0.08
HDFCERGO,Motor,Commercial Misc,Package,Annual,Addon,Key Protect,Addon Claim,Addon Trigger,Low,High,60000,800000,Yes,No,Yes,Medium,Medium,High,Invoice|Survey Report,Addon Conditions Not Met,Loss Heavy,0.05,0.9,3000.0,1.08,0.36,Urban,Karnataka,Mumbai,0.37,0.63,0.88,7,False,0.66,0.25,0.08
HDFCERGO,Motor,Commercial Misc,Package,Annual,Addon,Personal Belongings,Addon Claim,Addon Trigger,Low,High,60000,800000,Yes,No,Yes,Medium,Medium,High,Invoice|Survey Report,Addon Conditions Not Met,Loss Heavy,0.05,0.9,3000.0,1.08,0.2,Urban,Karnataka,Bangalore,0.36,0.79,0.32,10,False,0.77,0.25,0.08
HDFCERGO,Motor,Commercial Misc,Bundled,Annual,Base,Own Damage,Accident / Liability,Policy Defined Event,Medium,Medium,35000,300000,Yes,Yes,Yes,Medium,Low,Medium,Claim Form|FIR|Photos,Policy Breach,Balanced,0.15,0.9,5250.0,1.08,0.63,Rural,Tamil Nadu,Chennai,0.89,0.72,0.46,8,False,0.56,0.25,0.03
HDFCERGO,Motor,Commercial Misc,Bundled,Annual,Base,Third Party,Accident / Liability,Policy Defined Event,Medium,Medium,35000,300000,Yes,Yes,Yes,Medium,Low,Medium,Claim Form|FIR|Photos,Policy Breach,Balanced,0.15,0.9,5250.0,1.08,0.64,Urban,Gujarat,Mumbai,0.53,0.63,0.46,9,False,0.59,0.25,0.03
HDFCERGO,Motor,Commercial Misc,Bundled,Annual,Base,Personal Accident,Accident / Liability,Policy Defined Event,Medium,Medium,35000,300000,Yes,Yes,Yes,Medium,Low,Medium,Claim Form|FIR|Photos,Policy Breach,Balanced,0.15,0.9,5250.0,1.08,0.56,Metro,Gujarat,Delhi,0.52,0.59,0.56,12,False,0.81,0.25,0.03
HDFCERGO,Motor,Commercial Misc,Bundled,Annual,Addon,Zero Depreciation,Addon Claim,Addon Trigger,Low,High,60000,800000,Yes,No,Yes,Medium,Medium,High,Invoice|Survey Report,Addon Conditions Not Met,Loss Heavy,0.05,0.9,3000.0,1.08,0.51,Urban,Maharashtra,Chennai,0.42,0.47,0.82,12,False,0.8,0.25,0.08
HDFCERGO,Motor,Commercial Misc,Bundled,Annual,Addon,Engine Protect,Addon Claim,Addon Trigger,Low,High,60000,800000,Yes,No,Yes,Medium,Medium,High,Invoice|Survey Report,Addon Conditions Not Met,Loss Heavy,0.05,0.9,3000.0,1.08,0.36,Urban,Maharashtra,Ahmedabad,0.65,0.71,0.3,13,False,0.54,0.25,0.08
HDFCERGO,Motor,Commercial Misc,Bundled,Annual,Addon,Gearbox Protect,Addon Claim,Addon Trigger,Low,High,60000,800000,Yes,No,Yes,Medium,Medium,High,Invoice|Survey Report,Addon Conditions Not Met,Loss Heavy,0.05,0.9,3000.0,1.08,0.4,Urban,Gujarat,Ahmedabad,0.42,0.54,0.64,13,False,0.84,0.25,0.08
HDFCERGO,Motor,Commercial Misc,Bundled,Annual,Addon,Consumables,Addon Claim,Addon Trigger,Low,High,60000,800000,Yes,No,Yes,Medium,Medium,High,Invoice|Survey Report,Addon Conditions Not Met,Loss Heavy,0.05,0.9,3000.0,1.08,0.61,Rural,Maharashtra,Chennai,0.85,0.67,0.5,7,False,0.55,0.25,0.08
HDFCERGO,Motor,Commercial Misc,Bundled,Annual,Addon,Tyre Protect,Addon Claim,Addon Trigger,Low,High,60000,800000,Yes,No,Yes,Medium,Medium,High,Invoice|Survey Report,Addon Conditions Not Met,Loss Heavy,0.05,0.9,3000.0,1.08,0.63,Urban,Tamil Nadu,Delhi,0.87,0.5,0.69,12,False,0.75,0.25,0.08
HDFCERGO,Motor,Commercial Misc,Bundled,Annual,Addon,Roadside Assistance,Addon Claim,Addon Trigger,Low,High,60000,800000,Yes,No,Yes,Medium,Medium,High,Invoice|Survey Report,Addon Conditions Not Met,Loss Heavy,0.05,0.9,3000.0,1.08,0.51,Rural,Karnataka,Ahmedabad,0.52,0.29,0.51,11,False,0.58,0.25,0.08
HDFCERGO,Motor,Commercial Misc,Bundled,Annual,Addon,NCB Protect,Addon Claim,Addon Trigger,Low,High,60000,800000,Yes,No,Yes,Medium,Medium,High,Invoice|Survey Report,Addon Conditions Not Met,Loss Heavy,0.05,0.9,3000.0,1.08,0.51,Urban,Delhi,Delhi,0.47,0.22,0.6,12,False,0.8,0.25,0.08
HDFCERGO,Motor,Commercial Misc,Bundled,Annual,Addon,Return to Invoice,Addon Claim,Addon Trigger,Low,High,60000,800000,Yes,No,Yes,Medium,Medium,High,Invoice|Survey Report,Addon Conditions Not Met,Loss Heavy,0.05,0.9,3000.0,1.08,0.69,Urban,Maharashtra,Chennai,0.77,0.29,0.46,14,False,0.84,0.25,0.08
HDFCERGO,Motor,Commercial Misc,Bundled,Annual,Addon,Invoice Cover,Addon Claim,Addon Trigger,Low,High,60000,800000,Yes,No,Yes,Medium,Medium,High,Invoice|Survey Report,Addon Conditions Not Met,Loss Heavy,0.05,0.9,3000.0,1.08,0.44,Rural,Delhi,Mumbai,0.69,0.55,0.75,9,False,0.64,0.25,0.08
HDFCERGO,Motor,Commercial Misc,Bundled,Annual,Addon,PAYD Benefit,Addon Claim,Addon Trigger,Low,High,60000,800000,Yes,No,Yes,Medium,Medium,High,Invoice|Survey Report,Addon Conditions Not Met,Loss Heavy,0.05,0.9,3000.0,1.08,0.28,Rural,Maharashtra,Ahmedabad,0.52,0.65,0.43,7,False,0.5,0.25,0.08
HDFCERGO,Motor,Commercial Misc,Bundled,Annual,Addon,EV Addon,Addon Claim,Addon Trigger,Low,High,60000,800000,Yes,No,Yes,Medium,Medium,High,Invoice|Survey Report,Addon Conditions Not Met,Loss Heavy,0.05,0.9,3000.0,1.08,0.45,Urban,Delhi,Delhi,0.85,0.72,0.61,7,False,0.83,0.25,0.08
HDFCERGO,Motor,Commercial Misc,Bundled,Annual,Addon,EMI Protector,Addon Claim,Addon Trigger,Low,High,60000,800000,Yes,No,Yes,Medium,Medium,High,Invoice|Survey Report,Addon Conditions Not Met,Loss Heavy,0.05,0.9,3000.0,1.08,0.38,Urban,Gujarat,Bangalore,0.51,0.43,0.45,9,False,0.5,0.25,0.08
HDFCERGO,Motor,Commercial Misc,Bundled,Annual,Addon,Loss of Use,Addon Claim,Addon Trigger,Low,High,60000,800000,Yes,No,Yes,Medium,Medium,High,Invoice|Survey Report,Addon Conditions Not Met,Loss Heavy,0.05,0.9,3000.0,1.08,0.36,Urban,Maharashtra,Chennai,0.48,0.38,0.66,11,False,0.6,0.25,0.08
HDFCERGO,Motor,Commercial Misc,Bundled,Annual,Addon,Key Protect,Addon Claim,Addon Trigger,Low,High,60000,800000,Yes,No,Yes,Medium,Medium,High,Invoice|Survey Report,Addon Conditions Not Met,Loss Heavy,0.05,0.9,3000.0,1.08,0.29,Rural,Tamil Nadu,Ahmedabad,0.73,0.63,0.47,11,False,0.79,0.25,0.08
HDFCERGO,Motor,Commercial Misc,Bundled,Annual,Addon,Personal Belongings,Addon Claim,Addon Trigger,Low,High,60000,800000,Yes,No,Yes,Medium,Medium,High,Invoice|Survey Report,Addon Conditions Not Met,Loss Heavy,0.05,0.9,3000.0,1.08,0.32,Rural,Gujarat,Mumbai,0.5,0.56,0.63,14,False,0.67,0.25,0.08
HDFCERGO,Motor,Commercial Misc,Standalone Own Damage,Annual,Base,Own Damage,Accident / Liability,Policy Defined Event,Medium,Medium,35000,300000,Yes,Yes,Yes,Medium,Low,Medium,Claim Form|FIR|Photos,Policy Breach,Balanced,0.15,0.9,5250.0,1.08,0.47,Rural,Delhi,Chennai,0.61,0.43,0.72,9,False,0.59,0.25,0.03
HDFCERGO,Motor,Commercial Misc,Standalone Own Damage,Annual,Base,Personal Accident,Accident / Liability,Policy Defined Event,Medium,Medium,35000,300000,Yes,Yes,Yes,Medium,Low,Medium,Claim Form|FIR|Photos,Policy Breach,Balanced,0.15,0.9,5250.0,1.08,0.34,Metro,Maharashtra,Mumbai,0.48,0.29,0.69,12,False,0.83,0.25,0.03
HDFCERGO,Motor,Commercial Misc,Standalone Own Damage,Annual,Addon,Zero Depreciation,Addon Claim,Addon Trigger,Low,High,60000,800000,Yes,No,Yes,Medium,Medium,High,Invoice|Survey Report,Addon Conditions Not Met,Loss Heavy,0.05,0.9,3000.0,1.08,0.44,Metro,Gujarat,Ahmedabad,0.48,0.69,0.37,11,False,0.75,0.25,0.08
HDFCERGO,Motor,Commercial Misc,Standalone Own Damage,Annual,Addon,Engine Protect,Addon Claim,Addon Trigger,Low,High,60000,800000,Yes,No,Yes,Medium,Medium,High,Invoice|Survey Report,Addon Conditions Not Met,Loss Heavy,0.05,0.9,3000.0,1.08,0.26,Rural,Gujarat,Delhi,0.67,0.42,0.51,12,False,0.52,0.25,0.08
HDFCERGO,Motor,Commercial Misc,Standalone Own Damage,Annual,Addon,Gearbox Protect,Addon Claim,Addon Trigger,Low,High,60000,800000,Yes,No,Yes,Medium,Medium,High,Invoice|Survey Report,Addon Conditions Not Met,Loss Heavy,0.05,0.9,3000.0,1.08,0.51,Metro,Delhi,Ahmedabad,0.65,0.5,0.56,13,False,0.5,0.25,0.08
HDFCERGO,Motor,Commercial Misc,Standalone Own Damage,Annual,Addon,Consumables,Addon Claim,Addon Trigger,Low,High,60000,800000,Yes,No,Yes,Medium,Medium,High,Invoice|Survey Report,Addon Conditions Not Met,Loss Heavy,0.05,0.9,3000.0,1.08,0.5,Rural,Tamil Nadu,Chennai,0.47,0.27,0.87,12,False,0.53,0.25,0.08
HDFCERGO,Motor,Commercial Misc,Standalone Own Damage,Annual,Addon,Tyre Protect,Addon Claim,Addon Trigger,Low,High,60000,800000,Yes,No,Yes,Medium,Medium,High,Invoice|Survey Report,Addon Conditions Not Met,Loss Heavy,0.05,0.9,3000.0,1.08,0.48,Rural,Karnataka,Mumbai,0.85,0.5,0.73,10,False,0.74,0.25,0.08
HDFCERGO,Motor,Commercial Misc,Standalone Own Damage,Annual,Addon,Roadside Assistance,Addon Claim,Addon Trigger,Low,High,60000,800000,Yes,No,Yes,Medium,Medium,High,Invoice|Survey Report,Addon Conditions Not Met,Loss Heavy,0.05,0.9,3000.0,1.08,0.21,Metro,Karnataka,Chennai,0.61,0.76,0.77,9,False,0.77,0.25,0.08
HDFCERGO,Motor,Commercial Misc,Standalone Own Damage,Annual,Addon,NCB Protect,Addon Claim,Addon Trigger,Low,High,60000,800000,Yes,No,Yes,Medium,Medium,High,Invoice|Survey Report,Addon Conditions Not Met,Loss Heavy,0.05,0.9,3000.0,1.08,0.32,Urban,Tamil Nadu,Chennai,0.72,0.55,0.37,11,False,0.55,0.25,0.08
HDFCERGO,Motor,Commercial Misc,Standalone Own Damage,Annual,Addon,Return to Invoice,Addon Claim,Addon Trigger,Low,High,60000,800000,Yes,No,Yes,Medium,Medium,High,Invoice|Survey Report,Addon Conditions Not Met,Loss Heavy,0.05,0.9,3000.0,1.08,0.39,Rural,Delhi,Ahmedabad,0.56,0.62,0.55,12,False,0.72,0.25,0.08
HDFCERGO,Motor,Commercial Misc,Standalone Own Damage,Annual,Addon,Invoice Cover,Addon Claim,Addon Trigger,Low,High,60000,800000,Yes,No,Yes,Medium,Medium,High,Invoice|Survey Report,Addon Conditions Not Met,Loss Heavy,0.05,0.9,3000.0,1.08,0.47,Rural,Delhi,Ahmedabad,0.9,0.47,0.35,11,False,0.8,0.25,0.08
HDFCERGO,Motor,Commercial Misc,Standalone Own Damage,Annual,Addon,PAYD Benefit,Addon Claim,Addon Trigger,Low,High,60000,800000,Yes,No,Yes,Medium,Medium,High,Invoice|Survey Report,Addon Conditions Not Met,Loss Heavy,0.05,0.9,3000.0,1.08,0.66,Urban,Tamil Nadu,Bangalore,0.3,0.21,0.63,14,False,0.63,0.25,0.08
HDFCERGO,Motor,Commercial Misc,Standalone Own Damage,Annual,Addon,EV Addon,Addon Claim,Addon Trigger,Low,High,60000,800000,Yes,No,Yes,Medium,Medium,High,Invoice|Survey Report,Addon Conditions Not Met,Loss Heavy,0.05,0.9,3000.0,1.08,0.23,Rural,Delhi,Delhi,0.6,0.52,0.69,9,False,0.81,0.25,0.08
HDFCERGO,Motor,Commercial Misc,Standalone Own Damage,Annual,Addon,EMI Protector,Addon Claim,Addon Trigger,Low,High,60000,800000,Yes,No,Yes,Medium,Medium,High,Invoice|Survey Report,Addon Conditions Not Met,Loss Heavy,0.05,0.9,3000.0,1.08,0.43,Rural,Karnataka,Ahmedabad,0.55,0.65,0.84,7,False,0.56,0.25,0.08
HDFCERGO,Motor,Commercial Misc,Standalone Own Damage,Annual,Addon,Loss of Use,Addon Claim,Addon Trigger,Low,High,60000,800000,Yes,No,Yes,Medium,Medium,High,Invoice|Survey Report,Addon Conditions Not Met,Loss Heavy,0.05,0.9,3000.0,1.08,0.21,Rural,Karnataka,Mumbai,0.58,0.54,0.42,11,False,0.83,0.25,0.08
HDFCERGO,Motor,Commercial Misc,Standalone Own Damage,Annual,Addon,Key Protect,Addon Claim,Addon Trigger,Low,High,60000,800000,Yes,No,Yes,Medium,Medium,High,Invoice|Survey Report,Addon Conditions Not Met,Loss Heavy,0.05,0.9,3000.0,1.08,0.37,Rural,Gujarat,Delhi,0.33,0.64,0.46,11,False,0.78,0.25,0.08
HDFCERGO,Motor,Commercial Misc,Standalone Own Damage,Annual,Addon,Personal Belongings,Addon Claim,Addon Trigger,Low,High,60000,800000,Yes,No,Yes,Medium,Medium,High,Invoice|Survey Report,Addon Conditions Not Met,Loss Heavy,0.05,0.9,3000.0,1.08,0.32,Rural,Tamil Nadu,Chennai,0.48,0.69,0.7,10,False,0.62,0.25,0.08
HDFCERGO,Motor,Commercial Misc,Liability Only,Annual,Base,Third Party,Accident / Liability,Policy Defined Event,Medium,Medium,35000,300000,Yes,Yes,Yes,Medium,Low,Medium,Claim Form|FIR|Photos,Policy Breach,Balanced,0.15,0.9,5250.0,1.08,0.47,Urban,Karnataka,Mumbai,0.43,0.59,0.83,8,False,0.76,0.25,0.03
HDFCERGO,Motor,Commercial Misc,Liability Only,Annual,Base,Personal Accident,Accident / Liability,Policy Defined Event,Medium,Medium,35000,300000,Yes,Yes,Yes,Medium,Low,Medium,Claim Form|FIR|Photos,Policy Breach,Balanced,0.15,0.9,5250.0,1.08,0.67,Rural,Karnataka,Bangalore,0.35,0.47,0.59,10,False,0.64,0.25,0.03
HDFCERGO,Motor,Commercial Misc,Long Term Package,Annual,Base,Own Damage,Accident / Liability,Policy Defined Event,Medium,Medium,35000,300000,Yes,Yes,Yes,Medium,Low,Medium,Claim Form|FIR|Photos,Policy Breach,Balanced,0.15,0.9,5250.0,1.08,0.49,Metro,Delhi,Bangalore,0.62,0.45,0.5,11,False,0.6,0.25,0.03
HDFCERGO,Motor,Commercial Misc,Long Term Package,Annual,Base,Third Party,Accident / Liability,Policy Defined Event,Medium,Medium,35000,300000,Yes,Yes,Yes,Medium,Low,Medium,Claim Form|FIR|Photos,Policy Breach,Balanced,0.15,0.9,5250.0,1.08,0.54,Urban,Gujarat,Delhi,0.64,0.76,0.65,11,False,0.76,0.25,0.03
HDFCERGO,Motor,Commercial Misc,Long Term Package,Annual,Base,Personal Accident,Accident / Liability,Policy Defined Event,Medium,Medium,35000,300000,Yes,Yes,Yes,Medium,Low,Medium,Claim Form|FIR|Photos,Policy Breach,Balanced,0.15,0.9,5250.0,1.08,0.63,Metro,Tamil Nadu,Ahmedabad,0.78,0.41,0.66,8,False,0.53,0.25,0.03
HDFCERGO,Motor,Commercial Misc,Long Term Package,Annual,Addon,Zero Depreciation,Addon Claim,Addon Trigger,Low,High,60000,800000,Yes,No,Yes,Medium,Medium,High,Invoice|Survey Report,Addon Conditions Not Met,Loss Heavy,0.05,0.9,3000.0,1.08,0.62,Metro,Karnataka,Bangalore,0.7,0.34,0.38,12,False,0.73,0.25,0.08
HDFCERGO,Motor,Commercial Misc,Long Term Package,Annual,Addon,Engine Protect,Addon Claim,Addon Trigger,Low,High,60000,800000,Yes,No,Yes,Medium,Medium,High,Invoice|Survey Report,Addon Conditions Not Met,Loss Heavy,0.05,0.9,3000.0,1.08,0.27,Urban,Karnataka,Ahmedabad,0.56,0.2,0.88,10,False,0.64,0.25,0.08
HDFCERGO,Motor,Commercial Misc,Long Term Package,Annual,Addon,Gearbox Protect,Addon Claim,Addon Trigger,Low,High,60000,800000,Yes,No,Yes,Medium,Medium,High,Invoice|Survey Report,Addon Conditions Not Met,Loss Heavy,0.05,0.9,3000.0,1.08,0.5,Rural,Karnataka,Ahmedabad,0.4,0.28,0.85,14,False,0.81,0.25,0.08
HDFCERGO,Motor,Commercial Misc,Long Term Package,Annual,Addon,Consumables,Addon Claim,Addon Trigger,Low,High,60000,800000,Yes,No,Yes,Medium,Medium,High,Invoice|Survey Report,Addon Conditions Not Met,Loss Heavy,0.05,0.9,3000.0,1.08,0.23,Rural,Maharashtra,Delhi,0.37,0.57,0.58,13,False,0.53,0.25,0.08
HDFCERGO,Motor,Commercial Misc,Long Term Package,Annual,Addon,Tyre Protect,Addon Claim,Addon Trigger,Low,High,60000,800000,Yes,No,Yes,Medium,Medium,High,Invoice|Survey Report,Addon Conditions Not Met,Loss Heavy,0.05,0.9,3000.0,1.08,0.29,Metro,Gujarat,Ahmedabad,0.57,0.36,0.6,11,False,0.75,0.25,0.08
HDFCERGO,Motor,Commercial Misc,Long Term Package,Annual,Addon,Roadside Assistance,Addon Claim,Addon Trigger,Low,High,60000,800000,Yes,No,Yes,Medium,Medium,High,Invoice|Survey Report,Addon Conditions Not Met,Loss Heavy,0.05,0.9,3000.0,1.08,0.54,Metro,Delhi,Ahmedabad,0.41,0.73,0.49,10,False,0.76,0.25,0.08
HDFCERGO,Motor,Commercial Misc,Long Term Package,Annual,Addon,NCB Protect,Addon Claim,Addon Trigger,Low,High,60000,800000,Yes,No,Yes,Medium,Medium,High,Invoice|Survey Report,Addon Conditions Not Met,Loss Heavy,0.05,0.9,3000.0,1.08,0.49,Metro,Gujarat,Ahmedabad,0.8,0.68,0.5,11,False,0.66,0.25,0.08
HDFCERGO,Motor,Commercial Misc,Long Term Package,Annual,Addon,Return to Invoice,Addon Claim,Addon Trigger,Low,High,60000,800000,Yes,No,Yes,Medium,Medium,High,Invoice|Survey Report,Addon Conditions Not Met,Loss Heavy,0.05,0.9,3000.0,1.08,0.33,Metro,Karnataka,Mumbai,0.6,0.48,0.75,13,False,0.65,0.25,0.08
HDFCERGO,Motor,Commercial Misc,Long Term Package,Annual,Addon,Invoice Cover,Addon Claim,Addon Trigger,Low,High,60000,800000,Yes,No,Yes,Medium,Medium,High,Invoice|Survey Report,Addon Conditions Not Met,Loss Heavy,0.05,0.9,3000.0,1.08,0.26,Metro,Tamil Nadu,Ahmedabad,0.88,0.25,0.35,8,False,0.74,0.25,0.08
HDFCERGO,Motor,Commercial Misc,Long Term Package,Annual,Addon,PAYD Benefit,Addon Claim,Addon Trigger,Low,High,60000,800000,Yes,No,Yes,Medium,Medium,High,Invoice|Survey Report,Addon Conditions Not Met,Loss Heavy,0.05,0.9,3000.0,1.08,0.53,Rural,Karnataka,Bangalore,0.69,0.42,0.36,7,False,0.53,0.25,0.08
HDFCERGO,Motor,Commercial Misc,Long Term Package,Annual,Addon,EV Addon,Addon Claim,Addon Trigger,Low,High,60000,800000,Yes,No,Yes,Medium,Medium,High,Invoice|Survey Report,Addon Conditions Not Met,Loss Heavy,0.05,0.9,3000.0,1.08,0.58,Metro,Gujarat,Ahmedabad,0.66,0.68,0.44,14,False,0.53,0.25,0.08
HDFCERGO,Motor,Commercial Misc,Long Term Package,Annual,Addon,EMI Protector,Addon Claim,Addon Trigger,Low,High,60000,800000,Yes,No,Yes,Medium,Medium,High,Invoice|Survey Report,Addon Conditions Not Met,Loss Heavy,0.05,0.9,3000.0,1.08,0.58,Metro,Karnataka,Mumbai,0.82,0.72,0.56,13,False,0.57,0.25,0.08
HDFCERGO,Motor,Commercial Misc,Long Term Package,Annual,Addon,Loss of Use,Addon Claim,Addon Trigger,Low,High,60000,800000,Yes,No,Yes,Medium,Medium,High,Invoice|Survey Report,Addon Conditions Not Met,Loss Heavy,0.05,0.9,3000.0,1.08,0.34,Metro,Tamil Nadu,Chennai,0.56,0.71,0.31,10,False,0.82,0.25,0.08
HDFCERGO,Motor,Commercial Misc,Long Term Package,Annual,Addon,Key Protect,Addon Claim,Addon Trigger,Low,High,60000,800000,Yes,No,Yes,Medium,Medium,High,Invoice|Survey Report,Addon Conditions Not Met,Loss Heavy,0.05,0.9,3000.0,1.08,0.57,Rural,Delhi,Delhi,0.77,0.72,0.42,9,False,0.68,0.25,0.08
HDFCERGO,Motor,Commercial Misc,Long Term Package,Annual,Addon,Personal Belongings,Addon Claim,Addon Trigger,Low,High,60000,800000,Yes,No,Yes,Medium,Medium,High,Invoice|Survey Report,Addon Conditions Not Met,Loss Heavy,0.05,0.9,3000.0,1.08,0.27,Rural,Gujarat,Mumbai,0.63,0.52,0.59,13,False,0.65,0.25,0.08
HDFCERGO,Motor,Trailer,Package,Annual,Base,Own Damage,Accident / Liability,Policy Defined Event,Medium,Medium,35000,300000,Yes,Yes,Yes,Medium,Low,Medium,Claim Form|FIR|Photos,Policy Breach,Balanced,0.15,0.9,5250.0,1.08,0.31,Urban,Tamil Nadu,Ahmedabad,0.56,0.65,0.51,10,False,0.75,0.25,0.03
HDFCERGO,Motor,Trailer,Package,Annual,Base,Third Party,Accident / Liability,Policy Defined Event,Medium,Medium,35000,300000,Yes,Yes,Yes,Medium,Low,Medium,Claim Form|FIR|Photos,Policy Breach,Balanced,0.15,0.9,5250.0,1.08,0.46,Metro,Delhi,Delhi,0.45,0.32,0.4,10,False,0.71,0.25,0.03
HDFCERGO,Motor,Trailer,Package,Annual,Base,Personal Accident,Accident / Liability,Policy Defined Event,Medium,Medium,35000,300000,Yes,Yes,Yes,Medium,Low,Medium,Claim Form|FIR|Photos,Policy Breach,Balanced,0.15,0.9,5250.0,1.08,0.4,Rural,Tamil Nadu,Chennai,0.8,0.64,0.6,7,False,0.51,0.25,0.03
HDFCERGO,Motor,Trailer,Package,Annual,Addon,Zero Depreciation,Addon Claim,Addon Trigger,Low,High,60000,800000,Yes,No,Yes,Medium,Medium,High,Invoice|Survey Report,Addon Conditions Not Met,Loss Heavy,0.05,0.9,3000.0,1.08,0.59,Rural,Karnataka,Bangalore,0.89,0.65,0.78,14,False,0.58,0.25,0.08
HDFCERGO,Motor,Trailer,Package,Annual,Addon,Engine Protect,Addon Claim,Addon Trigger,Low,High,60000,800000,Yes,No,Yes,Medium,Medium,High,Invoice|Survey Report,Addon Conditions Not Met,Loss Heavy,0.05,0.9,3000.0,1.08,0.58,Urban,Tamil Nadu,Ahmedabad,0.47,0.75,0.7,14,False,0.64,0.25,0.08
HDFCERGO,Motor,Trailer,Package,Annual,Addon,Gearbox Protect,Addon Claim,Addon Trigger,Low,High,60000,800000,Yes,No,Yes,Medium,Medium,High,Invoice|Survey Report,Addon Conditions Not Met,Loss Heavy,0.05,0.9,3000.0,1.08,0.35,Metro,Maharashtra,Bangalore,0.85,0.32,0.71,9,False,0.5,0.25,0.08
HDFCERGO,Motor,Trailer,Package,Annual,Addon,Consumables,Addon Claim,Addon Trigger,Low,High,60000,800000,Yes,No,Yes,Medium,Medium,High,Invoice|Survey Report,Addon Conditions Not Met,Loss Heavy,0.05,0.9,3000.0,1.08,0.49,Rural,Gujarat,Bangalore,0.53,0.32,0.72,8,False,0.58,0.25,0.08
HDFCERGO,Motor,Trailer,Package,Annual,Addon,Tyre Protect,Addon Claim,Addon Trigger,Low,High,60000,800000,Yes,No,Yes,Medium,Medium,High,Invoice|Survey Report,Addon Conditions Not Met,Loss Heavy,0.05,0.9,3000.0,1.08,0.67,Urban,Maharashtra,Chennai,0.84,0.49,0.39,7,False,0.7,0.25,0.08
HDFCERGO,Motor,Trailer,Package,Annual,Addon,Roadside Assistance,Addon Claim,Addon Trigger,Low,High,60000,800000,Yes,No,Yes,Medium,Medium,High,Invoice|Survey Report,Addon Conditions Not Met,Loss Heavy,0.05,0.9,3000.0,1.08,0.65,Rural,Tamil Nadu,Mumbai,0.44,0.29,0.35,7,False,0.57,0.25,0.08
HDFCERGO,Motor,Trailer,Package,Annual,Addon,NCB Protect,Addon Claim,Addon Trigger,Low,High,60000,800000,Yes,No,Yes,Medium,Medium,High,Invoice|Survey Report,Addon Conditions Not Met,Loss Heavy,0.05,0.9,3000.0,1.08,0.38,Rural,Karnataka,Chennai,0.35,0.62,0.45,13,False,0.62,0.25,0.08
HDFCERGO,Motor,Trailer,Package,Annual,Addon,Return to Invoice,Addon Claim,Addon Trigger,Low,High,60000,800000,Yes,No,Yes,Medium,Medium,High,Invoice|Survey Report,Addon Conditions Not Met,Loss Heavy,0.05,0.9,3000.0,1.08,0.26,Urban,Karnataka,Ahmedabad,0.33,0.25,0.67,13,False,0.59,0.25,0.08
HDFCERGO,Motor,Trailer,Package,Annual,Addon,Invoice Cover,Addon Claim,Addon Trigger,Low,High,60000,800000,Yes,No,Yes,Medium,Medium,High,Invoice|Survey Report,Addon Conditions Not Met,Loss Heavy,0.05,0.9,3000.0,1.08,0.67,Rural,Gujarat,Chennai,0.58,0.66,0.49,8,False,0.56,0.25,0.08
HDFCERGO,Motor,Trailer,Package,Annual,Addon,PAYD Benefit,Addon Claim,Addon Trigger,Low,High,60000,800000,Yes,No,Yes,Medium,Medium,High,Invoice|Survey Report,Addon Conditions Not Met,Loss Heavy,0.05,0.9,3000.0,1.08,0.58,Metro,Karnataka,Bangalore,0.54,0.65,0.36,13,False,0.64,0.25,0.08
HDFCERGO,Motor,Trailer,Package,Annual,Addon,EV Addon,Addon Claim,Addon Trigger,Low,High,60000,800000,Yes,No,Yes,Medium,Medium,High,Invoice|Survey Report,Addon Conditions Not Met,Loss Heavy,0.05,0.9,3000.0,1.08,0.26,Urban,Gujarat,Ahmedabad,0.63,0.6,0.38,11,False,0.78,0.25,0.08
HDFCERGO,Motor,Trailer,Package,Annual,Addon,EMI Protector,Addon Claim,Addon Trigger,Low,High,60000,800000,Yes,No,Yes,Medium,Medium,High,Invoice|Survey Report,Addon Conditions Not Met,Loss Heavy,0.05,0.9,3000.0,1.08,0.62,Urban,Gujarat,Chennai,0.75,0.56,0.36,9,False,0.51,0.25,0.08
HDFCERGO,Motor,Trailer,Package,Annual,Addon,Loss of Use,Addon Claim,Addon Trigger,Low,High,60000,800000,Yes,No,Yes,Medium,Medium,High,Invoice|Survey Report,Addon Conditions Not Met,Loss Heavy,0.05,0.9,3000.0,1.08,0.39,Urban,Tamil Nadu,Ahmedabad,0.42,0.59,0.51,7,False,0.8,0.25,0.08
HDFCERGO,Motor,Trailer,Package,Annual,Addon,Key Protect,Addon Claim,Addon Trigger,Low,High,60000,800000,Yes,No,Yes,Medium,Medium,High,Invoice|Survey Report,Addon Conditions Not Met,Loss Heavy,0.05,0.9,3000.0,1.08,0.62,Metro,Delhi,Chennai,0.4,0.68,0.84,7,False,0.62,0.25,0.08
HDFCERGO,Motor,Trailer,Package,Annual,Addon,Personal Belongings,Addon Claim,Addon Trigger,Low,High,60000,800000,Yes,No,Yes,Medium,Medium,High,Invoice|Survey Report,Addon Conditions Not Met,Loss Heavy,0.05,0.9,3000.0,1.08,0.41,Rural,Maharashtra,Mumbai,0.69,0.35,0.63,10,False,0.75,0.25,0.08
HDFCERGO,Motor,Trailer,Bundled,Annual,Base,Own Damage,Accident / Liability,Policy Defined Event,Medium,Medium,35000,300000,Yes,Yes,Yes,Medium,Low,Medium,Claim Form|FIR|Photos,Policy Breach,Balanced,0.15,0.9,5250.0,1.08,0.57,Metro,Maharashtra,Ahmedabad,0.86,0.52,0.4,10,False,0.75,0.25,0.03
HDFCERGO,Motor,Trailer,Bundled,Annual,Base,Third Party,Accident / Liability,Policy Defined Event,Medium,Medium,35000,300000,Yes,Yes,Yes,Medium,Low,Medium,Claim Form|FIR|Photos,Policy Breach,Balanced,0.15,0.9,5250.0,1.08,0.57,Rural,Karnataka,Ahmedabad,0.83,0.47,0.71,8,False,0.6,0.25,0.03
HDFCERGO,Motor,Trailer,Bundled,Annual,Base,Personal Accident,Accident / Liability,Policy Defined Event,Medium,Medium,35000,300000,Yes,Yes,Yes,Medium,Low,Medium,Claim Form|FIR|Photos,Policy Breach,Balanced,0.15,0.9,5250.0,1.08,0.57,Rural,Tamil Nadu,Delhi,0.49,0.31,0.59,10,False,0.66,0.25,0.03
HDFCERGO,Motor,Trailer,Bundled,Annual,Addon,Zero Depreciation,Addon Claim,Addon Trigger,Low,High,60000,800000,Yes,No,Yes,Medium,Medium,High,Invoice|Survey Report,Addon Conditions Not Met,Loss Heavy,0.05,0.9,3000.0,1.08,0.6,Rural,Karnataka,Mumbai,0.64,0.22,0.85,9,False,0.71,0.25,0.08
HDFCERGO,Motor,Trailer,Bundled,Annual,Addon,Engine Protect,Addon Claim,Addon Trigger,Low,High,60000,800000,Yes,No,Yes,Medium,Medium,High,Invoice|Survey Report,Addon Conditions Not Met,Loss Heavy,0.05,0.9,3000.0,1.08,0.25,Urban,Maharashtra,Bangalore,0.39,0.58,0.36,11,False,0.7,0.25,0.08
HDFCERGO,Motor,Trailer,Bundled,Annual,Addon,Gearbox Protect,Addon Claim,Addon Trigger,Low,High,60000,800000,Yes,No,Yes,Medium,Medium,High,Invoice|Survey Report,Addon Conditions Not Met,Loss Heavy,0.05,0.9,3000.0,1.08,0.5,Metro,Delhi,Chennai,0.88,0.78,0.77,8,False,0.82,0.25,0.08
HDFCERGO,Motor,Trailer,Bundled,Annual,Addon,Consumables,Addon Claim,Addon Trigger,Low,High,60000,800000,Yes,No,Yes,Medium,Medium,High,Invoice|Survey Report,Addon Conditions Not Met,Loss Heavy,0.05,0.9,3000.0,1.08,0.22,Urban,Delhi,Ahmedabad,0.64,0.48,0.56,11,False,0.79,0.25,0.08
HDFCERGO,Motor,Trailer,Bundled,Annual,Addon,Tyre Protect,Addon Claim,Addon Trigger,Low,High,60000,800000,Yes,No,Yes,Medium,Medium,High,Invoice|Survey Report,Addon Conditions Not Met,Loss Heavy,0.05,0.9,3000.0,1.08,0.29,Metro,Tamil Nadu,Delhi,0.38,0.35,0.4,8,False,0.54,0.25,0.08
HDFCERGO,Motor,Trailer,Bundled,Annual,Addon,Roadside Assistance,Addon Claim,Addon Trigger,Low,High,60000,800000,Yes,No,Yes,Medium,Medium,High,Invoice|Survey Report,Addon Conditions Not Met,Loss Heavy,0.05,0.9,3000.0,1.08,0.23,Metro,Delhi,Delhi,0.42,0.42,0.34,8,False,0.73,0.25,0.08
HDFCERGO,Motor,Trailer,Bundled,Annual,Addon,NCB Protect,Addon Claim,Addon Trigger,Low,High,60000,800000,Yes,No,Yes,Medium,Medium,High,Invoice|Survey Report,Addon Conditions Not Met,Loss Heavy,0.05,0.9,3000.0,1.08,0.49,Metro,Tamil Nadu,Chennai,0.41,0.71,0.31,10,False,0.78,0.25,0.08
HDFCERGO,Motor,Trailer,Bundled,Annual,Addon,Return to Invoice,Addon Claim,Addon Trigger,Low,High,60000,800000,Yes,No,Yes,Medium,Medium,High,Invoice|Survey Report,Addon Conditions Not Met,Loss Heavy,0.05,0.9,3000.0,1.08,0.49,Metro,Tamil Nadu,Chennai,0.8,0.29,0.44,13,False,0.67,0.25,0.08
HDFCERGO,Motor,Trailer,Bundled,Annual,Addon,Invoice Cover,Addon Claim,Addon Trigger,Low,High,60000,800000,Yes,No,Yes,Medium,Medium,High,Invoice|Survey Report,Addon Conditions Not Met,Loss Heavy,0.05,0.9,3000.0,1.08,0.36,Urban,Gujarat,Bangalore,0.48,0.45,0.76,9,False,0.71,0.25,0.08
HDFCERGO,Motor,Trailer,Bundled,Annual,Addon,PAYD Benefit,Addon Claim,Addon Trigger,Low,High,60000,800000,Yes,No,Yes,Medium,Medium,High,Invoice|Survey Report,Addon Conditions Not Met,Loss Heavy,0.05,0.9,3000.0,1.08,0.44,Metro,Gujarat,Mumbai,0.69,0.68,0.72,7,False,0.54,0.25,0.08
HDFCERGO,Motor,Trailer,Bundled,Annual,Addon,EV Addon,Addon Claim,Addon Trigger,Low,High,60000,800000,Yes,No,Yes,Medium,Medium,High,Invoice|Survey Report,Addon Conditions Not Met,Loss Heavy,0.05,0.9,3000.0,1.08,0.5,Metro,Gujarat,Delhi,0.81,0.51,0.36,11,False,0.72,0.25,0.08
HDFCERGO,Motor,Trailer,Bundled,Annual,Addon,EMI Protector,Addon Claim,Addon Trigger,Low,High,60000,800000,Yes,No,Yes,Medium,Medium,High,Invoice|Survey Report,Addon Conditions Not Met,Loss Heavy,0.05,0.9,3000.0,1.08,0.4,Urban,Delhi,Mumbai,0.64,0.23,0.55,12,False,0.55,0.25,0.08
HDFCERGO,Motor,Trailer,Bundled,Annual,Addon,Loss of Use,Addon Claim,Addon Trigger,Low,High,60000,800000,Yes,No,Yes,Medium,Medium,High,Invoice|Survey Report,Addon Conditions Not Met,Loss Heavy,0.05,0.9,3000.0,1.08,0.3,Urban,Maharashtra,Chennai,0.56,0.43,0.83,9,False,0.77,0.25,0.08
HDFCERGO,Motor,Trailer,Bundled,Annual,Addon,Key Protect,Addon Claim,Addon Trigger,Low,High,60000,800000,Yes,No,Yes,Medium,Medium,High,Invoice|Survey Report,Addon Conditions Not Met,Loss Heavy,0.05,0.9,3000.0,1.08,0.69,Urban,Maharashtra,Delhi,0.32,0.79,0.89,13,False,0.7,0.25,0.08
HDFCERGO,Motor,Trailer,Bundled,Annual,Addon,Personal Belongings,Addon Claim,Addon Trigger,Low,High,60000,800000,Yes,No,Yes,Medium,Medium,High,Invoice|Survey Report,Addon Conditions Not Met,Loss Heavy,0.05,0.9,3000.0,1.08,0.26,Urban,Delhi,Bangalore,0.52,0.75,0.51,14,False,0.58,0.25,0.08
HDFCERGO,Motor,Trailer,Standalone Own Damage,Annual,Base,Own Damage,Accident / Liability,Policy Defined Event,Medium,Medium,35000,300000,Yes,Yes,Yes,Medium,Low,Medium,Claim Form|FIR|Photos,Policy Breach,Balanced,0.15,0.9,5250.0,1.08,0.63,Rural,Karnataka,Bangalore,0.79,0.57,0.51,7,False,0.51,0.25,0.03
HDFCERGO,Motor,Trailer,Standalone Own Damage,Annual,Base,Personal Accident,Accident / Liability,Policy Defined Event,Medium,Medium,35000,300000,Yes,Yes,Yes,Medium,Low,Medium,Claim Form|FIR|Photos,Policy Breach,Balanced,0.15,0.9,5250.0,1.08,0.63,Urban,Maharashtra,Delhi,0.52,0.31,0.7,7,False,0.57,0.25,0.03
HDFCERGO,Motor,Trailer,Standalone Own Damage,Annual,Addon,Zero Depreciation,Addon Claim,Addon Trigger,Low,High,60000,800000,Yes,No,Yes,Medium,Medium,High,Invoice|Survey Report,Addon Conditions Not Met,Loss Heavy,0.05,0.9,3000.0,1.08,0.69,Rural,Maharashtra,Ahmedabad,0.78,0.57,0.76,10,False,0.75,0.25,0.08
HDFCERGO,Motor,Trailer,Standalone Own Damage,Annual,Addon,Engine Protect,Addon Claim,Addon Trigger,Low,High,60000,800000,Yes,No,Yes,Medium,Medium,High,Invoice|Survey Report,Addon Conditions Not Met,Loss Heavy,0.05,0.9,3000.0,1.08,0.54,Metro,Delhi,Ahmedabad,0.65,0.79,0.62,11,False,0.68,0.25,0.08
HDFCERGO,Motor,Trailer,Standalone Own Damage,Annual,Addon,Gearbox Protect,Addon Claim,Addon Trigger,Low,High,60000,800000,Yes,No,Yes,Medium,Medium,High,Invoice|Survey Report,Addon Conditions Not Met,Loss Heavy,0.05,0.9,3000.0,1.08,0.66,Rural,Delhi,Mumbai,0.75,0.6,0.59,8,False,0.82,0.25,0.08
HDFCERGO,Motor,Trailer,Standalone Own Damage,Annual,Addon,Consumables,Addon Claim,Addon Trigger,Low,High,60000,800000,Yes,No,Yes,Medium,Medium,High,Invoice|Survey Report,Addon Conditions Not Met,Loss Heavy,0.05,0.9,3000.0,1.08,0.28,Metro,Gujarat,Ahmedabad,0.49,0.67,0.57,9,False,0.85,0.25,0.08
HDFCERGO,Motor,Trailer,Standalone Own Damage,Annual,Addon,Tyre Protect,Addon Claim,Addon Trigger,Low,High,60000,800000,Yes,No,Yes,Medium,Medium,High,Invoice|Survey Report,Addon Conditions Not Met,Loss Heavy,0.05,0.9,3000.0,1.08,0.61,Urban,Delhi,Bangalore,0.67,0.41,0.69,8,False,0.54,0.25,0.08
HDFCERGO,Motor,Trailer,Standalone Own Damage,Annual,Addon,Roadside Assistance,Addon Claim,Addon Trigger,Low,High,60000,800000,Yes,No,Yes,Medium,Medium,High,Invoice|Survey Report,Addon Conditions Not Met,Loss Heavy,0.05,0.9,3000.0,1.08,0.27,Metro,Gujarat,Chennai,0.6,0.66,0.44,11,False,0.83,0.25,0.08
HDFCERGO,Motor,Trailer,Standalone Own Damage,Annual,Addon,NCB Protect,Addon Claim,Addon Trigger,Low,High,60000,800000,Yes,No,Yes,Medium,Medium,High,Invoice|Survey Report,Addon Conditions Not Met,Loss Heavy,0.05,0.9,3000.0,1.08,0.47,Metro,Gujarat,Chennai,0.69,0.29,0.84,10,False,0.73,0.25,0.08
HDFCERGO,Motor,Trailer,Standalone Own Damage,Annual,Addon,Return to Invoice,Addon Claim,Addon Trigger,Low,High,60000,800000,Yes,No,Yes,Medium,Medium,High,Invoice|Survey Report,Addon Conditions Not Met,Loss Heavy,0.05,0.9,3000.0,1.08,0.29,Urban,Delhi,Mumbai,0.31,0.64,0.66,9,False,0.78,0.25,0.08
HDFCERGO,Motor,Trailer,Standalone Own Damage,Annual,Addon,Invoice Cover,Addon Claim,Addon Trigger,Low,High,60000,800000,Yes,No,Yes,Medium,Medium,High,Invoice|Survey Report,Addon Conditions Not Met,Loss Heavy,0.05,0.9,3000.0,1.08,0.25,Rural,Karnataka,Chennai,0.39,0.73,0.57,14,False,0.58,0.25,0.08
HDFCERGO,Motor,Trailer,Standalone Own Damage,Annual,Addon,PAYD Benefit,Addon Claim,Addon Trigger,Low,High,60000,800000,Yes,No,Yes,Medium,Medium,High,Invoice|Survey Report,Addon Conditions Not Met,Loss Heavy,0.05,0.9,3000.0,1.08,0.4,Urban,Tamil Nadu,Delhi,0.45,0.7,0.58,12,False,0.6,0.25,0.08
HDFCERGO,Motor,Trailer,Standalone Own Damage,Annual,Addon,EV Addon,Addon Claim,Addon Trigger,Low,High,60000,800000,Yes,No,Yes,Medium,Medium,High,Invoice|Survey Report,Addon Conditions Not Met,Loss Heavy,0.05,0.9,3000.0,1.08,0.64,Urban,Maharashtra,Chennai,0.58,0.68,0.85,8,False,0.53,0.25,0.08
HDFCERGO,Motor,Trailer,Standalone Own Damage,Annual,Addon,EMI Protector,Addon Claim,Addon Trigger,Low,High,60000,800000,Yes,No,Yes,Medium,Medium,High,Invoice|Survey Report,Addon Conditions Not Met,Loss Heavy,0.05,0.9,3000.0,1.08,0.63,Metro,Maharashtra,Delhi,0.31,0.34,0.52,14,False,0.7,0.25,0.08
HDFCERGO,Motor,Trailer,Standalone Own Damage,Annual,Addon,Loss of Use,Addon Claim,Addon Trigger,Low,High,60000,800000,Yes,No,Yes,Medium,Medium,High,Invoice|Survey Report,Addon Conditions Not Met,Loss Heavy,0.05,0.9,3000.0,1.08,0.67,Urban,Maharashtra,Mumbai,0.67,0.42,0.46,8,False,0.68,0.25,0.08
HDFCERGO,Motor,Trailer,Standalone Own Damage,Annual,Addon,Key Protect,Addon Claim,Addon Trigger,Low,High,60000,800000,Yes,No,Yes,Medium,Medium,High,Invoice|Survey Report,Addon Conditions Not Met,Loss Heavy,0.05,0.9,3000.0,1.08,0.58,Rural,Karnataka,Bangalore,0.82,0.57,0.59,11,False,0.56,0.25,0.08
HDFCERGO,Motor,Trailer,Standalone Own Damage,Annual,Addon,Personal Belongings,Addon Claim,Addon Trigger,Low,High,60000,800000,Yes,No,Yes,Medium,Medium,High,Invoice|Survey Report,Addon Conditions Not Met,Loss Heavy,0.05,0.9,3000.0,1.08,0.31,Urban,Delhi,Mumbai,0.68,0.33,0.66,11,False,0.69,0.25,0.08
HDFCERGO,Motor,Trailer,Liability Only,Annual,Base,Third Party,Accident / Liability,Policy Defined Event,Medium,Medium,35000,300000,Yes,Yes,Yes,Medium,Low,Medium,Claim Form|FIR|Photos,Policy Breach,Balanced,0.15,0.9,5250.0,1.08,0.48,Rural,Tamil Nadu,Ahmedabad,0.9,0.36,0.3,9,False,0.76,0.25,0.03
HDFCERGO,Motor,Trailer,Liability Only,Annual,Base,Personal Accident,Accident / Liability,Policy Defined Event,Medium,Medium,35000,300000,Yes,Yes,Yes,Medium,Low,Medium,Claim Form|FIR|Photos,Policy Breach,Balanced,0.15,0.9,5250.0,1.08,0.61,Urban,Karnataka,Delhi,0.35,0.41,0.89,7,False,0.6,0.25,0.03
HDFCERGO,Motor,Trailer,Long Term Package,Annual,Base,Own Damage,Accident / Liability,Policy Defined Event,Medium,Medium,35000,300000,Yes,Yes,Yes,Medium,Low,Medium,Claim Form|FIR|Photos,Policy Breach,Balanced,0.15,0.9,5250.0,1.08,0.53,Rural,Maharashtra,Mumbai,0.73,0.58,0.88,9,False,0.6,0.25,0.03
HDFCERGO,Motor,Trailer,Long Term Package,Annual,Base,Third Party,Accident / Liability,Policy Defined Event,Medium,Medium,35000,300000,Yes,Yes,Yes,Medium,Low,Medium,Claim Form|FIR|Photos,Policy Breach,Balanced,0.15,0.9,5250.0,1.08,0.47,Urban,Maharashtra,Delhi,0.45,0.28,0.49,14,False,0.76,0.25,0.03
HDFCERGO,Motor,Trailer,Long Term Package,Annual,Base,Personal Accident,Accident / Liability,Policy Defined Event,Medium,Medium,35000,300000,Yes,Yes,Yes,Medium,Low,Medium,Claim Form|FIR|Photos,Policy Breach,Balanced,0.15,0.9,5250.0,1.08,0.55,Urban,Gujarat,Chennai,0.43,0.25,0.69,12,False,0.75,0.25,0.03
HDFCERGO,Motor,Trailer,Long Term Package,Annual,Addon,Zero Depreciation,Addon Claim,Addon Trigger,Low,High,60000,800000,Yes,No,Yes,Medium,Medium,High,Invoice|Survey Report,Addon Conditions Not Met,Loss Heavy,0.05,0.9,3000.0,1.08,0.65,Rural,Karnataka,Chennai,0.76,0.27,0.53,8,False,0.79,0.25,0.08
HDFCERGO,Motor,Trailer,Long Term Package,Annual,Addon,Engine Protect,Addon Claim,Addon Trigger,Low,High,60000,800000,Yes,No,Yes,Medium,Medium,High,Invoice|Survey Report,Addon Conditions Not Met,Loss Heavy,0.05,0.9,3000.0,1.08,0.45,Urban,Karnataka,Chennai,0.68,0.6,0.64,13,False,0.56,0.25,0.08
HDFCERGO,Motor,Trailer,Long Term Package,Annual,Addon,Gearbox Protect,Addon Claim,Addon Trigger,Low,High,60000,800000,Yes,No,Yes,Medium,Medium,High,Invoice|Survey Report,Addon Conditions Not Met,Loss Heavy,0.05,0.9,3000.0,1.08,0.54,Rural,Delhi,Ahmedabad,0.6,0.37,0.47,14,False,0.76,0.25,0.08
HDFCERGO,Motor,Trailer,Long Term Package,Annual,Addon,Consumables,Addon Claim,Addon Trigger,Low,High,60000,800000,Yes,No,Yes,Medium,Medium,High,Invoice|Survey Report,Addon Conditions Not Met,Loss Heavy,0.05,0.9,3000.0,1.08,0.23,Urban,Maharashtra,Ahmedabad,0.77,0.41,0.57,9,False,0.69,0.25,0.08
HDFCERGO,Motor,Trailer,Long Term Package,Annual,Addon,Tyre Protect,Addon Claim,Addon Trigger,Low,High,60000,800000,Yes,No,Yes,Medium,Medium,High,Invoice|Survey Report,Addon Conditions Not Met,Loss Heavy,0.05,0.9,3000.0,1.08,0.41,Urban,Karnataka,Bangalore,0.83,0.46,0.87,9,False,0.77,0.25,0.08
HDFCERGO,Motor,Trailer,Long Term Package,Annual,Addon,Roadside Assistance,Addon Claim,Addon Trigger,Low,High,60000,800000,Yes,No,Yes,Medium,Medium,High,Invoice|Survey Report,Addon Conditions Not Met,Loss Heavy,0.05,0.9,3000.0,1.08,0.64,Urban,Maharashtra,Mumbai,0.54,0.41,0.81,9,False,0.52,0.25,0.08
HDFCERGO,Motor,Trailer,Long Term Package,Annual,Addon,NCB Protect,Addon Claim,Addon Trigger,Low,High,60000,800000,Yes,No,Yes,Medium,Medium,High,Invoice|Survey Report,Addon Conditions Not Met,Loss Heavy,0.05,0.9,3000.0,1.08,0.62,Rural,Delhi,Chennai,0.74,0.45,0.59,11,False,0.77,0.25,0.08
HDFCERGO,Motor,Trailer,Long Term Package,Annual,Addon,Return to Invoice,Addon Claim,Addon Trigger,Low,High,60000,800000,Yes,No,Yes,Medium,Medium,High,Invoice|Survey Report,Addon Conditions Not Met,Loss Heavy,0.05,0.9,3000.0,1.08,0.26,Rural,Karnataka,Mumbai,0.46,0.35,0.79,14,False,0.73,0.25,0.08
HDFCERGO,Motor,Trailer,Long Term Package,Annual,Addon,Invoice Cover,Addon Claim,Addon Trigger,Low,High,60000,800000,Yes,No,Yes,Medium,Medium,High,Invoice|Survey Report,Addon Conditions Not Met,Loss Heavy,0.05,0.9,3000.0,1.08,0.57,Urban,Tamil Nadu,Chennai,0.81,0.35,0.81,9,False,0.74,0.25,0.08
HDFCERGO,Motor,Trailer,Long Term Package,Annual,Addon,PAYD Benefit,Addon Claim,Addon Trigger,Low,High,60000,800000,Yes,No,Yes,Medium,Medium,High,Invoice|Survey Report,Addon Conditions Not Met,Loss Heavy,0.05,0.9,3000.0,1.08,0.57,Urban,Maharashtra,Mumbai,0.51,0.63,0.49,7,False,0.74,0.25,0.08
HDFCERGO,Motor,Trailer,Long Term Package,Annual,Addon,EV Addon,Addon Claim,Addon Trigger,Low,High,60000,800000,Yes,No,Yes,Medium,Medium,High,Invoice|Survey Report,Addon Conditions Not Met,Loss Heavy,0.05,0.9,3000.0,1.08,0.35,Urban,Karnataka,Mumbai,0.83,0.28,0.61,11,False,0.55,0.25,0.08
HDFCERGO,Motor,Trailer,Long Term Package,Annual,Addon,EMI Protector,Addon Claim,Addon Trigger,Low,High,60000,800000,Yes,No,Yes,Medium,Medium,High,Invoice|Survey Report,Addon Conditions Not Met,Loss Heavy,0.05,0.9,3000.0,1.08,0.54,Urban,Delhi,Mumbai,0.61,0.65,0.75,9,False,0.68,0.25,0.08
HDFCERGO,Motor,Trailer,Long Term Package,Annual,Addon,Loss of Use,Addon Claim,Addon Trigger,Low,High,60000,800000,Yes,No,Yes,Medium,Medium,High,Invoice|Survey Report,Addon Conditions Not Met,Loss Heavy,0.05,0.9,3000.0,1.08,0.39,Metro,Delhi,Delhi,0.88,0.43,0.34,14,False,0.82,0.25,0.08
HDFCERGO,Motor,Trailer,Long Term Package,Annual,Addon,Key Protect,Addon Claim,Addon Trigger,Low,High,60000,800000,Yes,No,Yes,Medium,Medium,High,Invoice|Survey Report,Addon Conditions Not Met,Loss Heavy,0.05,0.9,3000.0,1.08,0.44,Metro,Tamil Nadu,Mumbai,0.77,0.72,0.57,7,False,0.77,0.25,0.08
HDFCERGO,Motor,Trailer,Long Term Package,Annual,Addon,Personal Belongings,Addon Claim,Addon Trigger,Low,High,60000,800000,Yes,No,Yes,Medium,Medium,High,Invoice|Survey Report,Addon Conditions Not Met,Loss Heavy,0.05,0.9,3000.0,1.08,0.39,Rural,Karnataka,Chennai,0.52,0.48,0.87,12,False,0.62,0.25,0.08
HDFCERGO,Motor,Motor Trade Road Risk,Package,Annual,Base,Own Damage,Accident / Liability,Policy Defined Event,Medium,Medium,35000,300000,Yes,Yes,Yes,Medium,Low,Medium,Claim Form|FIR|Photos,Policy Breach,Balanced,0.15,0.9,5250.0,1.08,0.43,Rural,Tamil Nadu,Chennai,0.79,0.68,0.32,9,False,0.81,0.25,0.03
HDFCERGO,Motor,Motor Trade Road Risk,Package,Annual,Base,Third Party,Accident / Liability,Policy Defined Event,Medium,Medium,35000,300000,Yes,Yes,Yes,Medium,Low,Medium,Claim Form|FIR|Photos,Policy Breach,Balanced,0.15,0.9,5250.0,1.08,0.53,Rural,Tamil Nadu,Chennai,0.71,0.49,0.44,12,False,0.79,0.25,0.03
HDFCERGO,Motor,Motor Trade Road Risk,Package,Annual,Base,Personal Accident,Accident / Liability,Policy Defined Event,Medium,Medium,35000,300000,Yes,Yes,Yes,Medium,Low,Medium,Claim Form|FIR|Photos,Policy Breach,Balanced,0.15,0.9,5250.0,1.08,0.69,Rural,Delhi,Ahmedabad,0.37,0.71,0.45,13,False,0.85,0.25,0.03
HDFCERGO,Motor,Motor Trade Road Risk,Package,Annual,Addon,Zero Depreciation,Addon Claim,Addon Trigger,Low,High,60000,800000,Yes,No,Yes,Medium,Medium,High,Invoice|Survey Report,Addon Conditions Not Met,Loss Heavy,0.05,0.9,3000.0,1.08,0.45,Metro,Karnataka,Mumbai,0.38,0.46,0.86,14,False,0.77,0.25,0.08
HDFCERGO,Motor,Motor Trade Road Risk,Package,Annual,Addon,Engine Protect,Addon Claim,Addon Trigger,Low,High,60000,800000,Yes,No,Yes,Medium,Medium,High,Invoice|Survey Report,Addon Conditions Not Met,Loss Heavy,0.05,0.9,3000.0,1.08,0.38,Urban,Maharashtra,Chennai,0.61,0.4,0.37,14,False,0.51,0.25,0.08
HDFCERGO,Motor,Motor Trade Road Risk,Package,Annual,Addon,Gearbox Protect,Addon Claim,Addon Trigger,Low,High,60000,800000,Yes,No,Yes,Medium,Medium,High,Invoice|Survey Report,Addon Conditions Not Met,Loss Heavy,0.05,0.9,3000.0,1.08,0.39,Metro,Tamil Nadu,Delhi,0.83,0.62,0.59,7,False,0.6,0.25,0.08
HDFCERGO,Motor,Motor Trade Road Risk,Package,Annual,Addon,Consumables,Addon Claim,Addon Trigger,Low,High,60000,800000,Yes,No,Yes,Medium,Medium,High,Invoice|Survey Report,Addon Conditions Not Met,Loss Heavy,0.05,0.9,3000.0,1.08,0.51,Rural,Tamil Nadu,Delhi,0.41,0.55,0.68,10,False,0.66,0.25,0.08
HDFCERGO,Motor,Motor Trade Road Risk,Package,Annual,Addon,Tyre Protect,Addon Claim,Addon Trigger,Low,High,60000,800000,Yes,No,Yes,Medium,Medium,High,Invoice|Survey Report,Addon Conditions Not Met,Loss Heavy,0.05,0.9,3000.0,1.08,0.44,Rural,Karnataka,Delhi,0.85,0.63,0.33,8,False,0.68,0.25,0.08
HDFCERGO,Motor,Motor Trade Road Risk,Package,Annual,Addon,Roadside Assistance,Addon Claim,Addon Trigger,Low,High,60000,800000,Yes,No,Yes,Medium,Medium,High,Invoice|Survey Report,Addon Conditions Not Met,Loss Heavy,0.05,0.9,3000.0,1.08,0.57,Urban,Tamil Nadu,Ahmedabad,0.44,0.41,0.56,10,False,0.6,0.25,0.08
HDFCERGO,Motor,Motor Trade Road Risk,Package,Annual,Addon,NCB Protect,Addon Claim,Addon Trigger,Low,High,60000,800000,Yes,No,Yes,Medium,Medium,High,Invoice|Survey Report,Addon Conditions Not Met,Loss Heavy,0.05,0.9,3000.0,1.08,0.64,Urban,Gujarat,Bangalore,0.6,0.39,0.76,14,False,0.6,0.25,0.08
HDFCERGO,Motor,Motor Trade Road Risk,Package,Annual,Addon,Return to Invoice,Addon Claim,Addon Trigger,Low,High,60000,800000,Yes,No,Yes,Medium,Medium,High,Invoice|Survey Report,Addon Conditions Not Met,Loss Heavy,0.05,0.9,3000.0,1.08,0.38,Rural,Delhi,Delhi,0.64,0.39,0.66,7,False,0.84,0.25,0.08
HDFCERGO,Motor,Motor Trade Road Risk,Package,Annual,Addon,Invoice Cover,Addon Claim,Addon Trigger,Low,High,60000,800000,Yes,No,Yes,Medium,Medium,High,Invoice|Survey Report,Addon Conditions Not Met,Loss Heavy,0.05,0.9,3000.0,1.08,0.29,Metro,Gujarat,Bangalore,0.63,0.64,0.67,11,False,0.6,0.25,0.08
HDFCERGO,Motor,Motor Trade Road Risk,Package,Annual,Addon,PAYD Benefit,Addon Claim,Addon Trigger,Low,High,60000,800000,Yes,No,Yes,Medium,Medium,High,Invoice|Survey Report,Addon Conditions Not Met,Loss Heavy,0.05,0.9,3000.0,1.08,0.5,Urban,Tamil Nadu,Chennai,0.61,0.38,0.68,10,False,0.51,0.25,0.08
HDFCERGO,Motor,Motor Trade Road Risk,Package,Annual,Addon,EV Addon,Addon Claim,Addon Trigger,Low,High,60000,800000,Yes,No,Yes,Medium,Medium,High,Invoice|Survey Report,Addon Conditions Not Met,Loss Heavy,0.05,0.9,3000.0,1.08,0.51,Rural,Karnataka,Bangalore,0.46,0.36,0.58,12,False,0.5,0.25,0.08
HDFCERGO,Motor,Motor Trade Road Risk,Package,Annual,Addon,EMI Protector,Addon Claim,Addon Trigger,Low,High,60000,800000,Yes,No,Yes,Medium,Medium,High,Invoice|Survey Report,Addon Conditions Not Met,Loss Heavy,0.05,0.9,3000.0,1.08,0.33,Rural,Delhi,Mumbai,0.81,0.8,0.75,8,False,0.79,0.25,0.08
HDFCERGO,Motor,Motor Trade Road Risk,Package,Annual,Addon,Loss of Use,Addon Claim,Addon Trigger,Low,High,60000,800000,Yes,No,Yes,Medium,Medium,High,Invoice|Survey Report,Addon Conditions Not Met,Loss Heavy,0.05,0.9,3000.0,1.08,0.3,Metro,Maharashtra,Delhi,0.3,0.61,0.36,9,False,0.63,0.25,0.08
HDFCERGO,Motor,Motor Trade Road Risk,Package,Annual,Addon,Key Protect,Addon Claim,Addon Trigger,Low,High,60000,800000,Yes,No,Yes,Medium,Medium,High,Invoice|Survey Report,Addon Conditions Not Met,Loss Heavy,0.05,0.9,3000.0,1.08,0.58,Urban,Tamil Nadu,Delhi,0.69,0.53,0.39,8,False,0.71,0.25,0.08
HDFCERGO,Motor,Motor Trade Road Risk,Package,Annual,Addon,Personal Belongings,Addon Claim,Addon Trigger,Low,High,60000,800000,Yes,No,Yes,Medium,Medium,High,Invoice|Survey Report,Addon Conditions Not Met,Loss Heavy,0.05,0.9,3000.0,1.08,0.38,Metro,Gujarat,Bangalore,0.36,0.8,0.5,14,False,0.59,0.25,0.08
HDFCERGO,Motor,Motor Trade Road Risk,Bundled,Annual,Base,Own Damage,Accident / Liability,Policy Defined Event,Medium,Medium,35000,300000,Yes,Yes,Yes,Medium,Low,Medium,Claim Form|FIR|Photos,Policy Breach,Balanced,0.15,0.9,5250.0,1.08,0.34,Metro,Tamil Nadu,Bangalore,0.46,0.62,0.71,13,False,0.56,0.25,0.03
HDFCERGO,Motor,Motor Trade Road Risk,Bundled,Annual,Base,Third Party,Accident / Liability,Policy Defined Event,Medium,Medium,35000,300000,Yes,Yes,Yes,Medium,Low,Medium,Claim Form|FIR|Photos,Policy Breach,Balanced,0.15,0.9,5250.0,1.08,0.57,Urban,Delhi,Mumbai,0.77,0.36,0.89,12,False,0.56,0.25,0.03
HDFCERGO,Motor,Motor Trade Road Risk,Bundled,Annual,Base,Personal Accident,Accident / Liability,Policy Defined Event,Medium,Medium,35000,300000,Yes,Yes,Yes,Medium,Low,Medium,Claim Form|FIR|Photos,Policy Breach,Balanced,0.15,0.9,5250.0,1.08,0.68,Urban,Delhi,Ahmedabad,0.72,0.62,0.73,11,False,0.74,0.25,0.03
HDFCERGO,Motor,Motor Trade Road Risk,Bundled,Annual,Addon,Zero Depreciation,Addon Claim,Addon Trigger,Low,High,60000,800000,Yes,No,Yes,Medium,Medium,High,Invoice|Survey Report,Addon Conditions Not Met,Loss Heavy,0.05,0.9,3000.0,1.08,0.38,Rural,Gujarat,Mumbai,0.45,0.76,0.44,9,False,0.81,0.25,0.08
HDFCERGO,Motor,Motor Trade Road Risk,Bundled,Annual,Addon,Engine Protect,Addon Claim,Addon Trigger,Low,High,60000,800000,Yes,No,Yes,Medium,Medium,High,Invoice|Survey Report,Addon Conditions Not Met,Loss Heavy,0.05,0.9,3000.0,1.08,0.37,Urban,Karnataka,Delhi,0.86,0.77,0.73,13,False,0.72,0.25,0.08
HDFCERGO,Motor,Motor Trade Road Risk,Bundled,Annual,Addon,Gearbox Protect,Addon Claim,Addon Trigger,Low,High,60000,800000,Yes,No,Yes,Medium,Medium,High,Invoice|Survey Report,Addon Conditions Not Met,Loss Heavy,0.05,0.9,3000.0,1.08,0.47,Rural,Delhi,Ahmedabad,0.78,0.29,0.85,7,False,0.78,0.25,0.08
HDFCERGO,Motor,Motor Trade Road Risk,Bundled,Annual,Addon,Consumables,Addon Claim,Addon Trigger,Low,High,60000,800000,Yes,No,Yes,Medium,Medium,High,Invoice|Survey Report,Addon Conditions Not Met,Loss Heavy,0.05,0.9,3000.0,1.08,0.69,Urban,Maharashtra,Delhi,0.76,0.3,0.76,7,False,0.75,0.25,0.08
HDFCERGO,Motor,Motor Trade Road Risk,Bundled,Annual,Addon,Tyre Protect,Addon Claim,Addon Trigger,Low,High,60000,800000,Yes,No,Yes,Medium,Medium,High,Invoice|Survey Report,Addon Conditions Not Met,Loss Heavy,0.05,0.9,3000.0,1.08,0.53,Metro,Gujarat,Delhi,0.4,0.58,0.81,7,False,0.74,0.25,0.08
HDFCERGO,Motor,Motor Trade Road Risk,Bundled,Annual,Addon,Roadside Assistance,Addon Claim,Addon Trigger,Low,High,60000,800000,Yes,No,Yes,Medium,Medium,High,Invoice|Survey Report,Addon Conditions Not Met,Loss Heavy,0.05,0.9,3000.0,1.08,0.64,Metro,Karnataka,Delhi,0.32,0.52,0.71,9,False,0.79,0.25,0.08
HDFCERGO,Motor,Motor Trade Road Risk,Bundled,Annual,Addon,NCB Protect,Addon Claim,Addon Trigger,Low,High,60000,800000,Yes,No,Yes,Medium,Medium,High,Invoice|Survey Report,Addon Conditions Not Met,Loss Heavy,0.05,0.9,3000.0,1.08,0.66,Metro,Tamil Nadu,Mumbai,0.31,0.45,0.89,9,False,0.56,0.25,0.08
HDFCERGO,Motor,Motor Trade Road Risk,Bundled,Annual,Addon,Return to Invoice,Addon Claim,Addon Trigger,Low,High,60000,800000,Yes,No,Yes,Medium,Medium,High,Invoice|Survey Report,Addon Conditions Not Met,Loss Heavy,0.05,0.9,3000.0,1.08,0.49,Metro,Maharashtra,Bangalore,0.43,0.31,0.33,10,False,0.68,0.25,0.08
HDFCERGO,Motor,Motor Trade Road Risk,Bundled,Annual,Addon,Invoice Cover,Addon Claim,Addon Trigger,Low,High,60000,800000,Yes,No,Yes,Medium,Medium,High,Invoice|Survey Report,Addon Conditions Not Met,Loss Heavy,0.05,0.9,3000.0,1.08,0.33,Rural,Gujarat,Delhi,0.61,0.27,0.7,8,False,0.51,0.25,0.08
HDFCERGO,Motor,Motor Trade Road Risk,Bundled,Annual,Addon,PAYD Benefit,Addon Claim,Addon Trigger,Low,High,60000,800000,Yes,No,Yes,Medium,Medium,High,Invoice|Survey Report,Addon Conditions Not Met,Loss Heavy,0.05,0.9,3000.0,1.08,0.46,Metro,Gujarat,Mumbai,0.49,0.42,0.38,9,False,0.7,0.25,0.08
HDFCERGO,Motor,Motor Trade Road Risk,Bundled,Annual,Addon,EV Addon,Addon Claim,Addon Trigger,Low,High,60000,800000,Yes,No,Yes,Medium,Medium,High,Invoice|Survey Report,Addon Conditions Not Met,Loss Heavy,0.05,0.9,3000.0,1.08,0.26,Rural,Maharashtra,Delhi,0.74,0.3,0.34,12,False,0.8,0.25,0.08
HDFCERGO,Motor,Motor Trade Road Risk,Bundled,Annual,Addon,EMI Protector,Addon Claim,Addon Trigger,Low,High,60000,800000,Yes,No,Yes,Medium,Medium,High,Invoice|Survey Report,Addon Conditions Not Met,Loss Heavy,0.05,0.9,3000.0,1.08,0.41,Urban,Karnataka,Mumbai,0.36,0.73,0.79,8,False,0.7,0.25,0.08
HDFCERGO,Motor,Motor Trade Road Risk,Bundled,Annual,Addon,Loss of Use,Addon Claim,Addon Trigger,Low,High,60000,800000,Yes,No,Yes,Medium,Medium,High,Invoice|Survey Report,Addon Conditions Not Met,Loss Heavy,0.05,0.9,3000.0,1.08,0.5,Rural,Delhi,Delhi,0.63,0.49,0.3,7,False,0.65,0.25,0.08
HDFCERGO,Motor,Motor Trade Road Risk,Bundled,Annual,Addon,Key Protect,Addon Claim,Addon Trigger,Low,High,60000,800000,Yes,No,Yes,Medium,Medium,High,Invoice|Survey Report,Addon Conditions Not Met,Loss Heavy,0.05,0.9,3000.0,1.08,0.4,Metro,Delhi,Ahmedabad,0.82,0.6,0.65,13,False,0.65,0.25,0.08
HDFCERGO,Motor,Motor Trade Road Risk,Bundled,Annual,Addon,Personal Belongings,Addon Claim,Addon Trigger,Low,High,60000,800000,Yes,No,Yes,Medium,Medium,High,Invoice|Survey Report,Addon Conditions Not Met,Loss Heavy,0.05,0.9,3000.0,1.08,0.64,Rural,Tamil Nadu,Ahmedabad,0.9,0.37,0.69,14,False,0.7,0.25,0.08
HDFCERGO,Motor,Motor Trade Road Risk,Standalone Own Damage,Annual,Base,Own Damage,Accident / Liability,Policy Defined Event,Medium,Medium,35000,300000,Yes,Yes,Yes,Medium,Low,Medium,Claim Form|FIR|Photos,Policy Breach,Balanced,0.15,0.9,5250.0,1.08,0.46,Rural,Delhi,Delhi,0.76,0.43,0.61,13,False,0.83,0.25,0.03
HDFCERGO,Motor,Motor Trade Road Risk,Standalone Own Damage,Annual,Base,Personal Accident,Accident / Liability,Policy Defined Event,Medium,Medium,35000,300000,Yes,Yes,Yes,Medium,Low,Medium,Claim Form|FIR|Photos,Policy Breach,Balanced,0.15,0.9,5250.0,1.08,0.26,Metro,Delhi,Mumbai,0.87,0.39,0.58,12,False,0.65,0.25,0.03
HDFCERGO,Motor,Motor Trade Road Risk,Standalone Own Damage,Annual,Addon,Zero Depreciation,Addon Claim,Addon Trigger,Low,High,60000,800000,Yes,No,Yes,Medium,Medium,High,Invoice|Survey Report,Addon Conditions Not Met,Loss Heavy,0.05,0.9,3000.0,1.08,0.65,Rural,Delhi,Mumbai,0.33,0.47,0.79,7,False,0.81,0.25,0.08
HDFCERGO,Motor,Motor Trade Road Risk,Standalone Own Damage,Annual,Addon,Engine Protect,Addon Claim,Addon Trigger,Low,High,60000,800000,Yes,No,Yes,Medium,Medium,High,Invoice|Survey Report,Addon Conditions Not Met,Loss Heavy,0.05,0.9,3000.0,1.08,0.68,Metro,Tamil Nadu,Bangalore,0.66,0.27,0.37,14,False,0.82,0.25,0.08
HDFCERGO,Motor,Motor Trade Road Risk,Standalone Own Damage,Annual,Addon,Gearbox Protect,Addon Claim,Addon Trigger,Low,High,60000,800000,Yes,No,Yes,Medium,Medium,High,Invoice|Survey Report,Addon Conditions Not Met,Loss Heavy,0.05,0.9,3000.0,1.08,0.69,Rural,Karnataka,Bangalore,0.89,0.33,0.75,8,False,0.76,0.25,0.08
HDFCERGO,Motor,Motor Trade Road Risk,Standalone Own Damage,Annual,Addon,Consumables,Addon Claim,Addon Trigger,Low,High,60000,800000,Yes,No,Yes,Medium,Medium,High,Invoice|Survey Report,Addon Conditions Not Met,Loss Heavy,0.05,0.9,3000.0,1.08,0.38,Metro,Delhi,Mumbai,0.46,0.73,0.38,9,False,0.78,0.25,0.08
HDFCERGO,Motor,Motor Trade Road Risk,Standalone Own Damage,Annual,Addon,Tyre Protect,Addon Claim,Addon Trigger,Low,High,60000,800000,Yes,No,Yes,Medium,Medium,High,Invoice|Survey Report,Addon Conditions Not Met,Loss Heavy,0.05,0.9,3000.0,1.08,0.49,Rural,Tamil Nadu,Mumbai,0.53,0.79,0.81,14,False,0.72,0.25,0.08
HDFCERGO,Motor,Motor Trade Road Risk,Standalone Own Damage,Annual,Addon,Roadside Assistance,Addon Claim,Addon Trigger,Low,High,60000,800000,Yes,No,Yes,Medium,Medium,High,Invoice|Survey Report,Addon Conditions Not Met,Loss Heavy,0.05,0.9,3000.0,1.08,0.41,Rural,Maharashtra,Chennai,0.5,0.6,0.49,9,False,0.59,0.25,0.08
HDFCERGO,Motor,Motor Trade Road Risk,Standalone Own Damage,Annual,Addon,NCB Protect,Addon Claim,Addon Trigger,Low,High,60000,800000,Yes,No,Yes,Medium,Medium,High,Invoice|Survey Report,Addon Conditions Not Met,Loss Heavy,0.05,0.9,3000.0,1.08,0.67,Rural,Karnataka,Mumbai,0.39,0.5,0.51,11,False,0.55,0.25,0.08
HDFCERGO,Motor,Motor Trade Road Risk,Standalone Own Damage,Annual,Addon,Return to Invoice,Addon Claim,Addon Trigger,Low,High,60000,800000,Yes,No,Yes,Medium,Medium,High,Invoice|Survey Report,Addon Conditions Not Met,Loss Heavy,0.05,0.9,3000.0,1.08,0.62,Metro,Gujarat,Delhi,0.47,0.69,0.56,11,False,0.51,0.25,0.08
HDFCERGO,Motor,Motor Trade Road Risk,Standalone Own Damage,Annual,Addon,Invoice Cover,Addon Claim,Addon Trigger,Low,High,60000,800000,Yes,No,Yes,Medium,Medium,High,Invoice|Survey Report,Addon Conditions Not Met,Loss Heavy,0.05,0.9,3000.0,1.08,0.58,Urban,Tamil Nadu,Chennai,0.67,0.32,0.53,13,False,0.57,0.25,0.08
HDFCERGO,Motor,Motor Trade Road Risk,Standalone Own Damage,Annual,Addon,PAYD Benefit,Addon Claim,Addon Trigger,Low,High,60000,800000,Yes,No,Yes,Medium,Medium,High,Invoice|Survey Report,Addon Conditions Not Met,Loss Heavy,0.05,0.9,3000.0,1.08,0.35,Rural,Karnataka,Mumbai,0.74,0.6,0.58,9,False,0.7,0.25,0.08
HDFCERGO,Motor,Motor Trade Road Risk,Standalone Own Damage,Annual,Addon,EV Addon,Addon Claim,Addon Trigger,Low,High,60000,800000,Yes,No,Yes,Medium,Medium,High,Invoice|Survey Report,Addon Conditions Not Met,Loss Heavy,0.05,0.9,3000.0,1.08,0.49,Metro,Delhi,Mumbai,0.67,0.25,0.83,9,False,0.76,0.25,0.08
HDFCERGO,Motor,Motor Trade Road Risk,Standalone Own Damage,Annual,Addon,EMI Protector,Addon Claim,Addon Trigger,Low,High,60000,800000,Yes,No,Yes,Medium,Medium,High,Invoice|Survey Report,Addon Conditions Not Met,Loss Heavy,0.05,0.9,3000.0,1.08,0.64,Urban,Gujarat,Bangalore,0.42,0.61,0.47,9,False,0.76,0.25,0.08
HDFCERGO,Motor,Motor Trade Road Risk,Standalone Own Damage,Annual,Addon,Loss of Use,Addon Claim,Addon Trigger,Low,High,60000,800000,Yes,No,Yes,Medium,Medium,High,Invoice|Survey Report,Addon Conditions Not Met,Loss Heavy,0.05,0.9,3000.0,1.08,0.49,Metro,Delhi,Delhi,0.67,0.64,0.41,11,False,0.8,0.25,0.08
HDFCERGO,Motor,Motor Trade Road Risk,Standalone Own Damage,Annual,Addon,Key Protect,Addon Claim,Addon Trigger,Low,High,60000,800000,Yes,No,Yes,Medium,Medium,High,Invoice|Survey Report,Addon Conditions Not Met,Loss Heavy,0.05,0.9,3000.0,1.08,0.23,Rural,Tamil Nadu,Delhi,0.61,0.49,0.34,7,False,0.55,0.25,0.08
HDFCERGO,Motor,Motor Trade Road Risk,Standalone Own Damage,Annual,Addon,Personal Belongings,Addon Claim,Addon Trigger,Low,High,60000,800000,Yes,No,Yes,Medium,Medium,High,Invoice|Survey Report,Addon Conditions Not Met,Loss Heavy,0.05,0.9,3000.0,1.08,0.4,Metro,Karnataka,Bangalore,0.34,0.54,0.48,12,False,0.8,0.25,0.08
HDFCERGO,Motor,Motor Trade Road Risk,Liability Only,Annual,Base,Third Party,Accident / Liability,Policy Defined Event,Medium,Medium,35000,300000,Yes,Yes,Yes,Medium,Low,Medium,Claim Form|FIR|Photos,Policy Breach,Balanced,0.15,0.9,5250.0,1.08,0.5,Metro,Maharashtra,Bangalore,0.64,0.39,0.59,10,False,0.57,0.25,0.03
HDFCERGO,Motor,Motor Trade Road Risk,Liability Only,Annual,Base,Personal Accident,Accident / Liability,Policy Defined Event,Medium,Medium,35000,300000,Yes,Yes,Yes,Medium,Low,Medium,Claim Form|FIR|Photos,Policy Breach,Balanced,0.15,0.9,5250.0,1.08,0.67,Rural,Maharashtra,Chennai,0.3,0.21,0.74,9,False,0.71,0.25,0.03
HDFCERGO,Motor,Motor Trade Road Risk,Long Term Package,Annual,Base,Own Damage,Accident / Liability,Policy Defined Event,Medium,Medium,35000,300000,Yes,Yes,Yes,Medium,Low,Medium,Claim Form|FIR|Photos,Policy Breach,Balanced,0.15,0.9,5250.0,1.08,0.6,Rural,Karnataka,Ahmedabad,0.54,0.44,0.4,13,False,0.51,0.25,0.03
HDFCERGO,Motor,Motor Trade Road Risk,Long Term Package,Annual,Base,Third Party,Accident / Liability,Policy Defined Event,Medium,Medium,35000,300000,Yes,Yes,Yes,Medium,Low,Medium,Claim Form|FIR|Photos,Policy Breach,Balanced,0.15,0.9,5250.0,1.08,0.43,Urban,Karnataka,Ahmedabad,0.56,0.42,0.66,11,False,0.7,0.25,0.03
HDFCERGO,Motor,Motor Trade Road Risk,Long Term Package,Annual,Base,Personal Accident,Accident / Liability,Policy Defined Event,Medium,Medium,35000,300000,Yes,Yes,Yes,Medium,Low,Medium,Claim Form|FIR|Photos,Policy Breach,Balanced,0.15,0.9,5250.0,1.08,0.24,Metro,Tamil Nadu,Mumbai,0.39,0.72,0.33,7,False,0.75,0.25,0.03
HDFCERGO,Motor,Motor Trade Road Risk,Long Term Package,Annual,Addon,Zero Depreciation,Addon Claim,Addon Trigger,Low,High,60000,800000,Yes,No,Yes,Medium,Medium,High,Invoice|Survey Report,Addon Conditions Not Met,Loss Heavy,0.05,0.9,3000.0,1.08,0.22,Urban,Maharashtra,Mumbai,0.36,0.42,0.44,10,False,0.66,0.25,0.08
HDFCERGO,Motor,Motor Trade Road Risk,Long Term Package,Annual,Addon,Engine Protect,Addon Claim,Addon Trigger,Low,High,60000,800000,Yes,No,Yes,Medium,Medium,High,Invoice|Survey Report,Addon Conditions Not Met,Loss Heavy,0.05,0.9,3000.0,1.08,0.4,Urban,Tamil Nadu,Bangalore,0.9,0.29,0.71,7,False,0.71,0.25,0.08
HDFCERGO,Motor,Motor Trade Road Risk,Long Term Package,Annual,Addon,Gearbox Protect,Addon Claim,Addon Trigger,Low,High,60000,800000,Yes,No,Yes,Medium,Medium,High,Invoice|Survey Report,Addon Conditions Not Met,Loss Heavy,0.05,0.9,3000.0,1.08,0.31,Rural,Tamil Nadu,Delhi,0.68,0.69,0.6,7,False,0.7,0.25,0.08
HDFCERGO,Motor,Motor Trade Road Risk,Long Term Package,Annual,Addon,Consumables,Addon Claim,Addon Trigger,Low,High,60000,800000,Yes,No,Yes,Medium,Medium,High,Invoice|Survey Report,Addon Conditions Not Met,Loss Heavy,0.05,0.9,3000.0,1.08,0.47,Urban,Maharashtra,Ahmedabad,0.69,0.28,0.84,12,False,0.55,0.25,0.08
HDFCERGO,Motor,Motor Trade Road Risk,Long Term Package,Annual,Addon,Tyre Protect,Addon Claim,Addon Trigger,Low,High,60000,800000,Yes,No,Yes,Medium,Medium,High,Invoice|Survey Report,Addon Conditions Not Met,Loss Heavy,0.05,0.9,3000.0,1.08,0.58,Urban,Karnataka,Mumbai,0.82,0.76,0.54,12,False,0.54,0.25,0.08
HDFCERGO,Motor,Motor Trade Road Risk,Long Term Package,Annual,Addon,Roadside Assistance,Addon Claim,Addon Trigger,Low,High,60000,800000,Yes,No,Yes,Medium,Medium,High,Invoice|Survey Report,Addon Conditions Not Met,Loss Heavy,0.05,0.9,3000.0,1.08,0.21,Metro,Maharashtra,Chennai,0.4,0.7,0.85,11,False,0.63,0.25,0.08
HDFCERGO,Motor,Motor Trade Road Risk,Long Term Package,Annual,Addon,NCB Protect,Addon Claim,Addon Trigger,Low,High,60000,800000,Yes,No,Yes,Medium,Medium,High,Invoice|Survey Report,Addon Conditions Not Met,Loss Heavy,0.05,0.9,3000.0,1.08,0.42,Urban,Gujarat,Mumbai,0.72,0.31,0.74,10,False,0.55,0.25,0.08
HDFCERGO,Motor,Motor Trade Road Risk,Long Term Package,Annual,Addon,Return to Invoice,Addon Claim,Addon Trigger,Low,High,60000,800000,Yes,No,Yes,Medium,Medium,High,Invoice|Survey Report,Addon Conditions Not Met,Loss Heavy,0.05,0.9,3000.0,1.08,0.27,Urban,Maharashtra,Chennai,0.87,0.5,0.88,11,False,0.62,0.25,0.08
HDFCERGO,Motor,Motor Trade Road Risk,Long Term Package,Annual,Addon,Invoice Cover,Addon Claim,Addon Trigger,Low,High,60000,800000,Yes,No,Yes,Medium,Medium,High,Invoice|Survey Report,Addon Conditions Not Met,Loss Heavy,0.05,0.9,3000.0,1.08,0.48,Urban,Delhi,Ahmedabad,0.35,0.72,0.69,12,False,0.68,0.25,0.08
HDFCERGO,Motor,Motor Trade Road Risk,Long Term Package,Annual,Addon,PAYD Benefit,Addon Claim,Addon Trigger,Low,High,60000,800000,Yes,No,Yes,Medium,Medium,High,Invoice|Survey Report,Addon Conditions Not Met,Loss Heavy,0.05,0.9,3000.0,1.08,0.31,Urban,Gujarat,Ahmedabad,0.76,0.24,0.9,13,False,0.56,0.25,0.08
HDFCERGO,Motor,Motor Trade Road Risk,Long Term Package,Annual,Addon,EV Addon,Addon Claim,Addon Trigger,Low,High,60000,800000,Yes,No,Yes,Medium,Medium,High,Invoice|Survey Report,Addon Conditions Not Met,Loss Heavy,0.05,0.9,3000.0,1.08,0.38,Metro,Delhi,Bangalore,0.89,0.3,0.81,13,False,0.83,0.25,0.08
HDFCERGO,Motor,Motor Trade Road Risk,Long Term Package,Annual,Addon,EMI Protector,Addon Claim,Addon Trigger,Low,High,60000,800000,Yes,No,Yes,Medium,Medium,High,Invoice|Survey Report,Addon Conditions Not Met,Loss Heavy,0.05,0.9,3000.0,1.08,0.2,Urban,Maharashtra,Mumbai,0.86,0.34,0.66,7,False,0.63,0.25,0.08
HDFCERGO,Motor,Motor Trade Road Risk,Long Term Package,Annual,Addon,Loss of Use,Addon Claim,Addon Trigger,Low,High,60000,800000,Yes,No,Yes,Medium,Medium,High,Invoice|Survey Report,Addon Conditions Not Met,Loss Heavy,0.05,0.9,3000.0,1.08,0.28,Metro,Tamil Nadu,Mumbai,0.75,0.22,0.36,12,False,0.53,0.25,0.08
HDFCERGO,Motor,Motor Trade Road Risk,Long Term Package,Annual,Addon,Key Protect,Addon Claim,Addon Trigger,Low,High,60000,800000,Yes,No,Yes,Medium,Medium,High,Invoice|Survey Report,Addon Conditions Not Met,Loss Heavy,0.05,0.9,3000.0,1.08,0.61,Metro,Delhi,Delhi,0.65,0.71,0.82,13,False,0.56,0.25,0.08
HDFCERGO,Motor,Motor Trade Road Risk,Long Term Package,Annual,Addon,Personal Belongings,Addon Claim,Addon Trigger,Low,High,60000,800000,Yes,No,Yes,Medium,Medium,High,Invoice|Survey Report,Addon Conditions Not Met,Loss Heavy,0.05,0.9,3000.0,1.08,0.67,Urban,Tamil Nadu,Mumbai,0.64,0.73,0.75,12,False,0.69,0.25,0.08
HDFCERGO,Motor,Motor Trade Internal Risk,Package,Annual,Base,Own Damage,Accident / Liability,Policy Defined Event,Medium,Medium,35000,300000,Yes,Yes,Yes,Medium,Low,Medium,Claim Form|FIR|Photos,Policy Breach,Balanced,0.15,0.9,5250.0,1.08,0.63,Rural,Karnataka,Mumbai,0.83,0.39,0.8,14,False,0.79,0.25,0.03
HDFCERGO,Motor,Motor Trade Internal Risk,Package,Annual,Base,Third Party,Accident / Liability,Policy Defined Event,Medium,Medium,35000,300000,Yes,Yes,Yes,Medium,Low,Medium,Claim Form|FIR|Photos,Policy Breach,Balanced,0.15,0.9,5250.0,1.08,0.62,Urban,Delhi,Chennai,0.72,0.55,0.4,12,False,0.62,0.25,0.03
HDFCERGO,Motor,Motor Trade Internal Risk,Package,Annual,Base,Personal Accident,Accident / Liability,Policy Defined Event,Medium,Medium,35000,300000,Yes,Yes,Yes,Medium,Low,Medium,Claim Form|FIR|Photos,Policy Breach,Balanced,0.15,0.9,5250.0,1.08,0.62,Urban,Karnataka,Mumbai,0.84,0.43,0.73,11,False,0.57,0.25,0.03
HDFCERGO,Motor,Motor Trade Internal Risk,Package,Annual,Addon,Zero Depreciation,Addon Claim,Addon Trigger,Low,High,60000,800000,Yes,No,Yes,Medium,Medium,High,Invoice|Survey Report,Addon Conditions Not Met,Loss Heavy,0.05,0.9,3000.0,1.08,0.24,Rural,Gujarat,Bangalore,0.33,0.45,0.3,10,False,0.74,0.25,0.08
HDFCERGO,Motor,Motor Trade Internal Risk,Package,Annual,Addon,Engine Protect,Addon Claim,Addon Trigger,Low,High,60000,800000,Yes,No,Yes,Medium,Medium,High,Invoice|Survey Report,Addon Conditions Not Met,Loss Heavy,0.05,0.9,3000.0,1.08,0.34,Metro,Tamil Nadu,Chennai,0.46,0.4,0.42,11,False,0.6,0.25,0.08
HDFCERGO,Motor,Motor Trade Internal Risk,Package,Annual,Addon,Gearbox Protect,Addon Claim,Addon Trigger,Low,High,60000,800000,Yes,No,Yes,Medium,Medium,High,Invoice|Survey Report,Addon Conditions Not Met,Loss Heavy,0.05,0.9,3000.0,1.08,0.25,Rural,Karnataka,Delhi,0.51,0.74,0.69,9,False,0.7,0.25,0.08
HDFCERGO,Motor,Motor Trade Internal Risk,Package,Annual,Addon,Consumables,Addon Claim,Addon Trigger,Low,High,60000,800000,Yes,No,Yes,Medium,Medium,High,Invoice|Survey Report,Addon Conditions Not Met,Loss Heavy,0.05,0.9,3000.0,1.08,0.23,Metro,Gujarat,Ahmedabad,0.36,0.22,0.87,7,False,0.68,0.25,0.08
HDFCERGO,Motor,Motor Trade Internal Risk,Package,Annual,Addon,Tyre Protect,Addon Claim,Addon Trigger,Low,High,60000,800000,Yes,No,Yes,Medium,Medium,High,Invoice|Survey Report,Addon Conditions Not Met,Loss Heavy,0.05,0.9,3000.0,1.08,0.55,Urban,Delhi,Ahmedabad,0.8,0.63,0.41,14,False,0.71,0.25,0.08
HDFCERGO,Motor,Motor Trade Internal Risk,Package,Annual,Addon,Roadside Assistance,Addon Claim,Addon Trigger,Low,High,60000,800000,Yes,No,Yes,Medium,Medium,High,Invoice|Survey Report,Addon Conditions Not Met,Loss Heavy,0.05,0.9,3000.0,1.08,0.31,Rural,Gujarat,Chennai,0.47,0.52,0.57,14,False,0.61,0.25,0.08
HDFCERGO,Motor,Motor Trade Internal Risk,Package,Annual,Addon,NCB Protect,Addon Claim,Addon Trigger,Low,High,60000,800000,Yes,No,Yes,Medium,Medium,High,Invoice|Survey Report,Addon Conditions Not Met,Loss Heavy,0.05,0.9,3000.0,1.08,0.44,Urban,Tamil Nadu,Bangalore,0.71,0.22,0.53,10,False,0.69,0.25,0.08
HDFCERGO,Motor,Motor Trade Internal Risk,Package,Annual,Addon,Return to Invoice,Addon Claim,Addon Trigger,Low,High,60000,800000,Yes,No,Yes,Medium,Medium,High,Invoice|Survey Report,Addon Conditions Not Met,Loss Heavy,0.05,0.9,3000.0,1.08,0.67,Rural,Delhi,Ahmedabad,0.5,0.46,0.44,11,False,0.54,0.25,0.08
HDFCERGO,Motor,Motor Trade Internal Risk,Package,Annual,Addon,Invoice Cover,Addon Claim,Addon Trigger,Low,High,60000,800000,Yes,No,Yes,Medium,Medium,High,Invoice|Survey Report,Addon Conditions Not Met,Loss Heavy,0.05,0.9,3000.0,1.08,0.63,Urban,Maharashtra,Mumbai,0.84,0.27,0.75,14,False,0.51,0.25,0.08
HDFCERGO,Motor,Motor Trade Internal Risk,Package,Annual,Addon,PAYD Benefit,Addon Claim,Addon Trigger,Low,High,60000,800000,Yes,No,Yes,Medium,Medium,High,Invoice|Survey Report,Addon Conditions Not Met,Loss Heavy,0.05,0.9,3000.0,1.08,0.48,Urban,Maharashtra,Ahmedabad,0.41,0.39,0.39,9,False,0.64,0.25,0.08
HDFCERGO,Motor,Motor Trade Internal Risk,Package,Annual,Addon,EV Addon,Addon Claim,Addon Trigger,Low,High,60000,800000,Yes,No,Yes,Medium,Medium,High,Invoice|Survey Report,Addon Conditions Not Met,Loss Heavy,0.05,0.9,3000.0,1.08,0.31,Urban,Delhi,Chennai,0.55,0.56,0.54,13,False,0.63,0.25,0.08
HDFCERGO,Motor,Motor Trade Internal Risk,Package,Annual,Addon,EMI Protector,Addon Claim,Addon Trigger,Low,High,60000,800000,Yes,No,Yes,Medium,Medium,High,Invoice|Survey Report,Addon Conditions Not Met,Loss Heavy,0.05,0.9,3000.0,1.08,0.61,Rural,Delhi,Delhi,0.6,0.31,0.44,14,False,0.72,0.25,0.08
HDFCERGO,Motor,Motor Trade Internal Risk,Package,Annual,Addon,Loss of Use,Addon Claim,Addon Trigger,Low,High,60000,800000,Yes,No,Yes,Medium,Medium,High,Invoice|Survey Report,Addon Conditions Not Met,Loss Heavy,0.05,0.9,3000.0,1.08,0.36,Metro,Karnataka,Chennai,0.3,0.24,0.75,13,False,0.73,0.25,0.08
HDFCERGO,Motor,Motor Trade Internal Risk,Package,Annual,Addon,Key Protect,Addon Claim,Addon Trigger,Low,High,60000,800000,Yes,No,Yes,Medium,Medium,High,Invoice|Survey Report,Addon Conditions Not Met,Loss Heavy,0.05,0.9,3000.0,1.08,0.5,Metro,Maharashtra,Chennai,0.82,0.54,0.46,14,False,0.53,0.25,0.08
HDFCERGO,Motor,Motor Trade Internal Risk,Package,Annual,Addon,Personal Belongings,Addon Claim,Addon Trigger,Low,High,60000,800000,Yes,No,Yes,Medium,Medium,High,Invoice|Survey Report,Addon Conditions Not Met,Loss Heavy,0.05,0.9,3000.0,1.08,0.49,Urban,Maharashtra,Delhi,0.54,0.49,0.78,8,False,0.75,0.25,0.08
HDFCERGO,Motor,Motor Trade Internal Risk,Bundled,Annual,Base,Own Damage,Accident / Liability,Policy Defined Event,Medium,Medium,35000,300000,Yes,Yes,Yes,Medium,Low,Medium,Claim Form|FIR|Photos,Policy Breach,Balanced,0.15,0.9,5250.0,1.08,0.32,Urban,Karnataka,Delhi,0.38,0.54,0.59,8,False,0.61,0.25,0.03
HDFCERGO,Motor,Motor Trade Internal Risk,Bundled,Annual,Base,Third Party,Accident / Liability,Policy Defined Event,Medium,Medium,35000,300000,Yes,Yes,Yes,Medium,Low,Medium,Claim Form|FIR|Photos,Policy Breach,Balanced,0.15,0.9,5250.0,1.08,0.31,Metro,Maharashtra,Ahmedabad,0.37,0.73,0.81,11,False,0.79,0.25,0.03
HDFCERGO,Motor,Motor Trade Internal Risk,Bundled,Annual,Base,Personal Accident,Accident / Liability,Policy Defined Event,Medium,Medium,35000,300000,Yes,Yes,Yes,Medium,Low,Medium,Claim Form|FIR|Photos,Policy Breach,Balanced,0.15,0.9,5250.0,1.08,0.43,Urban,Maharashtra,Chennai,0.45,0.68,0.66,11,False,0.69,0.25,0.03
HDFCERGO,Motor,Motor Trade Internal Risk,Bundled,Annual,Addon,Zero Depreciation,Addon Claim,Addon Trigger,Low,High,60000,800000,Yes,No,Yes,Medium,Medium,High,Invoice|Survey Report,Addon Conditions Not Met,Loss Heavy,0.05,0.9,3000.0,1.08,0.63,Rural,Delhi,Delhi,0.4,0.3,0.7,10,False,0.78,0.25,0.08
HDFCERGO,Motor,Motor Trade Internal Risk,Bundled,Annual,Addon,Engine Protect,Addon Claim,Addon Trigger,Low,High,60000,800000,Yes,No,Yes,Medium,Medium,High,Invoice|Survey Report,Addon Conditions Not Met,Loss Heavy,0.05,0.9,3000.0,1.08,0.38,Urban,Karnataka,Delhi,0.69,0.58,0.73,7,False,0.71,0.25,0.08
HDFCERGO,Motor,Motor Trade Internal Risk,Bundled,Annual,Addon,Gearbox Protect,Addon Claim,Addon Trigger,Low,High,60000,800000,Yes,No,Yes,Medium,Medium,High,Invoice|Survey Report,Addon Conditions Not Met,Loss Heavy,0.05,0.9,3000.0,1.08,0.67,Metro,Tamil Nadu,Delhi,0.68,0.49,0.41,8,False,0.8,0.25,0.08
HDFCERGO,Motor,Motor Trade Internal Risk,Bundled,Annual,Addon,Consumables,Addon Claim,Addon Trigger,Low,High,60000,800000,Yes,No,Yes,Medium,Medium,High,Invoice|Survey Report,Addon Conditions Not Met,Loss Heavy,0.05,0.9,3000.0,1.08,0.57,Metro,Tamil Nadu,Bangalore,0.76,0.33,0.88,12,False,0.58,0.25,0.08
HDFCERGO,Motor,Motor Trade Internal Risk,Bundled,Annual,Addon,Tyre Protect,Addon Claim,Addon Trigger,Low,High,60000,800000,Yes,No,Yes,Medium,Medium,High,Invoice|Survey Report,Addon Conditions Not Met,Loss Heavy,0.05,0.9,3000.0,1.08,0.7,Rural,Maharashtra,Mumbai,0.63,0.74,0.87,14,False,0.84,0.25,0.08
HDFCERGO,Motor,Motor Trade Internal Risk,Bundled,Annual,Addon,Roadside Assistance,Addon Claim,Addon Trigger,Low,High,60000,800000,Yes,No,Yes,Medium,Medium,High,Invoice|Survey Report,Addon Conditions Not Met,Loss Heavy,0.05,0.9,3000.0,1.08,0.42,Urban,Delhi,Ahmedabad,0.33,0.47,0.56,13,False,0.73,0.25,0.08
HDFCERGO,Motor,Motor Trade Internal Risk,Bundled,Annual,Addon,NCB Protect,Addon Claim,Addon Trigger,Low,High,60000,800000,Yes,No,Yes,Medium,Medium,High,Invoice|Survey Report,Addon Conditions Not Met,Loss Heavy,0.05,0.9,3000.0,1.08,0.66,Metro,Gujarat,Chennai,0.68,0.43,0.5,7,False,0.8,0.25,0.08
HDFCERGO,Motor,Motor Trade Internal Risk,Bundled,Annual,Addon,Return to Invoice,Addon Claim,Addon Trigger,Low,High,60000,800000,Yes,No,Yes,Medium,Medium,High,Invoice|Survey Report,Addon Conditions Not Met,Loss Heavy,0.05,0.9,3000.0,1.08,0.3,Metro,Maharashtra,Chennai,0.6,0.43,0.6,10,False,0.58,0.25,0.08
HDFCERGO,Motor,Motor Trade Internal Risk,Bundled,Annual,Addon,Invoice Cover,Addon Claim,Addon Trigger,Low,High,60000,800000,Yes,No,Yes,Medium,Medium,High,Invoice|Survey Report,Addon Conditions Not Met,Loss Heavy,0.05,0.9,3000.0,1.08,0.48,Rural,Tamil Nadu,Chennai,0.45,0.24,0.54,8,False,0.61,0.25,0.08
HDFCERGO,Motor,Motor Trade Internal Risk,Bundled,Annual,Addon,PAYD Benefit,Addon Claim,Addon Trigger,Low,High,60000,800000,Yes,No,Yes,Medium,Medium,High,Invoice|Survey Report,Addon Conditions Not Met,Loss Heavy,0.05,0.9,3000.0,1.08,0.35,Metro,Maharashtra,Delhi,0.62,0.46,0.49,7,False,0.62,0.25,0.08
HDFCERGO,Motor,Motor Trade Internal Risk,Bundled,Annual,Addon,EV Addon,Addon Claim,Addon Trigger,Low,High,60000,800000,Yes,No,Yes,Medium,Medium,High,Invoice|Survey Report,Addon Conditions Not Met,Loss Heavy,0.05,0.9,3000.0,1.08,0.44,Metro,Delhi,Chennai,0.86,0.72,0.54,14,False,0.84,0.25,0.08
HDFCERGO,Motor,Motor Trade Internal Risk,Bundled,Annual,Addon,EMI Protector,Addon Claim,Addon Trigger,Low,High,60000,800000,Yes,No,Yes,Medium,Medium,High,Invoice|Survey Report,Addon Conditions Not Met,Loss Heavy,0.05,0.9,3000.0,1.08,0.36,Metro,Maharashtra,Bangalore,0.32,0.65,0.46,11,False,0.61,0.25,0.08
HDFCERGO,Motor,Motor Trade Internal Risk,Bundled,Annual,Addon,Loss of Use,Addon Claim,Addon Trigger,Low,High,60000,800000,Yes,No,Yes,Medium,Medium,High,Invoice|Survey Report,Addon Conditions Not Met,Loss Heavy,0.05,0.9,3000.0,1.08,0.36,Rural,Gujarat,Ahmedabad,0.54,0.44,0.36,12,False,0.6,0.25,0.08
HDFCERGO,Motor,Motor Trade Internal Risk,Bundled,Annual,Addon,Key Protect,Addon Claim,Addon Trigger,Low,High,60000,800000,Yes,No,Yes,Medium,Medium,High,Invoice|Survey Report,Addon Conditions Not Met,Loss Heavy,0.05,0.9,3000.0,1.08,0.35,Metro,Maharashtra,Bangalore,0.66,0.34,0.87,11,False,0.61,0.25,0.08
HDFCERGO,Motor,Motor Trade Internal Risk,Bundled,Annual,Addon,Personal Belongings,Addon Claim,Addon Trigger,Low,High,60000,800000,Yes,No,Yes,Medium,Medium,High,Invoice|Survey Report,Addon Conditions Not Met,Loss Heavy,0.05,0.9,3000.0,1.08,0.32,Rural,Delhi,Ahmedabad,0.48,0.54,0.48,14,False,0.82,0.25,0.08
HDFCERGO,Motor,Motor Trade Internal Risk,Standalone Own Damage,Annual,Base,Own Damage,Accident / Liability,Policy Defined Event,Medium,Medium,35000,300000,Yes,Yes,Yes,Medium,Low,Medium,Claim Form|FIR|Photos,Policy Breach,Balanced,0.15,0.9,5250.0,1.08,0.42,Urban,Delhi,Delhi,0.63,0.43,0.84,8,False,0.51,0.25,0.03
HDFCERGO,Motor,Motor Trade Internal Risk,Standalone Own Damage,Annual,Base,Personal Accident,Accident / Liability,Policy Defined Event,Medium,Medium,35000,300000,Yes,Yes,Yes,Medium,Low,Medium,Claim Form|FIR|Photos,Policy Breach,Balanced,0.15,0.9,5250.0,1.08,0.56,Metro,Karnataka,Mumbai,0.56,0.31,0.38,10,False,0.84,0.25,0.03
HDFCERGO,Motor,Motor Trade Internal Risk,Standalone Own Damage,Annual,Addon,Zero Depreciation,Addon Claim,Addon Trigger,Low,High,60000,800000,Yes,No,Yes,Medium,Medium,High,Invoice|Survey Report,Addon Conditions Not Met,Loss Heavy,0.05,0.9,3000.0,1.08,0.64,Metro,Delhi,Bangalore,0.35,0.74,0.53,13,False,0.59,0.25,0.08
HDFCERGO,Motor,Motor Trade Internal Risk,Standalone Own Damage,Annual,Addon,Engine Protect,Addon Claim,Addon Trigger,Low,High,60000,800000,Yes,No,Yes,Medium,Medium,High,Invoice|Survey Report,Addon Conditions Not Met,Loss Heavy,0.05,0.9,3000.0,1.08,0.53,Rural,Tamil Nadu,Delhi,0.86,0.8,0.48,7,False,0.83,0.25,0.08
HDFCERGO,Motor,Motor Trade Internal Risk,Standalone Own Damage,Annual,Addon,Gearbox Protect,Addon Claim,Addon Trigger,Low,High,60000,800000,Yes,No,Yes,Medium,Medium,High,Invoice|Survey Report,Addon Conditions Not Met,Loss Heavy,0.05,0.9,3000.0,1.08,0.25,Rural,Tamil Nadu,Delhi,0.53,0.47,0.44,12,False,0.78,0.25,0.08
HDFCERGO,Motor,Motor Trade Internal Risk,Standalone Own Damage,Annual,Addon,Consumables,Addon Claim,Addon Trigger,Low,High,60000,800000,Yes,No,Yes,Medium,Medium,High,Invoice|Survey Report,Addon Conditions Not Met,Loss Heavy,0.05,0.9,3000.0,1.08,0.23,Urban,Gujarat,Bangalore,0.58,0.26,0.74,11,False,0.81,0.25,0.08
HDFCERGO,Motor,Motor Trade Internal Risk,Standalone Own Damage,Annual,Addon,Tyre Protect,Addon Claim,Addon Trigger,Low,High,60000,800000,Yes,No,Yes,Medium,Medium,High,Invoice|Survey Report,Addon Conditions Not Met,Loss Heavy,0.05,0.9,3000.0,1.08,0.61,Urban,Delhi,Chennai,0.69,0.48,0.5,12,False,0.59,0.25,0.08
HDFCERGO,Motor,Motor Trade Internal Risk,Standalone Own Damage,Annual,Addon,Roadside Assistance,Addon Claim,Addon Trigger,Low,High,60000,800000,Yes,No,Yes,Medium,Medium,High,Invoice|Survey Report,Addon Conditions Not Met,Loss Heavy,0.05,0.9,3000.0,1.08,0.27,Rural,Delhi,Delhi,0.74,0.53,0.36,7,False,0.73,0.25,0.08
HDFCERGO,Motor,Motor Trade Internal Risk,Standalone Own Damage,Annual,Addon,NCB Protect,Addon Claim,Addon Trigger,Low,High,60000,800000,Yes,No,Yes,Medium,Medium,High,Invoice|Survey Report,Addon Conditions Not Met,Loss Heavy,0.05,0.9,3000.0,1.08,0.37,Metro,Karnataka,Ahmedabad,0.47,0.65,0.3,14,False,0.63,0.25,0.08
HDFCERGO,Motor,Motor Trade Internal Risk,Standalone Own Damage,Annual,Addon,Return to Invoice,Addon Claim,Addon Trigger,Low,High,60000,800000,Yes,No,Yes,Medium,Medium,High,Invoice|Survey Report,Addon Conditions Not Met,Loss Heavy,0.05,0.9,3000.0,1.08,0.67,Urban,Tamil Nadu,Ahmedabad,0.5,0.79,0.83,8,False,0.69,0.25,0.08
HDFCERGO,Motor,Motor Trade Internal Risk,Standalone Own Damage,Annual,Addon,Invoice Cover,Addon Claim,Addon Trigger,Low,High,60000,800000,Yes,No,Yes,Medium,Medium,High,Invoice|Survey Report,Addon Conditions Not Met,Loss Heavy,0.05,0.9,3000.0,1.08,0.35,Urban,Maharashtra,Mumbai,0.77,0.35,0.45,9,False,0.54,0.25,0.08
HDFCERGO,Motor,Motor Trade Internal Risk,Standalone Own Damage,Annual,Addon,PAYD Benefit,Addon Claim,Addon Trigger,Low,High,60000,800000,Yes,No,Yes,Medium,Medium,High,Invoice|Survey Report,Addon Conditions Not Met,Loss Heavy,0.05,0.9,3000.0,1.08,0.34,Metro,Karnataka,Bangalore,0.64,0.27,0.33,13,False,0.81,0.25,0.08
HDFCERGO,Motor,Motor Trade Internal Risk,Standalone Own Damage,Annual,Addon,EV Addon,Addon Claim,Addon Trigger,Low,High,60000,800000,Yes,No,Yes,Medium,Medium,High,Invoice|Survey Report,Addon Conditions Not Met,Loss Heavy,0.05,0.9,3000.0,1.08,0.61,Urban,Karnataka,Mumbai,0.46,0.6,0.48,7,False,0.71,0.25,0.08
HDFCERGO,Motor,Motor Trade Internal Risk,Standalone Own Damage,Annual,Addon,EMI Protector,Addon Claim,Addon Trigger,Low,High,60000,800000,Yes,No,Yes,Medium,Medium,High,Invoice|Survey Report,Addon Conditions Not Met,Loss Heavy,0.05,0.9,3000.0,1.08,0.24,Urban,Gujarat,Ahmedabad,0.58,0.25,0.78,7,False,0.54,0.25,0.08
HDFCERGO,Motor,Motor Trade Internal Risk,Standalone Own Damage,Annual,Addon,Loss of Use,Addon Claim,Addon Trigger,Low,High,60000,800000,Yes,No,Yes,Medium,Medium,High,Invoice|Survey Report,Addon Conditions Not Met,Loss Heavy,0.05,0.9,3000.0,1.08,0.27,Rural,Tamil Nadu,Chennai,0.86,0.25,0.61,9,False,0.52,0.25,0.08
HDFCERGO,Motor,Motor Trade Internal Risk,Standalone Own Damage,Annual,Addon,Key Protect,Addon Claim,Addon Trigger,Low,High,60000,800000,Yes,No,Yes,Medium,Medium,High,Invoice|Survey Report,Addon Conditions Not Met,Loss Heavy,0.05,0.9,3000.0,1.08,0.21,Rural,Karnataka,Bangalore,0.35,0.46,0.5,10,False,0.51,0.25,0.08
HDFCERGO,Motor,Motor Trade Internal Risk,Standalone Own Damage,Annual,Addon,Personal Belongings,Addon Claim,Addon Trigger,Low,High,60000,800000,Yes,No,Yes,Medium,Medium,High,Invoice|Survey Report,Addon Conditions Not Met,Loss Heavy,0.05,0.9,3000.0,1.08,0.53,Metro,Maharashtra,Mumbai,0.76,0.35,0.32,14,False,0.68,0.25,0.08
HDFCERGO,Motor,Motor Trade Internal Risk,Liability Only,Annual,Base,Third Party,Accident / Liability,Policy Defined Event,Medium,Medium,35000,300000,Yes,Yes,Yes,Medium,Low,Medium,Claim Form|FIR|Photos,Policy Breach,Balanced,0.15,0.9,5250.0,1.08,0.33,Metro,Tamil Nadu,Ahmedabad,0.38,0.71,0.43,11,False,0.69,0.25,0.03
HDFCERGO,Motor,Motor Trade Internal Risk,Liability Only,Annual,Base,Personal Accident,Accident / Liability,Policy Defined Event,Medium,Medium,35000,300000,Yes,Yes,Yes,Medium,Low,Medium,Claim Form|FIR|Photos,Policy Breach,Balanced,0.15,0.9,5250.0,1.08,0.23,Rural,Maharashtra,Delhi,0.86,0.4,0.73,8,False,0.78,0.25,0.03
HDFCERGO,Motor,Motor Trade Internal Risk,Long Term Package,Annual,Base,Own Damage,Accident / Liability,Policy Defined Event,Medium,Medium,35000,300000,Yes,Yes,Yes,Medium,Low,Medium,Claim Form|FIR|Photos,Policy Breach,Balanced,0.15,0.9,5250.0,1.08,0.59,Metro,Maharashtra,Delhi,0.33,0.33,0.4,12,False,0.79,0.25,0.03
HDFCERGO,Motor,Motor Trade Internal Risk,Long Term Package,Annual,Base,Third Party,Accident / Liability,Policy Defined Event,Medium,Medium,35000,300000,Yes,Yes,Yes,Medium,Low,Medium,Claim Form|FIR|Photos,Policy Breach,Balanced,0.15,0.9,5250.0,1.08,0.33,Metro,Delhi,Bangalore,0.63,0.56,0.35,11,False,0.59,0.25,0.03
HDFCERGO,Motor,Motor Trade Internal Risk,Long Term Package,Annual,Base,Personal Accident,Accident / Liability,Policy Defined Event,Medium,Medium,35000,300000,Yes,Yes,Yes,Medium,Low,Medium,Claim Form|FIR|Photos,Policy Breach,Balanced,0.15,0.9,5250.0,1.08,0.64,Rural,Karnataka,Delhi,0.63,0.37,0.34,9,False,0.82,0.25,0.03
HDFCERGO,Motor,Motor Trade Internal Risk,Long Term Package,Annual,Addon,Zero Depreciation,Addon Claim,Addon Trigger,Low,High,60000,800000,Yes,No,Yes,Medium,Medium,High,Invoice|Survey Report,Addon Conditions Not Met,Loss Heavy,0.05,0.9,3000.0,1.08,0.66,Rural,Delhi,Chennai,0.66,0.74,0.39,9,False,0.62,0.25,0.08
HDFCERGO,Motor,Motor Trade Internal Risk,Long Term Package,Annual,Addon,Engine Protect,Addon Claim,Addon Trigger,Low,High,60000,800000,Yes,No,Yes,Medium,Medium,High,Invoice|Survey Report,Addon Conditions Not Met,Loss Heavy,0.05,0.9,3000.0,1.08,0.3,Rural,Maharashtra,Chennai,0.64,0.32,0.78,7,False,0.54,0.25,0.08
HDFCERGO,Motor,Motor Trade Internal Risk,Long Term Package,Annual,Addon,Gearbox Protect,Addon Claim,Addon Trigger,Low,High,60000,800000,Yes,No,Yes,Medium,Medium,High,Invoice|Survey Report,Addon Conditions Not Met,Loss Heavy,0.05,0.9,3000.0,1.08,0.64,Metro,Tamil Nadu,Mumbai,0.72,0.79,0.66,11,False,0.69,0.25,0.08
HDFCERGO,Motor,Motor Trade Internal Risk,Long Term Package,Annual,Addon,Consumables,Addon Claim,Addon Trigger,Low,High,60000,800000,Yes,No,Yes,Medium,Medium,High,Invoice|Survey Report,Addon Conditions Not Met,Loss Heavy,0.05,0.9,3000.0,1.08,0.38,Urban,Tamil Nadu,Delhi,0.64,0.79,0.31,12,False,0.64,0.25,0.08
HDFCERGO,Motor,Motor Trade Internal Risk,Long Term Package,Annual,Addon,Tyre Protect,Addon Claim,Addon Trigger,Low,High,60000,800000,Yes,No,Yes,Medium,Medium,High,Invoice|Survey Report,Addon Conditions Not Met,Loss Heavy,0.05,0.9,3000.0,1.08,0.46,Rural,Maharashtra,Mumbai,0.85,0.61,0.83,10,False,0.78,0.25,0.08
HDFCERGO,Motor,Motor Trade Internal Risk,Long Term Package,Annual,Addon,Roadside Assistance,Addon Claim,Addon Trigger,Low,High,60000,800000,Yes,No,Yes,Medium,Medium,High,Invoice|Survey Report,Addon Conditions Not Met,Loss Heavy,0.05,0.9,3000.0,1.08,0.26,Rural,Delhi,Mumbai,0.32,0.44,0.73,7,False,0.56,0.25,0.08
HDFCERGO,Motor,Motor Trade Internal Risk,Long Term Package,Annual,Addon,NCB Protect,Addon Claim,Addon Trigger,Low,High,60000,800000,Yes,No,Yes,Medium,Medium,High,Invoice|Survey Report,Addon Conditions Not Met,Loss Heavy,0.05,0.9,3000.0,1.08,0.24,Urban,Gujarat,Chennai,0.62,0.52,0.44,7,False,0.52,0.25,0.08
HDFCERGO,Motor,Motor Trade Internal Risk,Long Term Package,Annual,Addon,Return to Invoice,Addon Claim,Addon Trigger,Low,High,60000,800000,Yes,No,Yes,Medium,Medium,High,Invoice|Survey Report,Addon Conditions Not Met,Loss Heavy,0.05,0.9,3000.0,1.08,0.26,Metro,Karnataka,Chennai,0.39,0.49,0.52,11,False,0.71,0.25,0.08
HDFCERGO,Motor,Motor Trade Internal Risk,Long Term Package,Annual,Addon,Invoice Cover,Addon Claim,Addon Trigger,Low,High,60000,800000,Yes,No,Yes,Medium,Medium,High,Invoice|Survey Report,Addon Conditions Not Met,Loss Heavy,0.05,0.9,3000.0,1.08,0.45,Rural,Delhi,Chennai,0.59,0.49,0.77,9,False,0.58,0.25,0.08
HDFCERGO,Motor,Motor Trade Internal Risk,Long Term Package,Annual,Addon,PAYD Benefit,Addon Claim,Addon Trigger,Low,High,60000,800000,Yes,No,Yes,Medium,Medium,High,Invoice|Survey Report,Addon Conditions Not Met,Loss Heavy,0.05,0.9,3000.0,1.08,0.61,Rural,Delhi,Chennai,0.75,0.73,0.79,7,False,0.51,0.25,0.08
HDFCERGO,Motor,Motor Trade Internal Risk,Long Term Package,Annual,Addon,EV Addon,Addon Claim,Addon Trigger,Low,High,60000,800000,Yes,No,Yes,Medium,Medium,High,Invoice|Survey Report,Addon Conditions Not Met,Loss Heavy,0.05,0.9,3000.0,1.08,0.53,Urban,Karnataka,Bangalore,0.76,0.75,0.57,13,False,0.52,0.25,0.08
HDFCERGO,Motor,Motor Trade Internal Risk,Long Term Package,Annual,Addon,EMI Protector,Addon Claim,Addon Trigger,Low,High,60000,800000,Yes,No,Yes,Medium,Medium,High,Invoice|Survey Report,Addon Conditions Not Met,Loss Heavy,0.05,0.9,3000.0,1.08,0.53,Metro,Maharashtra,Mumbai,0.65,0.58,0.4,8,False,0.74,0.25,0.08
HDFCERGO,Motor,Motor Trade Internal Risk,Long Term Package,Annual,Addon,Loss of Use,Addon Claim,Addon Trigger,Low,High,60000,800000,Yes,No,Yes,Medium,Medium,High,Invoice|Survey Report,Addon Conditions Not Met,Loss Heavy,0.05,0.9,3000.0,1.08,0.55,Metro,Karnataka,Bangalore,0.85,0.38,0.69,8,False,0.79,0.25,0.08
HDFCERGO,Motor,Motor Trade Internal Risk,Long Term Package,Annual,Addon,Key Protect,Addon Claim,Addon Trigger,Low,High,60000,800000,Yes,No,Yes,Medium,Medium,High,Invoice|Survey Report,Addon Conditions Not Met,Loss Heavy,0.05,0.9,3000.0,1.08,0.26,Urban,Delhi,Delhi,0.77,0.3,0.82,8,False,0.59,0.25,0.08
HDFCERGO,Motor,Motor Trade Internal Risk,Long Term Package,Annual,Addon,Personal Belongings,Addon Claim,Addon Trigger,Low,High,60000,800000,Yes,No,Yes,Medium,Medium,High,Invoice|Survey Report,Addon Conditions Not Met,Loss Heavy,0.05,0.9,3000.0,1.08,0.41,Urban,Karnataka,Ahmedabad,0.71,0.35,0.85,8,False,0.6,0.25,0.08
